customer_id,order_date,previous_order_date,days_gap,avg_days_gap,risk_flag
C0001,2024-09-19 17:44:37,,,359.7,At Risk
C0001,2025-09-14 11:19:18,2024-09-19 17:44:37,359.7,359.7,At Risk
C0003,2024-10-04 00:21:26,,,211.2,At Risk
C0003,2025-03-23 03:21:28,2024-10-04 00:21:26,170.1,211.2,At Risk
C0003,2026-05-01 07:30:45,2025-03-23 03:21:28,404.2,211.2,At Risk
C0003,2026-06-29 11:32:37,2026-05-01 07:30:45,59.2,211.2,At Risk
C0004,2025-10-15 04:52:41,,,,Active
C0005,2025-10-22 23:37:26,,,67.0,At Risk
C0005,2025-11-01 15:37:31,2025-10-22 23:37:26,9.7,67.0,At Risk
C0005,2025-11-25 07:49:03,2025-11-01 15:37:31,23.7,67.0,At Risk
C0005,2026-05-11 23:21:14,2025-11-25 07:49:03,167.6,67.0,At Risk
C0006,2025-03-14 18:08:13,,,22.3,Active
C0006,2025-04-06 00:39:29,2025-03-14 18:08:13,22.3,22.3,Active
C0007,2025-11-22 19:24:06,,,,Active
C0008,2025-09-22 21:33:16,,,,Active
C0009,2025-02-22 01:14:55,,,94.0,At Risk
C0009,2025-04-16 19:22:32,2025-02-22 01:14:55,53.8,94.0,At Risk
C0009,2025-07-29 00:25:18,2025-04-16 19:22:32,103.2,94.0,At Risk
C0009,2025-12-01 02:15:56,2025-07-29 00:25:18,125.1,94.0,At Risk
C0010,2025-12-05 12:09:22,,,69.7,At Risk
C0010,2026-03-07 21:37:30,2025-12-05 12:09:22,92.4,69.7,At Risk
C0010,2026-04-23 18:24:26,2026-03-07 21:37:30,46.9,69.7,At Risk
C0011,2025-10-06 08:02:51,,,59.7,At Risk
C0011,2025-12-31 15:48:49,2025-10-06 08:02:51,86.3,59.7,At Risk
C0011,2026-01-18 02:17:36,2025-12-31 15:48:49,17.4,59.7,At Risk
C0011,2026-04-03 08:36:40,2026-01-18 02:17:36,75.3,59.7,At Risk
C0012,2025-09-03 22:26:19,,,62.4,At Risk
C0012,2025-11-05 08:30:43,2025-09-03 22:26:19,62.4,62.4,At Risk
C0013,2026-02-02 08:00:30,,,33.2,At Risk
C0013,2026-03-10 20:21:16,2026-02-02 08:00:30,36.5,33.2,At Risk
C0013,2026-03-15 23:41:26,2026-03-10 20:21:16,5.1,33.2,At Risk
C0013,2026-04-10 03:44:18,2026-03-15 23:41:26,25.2,33.2,At Risk
C0013,2026-06-15 02:51:33,2026-04-10 03:44:18,66.0,33.2,At Risk
C0014,2026-05-12 16:08:56,,,9.9,Active
C0014,2026-05-22 14:50:34,2026-05-12 16:08:56,9.9,9.9,Active
C0015,2026-05-24 20:12:15,,,,Active
C0016,2025-08-21 18:40:35,,,72.1,At Risk
C0016,2025-09-09 23:49:23,2025-08-21 18:40:35,19.2,72.1,At Risk
C0016,2026-03-11 08:25:24,2025-09-09 23:49:23,182.4,72.1,At Risk
C0016,2026-05-21 08:59:23,2026-03-11 08:25:24,71.0,72.1,At Risk
C0016,2026-06-06 06:47:07,2026-05-21 08:59:23,15.9,72.1,At Risk
C0017,2025-12-27 09:15:46,,,87.4,At Risk
C0017,2026-01-26 05:57:20,2025-12-27 09:15:46,29.9,87.4,At Risk
C0017,2026-06-20 02:51:57,2026-01-26 05:57:20,144.9,87.4,At Risk
C0019,2024-12-10 12:59:50,,,,Active
C0020,2024-11-26 10:14:27,,,293.1,At Risk
C0020,2025-09-15 13:49:34,2024-11-26 10:14:27,293.1,293.1,At Risk
C0021,2026-05-17 06:48:11,,,25.6,Active
C0021,2026-06-11 21:41:44,2026-05-17 06:48:11,25.6,25.6,Active
C0022,2024-10-06 23:06:50,,,547.8,At Risk
C0022,2026-04-07 19:16:18,2024-10-06 23:06:50,547.8,547.8,At Risk
C0023,2025-10-26 18:19:15,,,167.9,At Risk
C0023,2026-04-12 16:43:59,2025-10-26 18:19:15,167.9,167.9,At Risk
C0024,2025-05-21 02:54:46,,,115.7,At Risk
C0024,2025-11-04 01:14:58,2025-05-21 02:54:46,166.9,115.7,At Risk
C0024,2026-01-07 11:48:24,2025-11-04 01:14:58,64.4,115.7,At Risk
C0025,2025-06-18 09:54:35,,,96.1,At Risk
C0025,2026-03-27 06:50:49,2025-06-18 09:54:35,281.9,96.1,At Risk
C0025,2026-03-30 16:34:43,2026-03-27 06:50:49,3.4,96.1,At Risk
C0025,2026-05-23 00:48:07,2026-03-30 16:34:43,53.3,96.1,At Risk
C0025,2026-07-08 01:44:41,2026-05-23 00:48:07,46.0,96.1,At Risk
C0026,2025-07-15 22:55:27,,,123.5,At Risk
C0026,2025-10-13 11:06:52,2025-07-15 22:55:27,89.5,123.5,At Risk
C0026,2026-03-20 00:54:28,2025-10-13 11:06:52,157.6,123.5,At Risk
C0027,2025-12-11 06:40:46,,,13.5,Active
C0027,2025-12-24 19:23:11,2025-12-11 06:40:46,13.5,13.5,Active
C0028,2025-06-17 12:19:12,,,323.1,At Risk
C0028,2026-05-06 13:41:47,2025-06-17 12:19:12,323.1,323.1,At Risk
C0029,2026-03-11 12:17:25,,,26.8,Active
C0029,2026-04-27 04:48:20,2026-03-11 12:17:25,46.7,26.8,Active
C0029,2026-04-27 14:08:37,2026-04-27 04:48:20,0.4,26.8,Active
C0029,2026-06-09 14:19:40,2026-04-27 14:08:37,43.0,26.8,Active
C0029,2026-06-26 15:16:35,2026-06-09 14:19:40,17.0,26.8,Active
C0030,2024-09-26 12:14:56,,,199.8,At Risk
C0030,2024-10-18 16:55:55,2024-09-26 12:14:56,22.2,199.8,At Risk
C0030,2026-04-25 06:24:05,2024-10-18 16:55:55,553.6,199.8,At Risk
C0030,2026-05-18 23:34:40,2026-04-25 06:24:05,23.7,199.8,At Risk
C0031,2026-03-13 12:27:31,,,35.0,At Risk
C0031,2026-04-08 21:07:56,2026-03-13 12:27:31,26.4,35.0,At Risk
C0031,2026-05-22 10:06:01,2026-04-08 21:07:56,43.5,35.0,At Risk
C0032,2025-07-29 10:15:33,,,,Active
C0033,2025-12-05 17:24:22,,,24.9,Active
C0033,2025-12-30 15:45:15,2025-12-05 17:24:22,24.9,24.9,Active
C0034,2026-03-14 14:19:30,,,,Active
C0035,2025-01-29 20:24:39,,,,Active
C0036,2025-07-09 11:09:58,,,,Active
C0037,2026-06-18 16:28:43,,,,Active
C0038,2025-05-04 21:58:31,,,304.5,At Risk
C0038,2026-03-05 10:29:11,2025-05-04 21:58:31,304.5,304.5,At Risk
C0039,2025-12-05 01:15:35,,,72.0,At Risk
C0039,2026-03-31 15:34:22,2025-12-05 01:15:35,116.6,72.0,At Risk
C0039,2026-04-27 23:59:12,2026-03-31 15:34:22,27.4,72.0,At Risk
C0040,2025-05-04 10:06:41,,,116.7,At Risk
C0040,2025-08-29 02:39:48,2025-05-04 10:06:41,116.7,116.7,At Risk
C0041,2025-05-20 09:14:19,,,82.2,At Risk
C0041,2025-09-03 16:33:53,2025-05-20 09:14:19,106.3,82.2,At Risk
C0041,2026-06-01 19:17:39,2025-09-03 16:33:53,271.1,82.2,At Risk
C0041,2026-06-08 17:22:39,2026-06-01 19:17:39,6.9,82.2,At Risk
C0041,2026-07-05 03:40:46,2026-06-08 17:22:39,26.4,82.2,At Risk
C0041,2026-07-05 09:41:03,2026-07-05 03:40:46,0.3,82.2,At Risk
C0042,2026-02-13 22:31:24,,,31.5,At Risk
C0042,2026-04-10 17:22:42,2026-02-13 22:31:24,55.8,31.5,At Risk
C0042,2026-04-18 01:16:44,2026-04-10 17:22:42,7.3,31.5,At Risk
C0043,2025-03-03 22:20:00,,,204.9,At Risk
C0043,2025-09-24 21:03:37,2025-03-03 22:20:00,204.9,204.9,At Risk
C0044,2025-06-03 12:14:52,,,122.3,At Risk
C0044,2026-01-11 14:34:33,2025-06-03 12:14:52,222.1,122.3,At Risk
C0044,2026-03-29 08:03:38,2026-01-11 14:34:33,76.7,122.3,At Risk
C0044,2026-06-05 07:20:20,2026-03-29 08:03:38,68.0,122.3,At Risk
C0045,2024-07-24 01:22:45,,,74.4,At Risk
C0045,2024-08-21 10:56:25,2024-07-24 01:22:45,28.4,74.4,At Risk
C0045,2024-08-22 07:08:44,2024-08-21 10:56:25,0.8,74.4,At Risk
C0045,2024-09-20 02:33:01,2024-08-22 07:08:44,28.8,74.4,At Risk
C0045,2025-01-15 10:03:05,2024-09-20 02:33:01,117.3,74.4,At Risk
C0045,2025-02-16 05:55:46,2025-01-15 10:03:05,31.8,74.4,At Risk
C0045,2025-10-13 12:48:56,2025-02-16 05:55:46,239.3,74.4,At Risk
C0046,2025-06-26 07:41:50,,,86.5,At Risk
C0046,2025-09-16 08:33:41,2025-06-26 07:41:50,82.0,86.5,At Risk
C0046,2026-02-06 08:09:54,2025-09-16 08:33:41,143.0,86.5,At Risk
C0046,2026-03-12 23:25:35,2026-02-06 08:09:54,34.6,86.5,At Risk
C0047,2026-02-04 07:55:26,,,73.7,At Risk
C0047,2026-02-26 21:01:10,2026-02-04 07:55:26,22.5,73.7,At Risk
C0047,2026-07-01 19:29:31,2026-02-26 21:01:10,124.9,73.7,At Risk
C0048,2026-06-22 11:33:26,,,12.6,Active
C0048,2026-07-05 02:06:38,2026-06-22 11:33:26,12.6,12.6,Active
C0049,2026-02-23 12:29:40,,,,Active
C0050,2025-02-11 03:18:40,,,236.2,At Risk
C0050,2025-10-05 07:32:49,2025-02-11 03:18:40,236.2,236.2,At Risk
C0051,2025-10-31 06:54:23,,,55.2,At Risk
C0051,2025-11-29 18:50:00,2025-10-31 06:54:23,29.5,55.2,At Risk
C0051,2026-02-21 17:54:58,2025-11-29 18:50:00,84.0,55.2,At Risk
C0051,2026-04-14 18:17:19,2026-02-21 17:54:58,52.0,55.2,At Risk
C0053,2025-07-31 04:33:58,,,147.7,At Risk
C0053,2025-12-25 21:55:57,2025-07-31 04:33:58,147.7,147.7,At Risk
C0054,2025-06-26 04:17:52,,,98.9,At Risk
C0054,2025-10-03 01:38:49,2025-06-26 04:17:52,98.9,98.9,At Risk
C0055,2024-11-24 17:43:23,,,373.9,At Risk
C0055,2025-12-03 14:26:36,2024-11-24 17:43:23,373.9,373.9,At Risk
C0056,2024-07-11 01:41:22,,,104.7,At Risk
C0056,2025-02-22 17:34:27,2024-07-11 01:41:22,226.7,104.7,At Risk
C0056,2025-05-24 19:47:23,2025-02-22 17:34:27,91.1,104.7,At Risk
C0056,2025-08-13 08:25:08,2025-05-24 19:47:23,80.5,104.7,At Risk
C0056,2025-11-11 20:36:52,2025-08-13 08:25:08,90.5,104.7,At Risk
C0056,2025-11-13 21:04:38,2025-11-11 20:36:52,2.0,104.7,At Risk
C0056,2026-03-31 04:21:50,2025-11-13 21:04:38,137.3,104.7,At Risk
C0057,2025-02-20 03:49:41,,,,Active
C0058,2025-06-27 14:27:34,,,173.8,At Risk
C0058,2025-07-30 00:48:09,2025-06-27 14:27:34,32.4,173.8,At Risk
C0058,2026-06-10 04:04:01,2025-07-30 00:48:09,315.1,173.8,At Risk
C0059,2026-06-03 01:09:09,,,11.5,Active
C0059,2026-06-14 12:56:37,2026-06-03 01:09:09,11.5,11.5,Active
C0060,2025-05-09 21:32:28,,,135.2,At Risk
C0060,2025-08-26 18:50:08,2025-05-09 21:32:28,108.9,135.2,At Risk
C0060,2026-02-15 08:50:03,2025-08-26 18:50:08,172.6,135.2,At Risk
C0060,2026-06-19 14:01:05,2026-02-15 08:50:03,124.2,135.2,At Risk
C0061,2025-03-30 00:29:09,,,,Active
C0062,2025-09-02 13:54:59,,,17.4,Active
C0062,2025-09-19 22:50:26,2025-09-02 13:54:59,17.4,17.4,Active
C0063,2025-01-23 16:06:16,,,223.2,At Risk
C0063,2026-03-10 00:30:35,2025-01-23 16:06:16,410.4,223.2,At Risk
C0063,2026-04-15 01:35:42,2026-03-10 00:30:35,36.0,223.2,At Risk
C0064,2024-11-16 09:16:47,,,,Active
C0065,2025-11-03 13:23:46,,,72.9,At Risk
C0065,2025-12-11 21:25:46,2025-11-03 13:23:46,38.3,72.9,At Risk
C0065,2026-01-12 16:45:08,2025-12-11 21:25:46,31.8,72.9,At Risk
C0065,2026-06-10 10:15:44,2026-01-12 16:45:08,148.7,72.9,At Risk
C0066,2026-02-24 09:36:09,,,80.8,At Risk
C0066,2026-05-16 04:54:00,2026-02-24 09:36:09,80.8,80.8,At Risk
C0067,2025-11-15 18:07:33,,,58.1,At Risk
C0067,2026-02-19 17:23:55,2025-11-15 18:07:33,96.0,58.1,At Risk
C0067,2026-03-01 05:18:33,2026-02-19 17:23:55,9.5,58.1,At Risk
C0067,2026-06-14 10:05:28,2026-03-01 05:18:33,105.2,58.1,At Risk
C0067,2026-07-06 02:23:22,2026-06-14 10:05:28,21.7,58.1,At Risk
C0068,2025-08-17 13:06:06,,,81.3,At Risk
C0068,2025-11-06 19:52:38,2025-08-17 13:06:06,81.3,81.3,At Risk
C0069,2025-11-05 22:45:54,,,188.6,At Risk
C0069,2026-05-13 14:04:18,2025-11-05 22:45:54,188.6,188.6,At Risk
C0070,2024-09-18 06:58:36,,,200.5,At Risk
C0070,2025-09-30 21:54:27,2024-09-18 06:58:36,377.6,200.5,At Risk
C0070,2026-04-21 02:23:00,2025-09-30 21:54:27,202.2,200.5,At Risk
C0070,2026-05-12 16:54:57,2026-04-21 02:23:00,21.6,200.5,At Risk
C0072,2026-01-08 03:32:43,,,,Active
C0073,2026-04-21 22:39:31,,,,Active
C0074,2026-02-13 21:49:54,,,,Active
C0075,2024-09-13 00:08:13,,,216.2,At Risk
C0075,2025-04-17 04:14:12,2024-09-13 00:08:13,216.2,216.2,At Risk
C0076,2026-05-15 04:28:15,,,13.1,Active
C0076,2026-05-28 07:05:11,2026-05-15 04:28:15,13.1,13.1,Active
C0077,2025-04-16 04:02:33,,,194.8,At Risk
C0077,2025-12-02 12:58:17,2025-04-16 04:02:33,230.4,194.8,At Risk
C0077,2026-05-10 15:40:13,2025-12-02 12:58:17,159.1,194.8,At Risk
C0078,2026-06-09 08:47:40,,,,Active
C0079,2025-11-19 01:31:35,,,206.4,At Risk
C0079,2026-06-13 11:44:56,2025-11-19 01:31:35,206.4,206.4,At Risk
C0081,2025-09-04 15:41:12,,,140.2,At Risk
C0081,2025-10-24 14:08:36,2025-09-04 15:41:12,49.9,140.2,At Risk
C0081,2026-06-12 00:04:09,2025-10-24 14:08:36,230.4,140.2,At Risk
C0082,2025-05-31 07:48:37,,,96.5,At Risk
C0082,2025-09-04 19:53:21,2025-05-31 07:48:37,96.5,96.5,At Risk
C0083,2026-04-17 00:17:54,,,,Active
C0084,2025-03-04 17:24:03,,,211.1,At Risk
C0084,2025-04-12 13:24:56,2025-03-04 17:24:03,38.8,211.1,At Risk
C0084,2026-04-30 20:09:31,2025-04-12 13:24:56,383.3,211.1,At Risk
C0085,2025-01-03 12:07:15,,,164.2,At Risk
C0085,2025-05-13 18:12:36,2025-01-03 12:07:15,130.3,164.2,At Risk
C0085,2025-06-08 20:30:52,2025-05-13 18:12:36,26.1,164.2,At Risk
C0085,2026-05-11 00:12:07,2025-06-08 20:30:52,336.2,164.2,At Risk
C0086,2025-08-05 02:11:09,,,79.1,At Risk
C0086,2025-11-28 19:05:49,2025-08-05 02:11:09,115.7,79.1,At Risk
C0086,2025-12-16 19:36:32,2025-11-28 19:05:49,18.0,79.1,At Risk
C0086,2026-03-06 07:29:29,2025-12-16 19:36:32,79.5,79.1,At Risk
C0086,2026-06-17 15:13:46,2026-03-06 07:29:29,103.3,79.1,At Risk
C0087,2026-02-01 18:26:12,,,,Active
C0088,2025-02-16 11:05:39,,,123.2,At Risk
C0088,2025-03-07 05:35:38,2025-02-16 11:05:39,18.8,123.2,At Risk
C0088,2025-07-10 09:22:13,2025-03-07 05:35:38,125.2,123.2,At Risk
C0088,2026-02-20 23:03:15,2025-07-10 09:22:13,225.6,123.2,At Risk
C0090,2025-02-08 21:26:32,,,79.7,At Risk
C0090,2025-03-06 14:47:49,2025-02-08 21:26:32,25.7,79.7,At Risk
C0090,2025-03-10 12:19:14,2025-03-06 14:47:49,3.9,79.7,At Risk
C0090,2025-10-11 10:41:33,2025-03-10 12:19:14,214.9,79.7,At Risk
C0090,2025-12-24 16:07:53,2025-10-11 10:41:33,74.2,79.7,At Risk
C0091,2024-08-19 18:32:46,,,70.3,At Risk
C0091,2024-11-22 19:04:19,2024-08-19 18:32:46,95.0,70.3,At Risk
C0091,2025-01-07 11:26:34,2024-11-22 19:04:19,45.7,70.3,At Risk
C0092,2025-08-26 23:11:09,,,218.3,At Risk
C0092,2026-04-02 07:24:32,2025-08-26 23:11:09,218.3,218.3,At Risk
C0093,2026-01-14 12:17:19,,,32.2,At Risk
C0093,2026-01-16 05:59:17,2026-01-14 12:17:19,1.7,32.2,At Risk
C0093,2026-04-04 02:19:27,2026-01-16 05:59:17,77.8,32.2,At Risk
C0093,2026-05-04 10:28:07,2026-04-04 02:19:27,30.3,32.2,At Risk
C0093,2026-05-23 10:34:29,2026-05-04 10:28:07,19.0,32.2,At Risk
C0094,2025-11-11 13:15:23,,,172.8,At Risk
C0094,2026-05-03 08:39:14,2025-11-11 13:15:23,172.8,172.8,At Risk
C0095,2026-05-26 06:23:23,,,,Active
C0096,2026-03-27 01:28:58,,,26.1,Active
C0096,2026-04-22 02:48:48,2026-03-27 01:28:58,26.1,26.1,Active
C0098,2026-05-17 07:56:02,,,12.9,Active
C0098,2026-05-24 09:46:44,2026-05-17 07:56:02,7.1,12.9,Active
C0098,2026-06-12 01:13:02,2026-05-24 09:46:44,18.6,12.9,Active
C0099,2025-04-05 13:16:18,,,110.2,At Risk
C0099,2025-07-06 09:33:49,2025-04-05 13:16:18,91.8,110.2,At Risk
C0099,2025-07-13 19:23:21,2025-07-06 09:33:49,7.4,110.2,At Risk
C0099,2026-04-08 09:09:53,2025-07-13 19:23:21,268.6,110.2,At Risk
C0099,2026-06-20 11:20:34,2026-04-08 09:09:53,73.1,110.2,At Risk
C0100,2025-03-13 14:58:22,,,91.9,At Risk
C0100,2025-06-06 22:35:57,2025-03-13 14:58:22,85.3,91.9,At Risk
C0100,2025-12-13 20:42:16,2025-06-06 22:35:57,189.9,91.9,At Risk
C0100,2025-12-14 07:53:49,2025-12-13 20:42:16,0.5,91.9,At Risk
C0101,2026-03-09 05:50:55,,,,Active
C0102,2025-09-15 15:03:00,,,,Active
C0103,2025-12-01 17:40:14,,,170.6,At Risk
C0103,2026-05-21 07:01:47,2025-12-01 17:40:14,170.6,170.6,At Risk
C0104,2026-03-28 07:22:57,,,9.2,Active
C0104,2026-03-28 08:20:57,2026-03-28 07:22:57,0.0,9.2,Active
C0104,2026-04-16 05:09:49,2026-03-28 08:20:57,18.9,9.2,Active
C0104,2026-04-25 00:37:47,2026-04-16 05:09:49,8.8,9.2,Active
C0105,2026-03-23 17:20:58,,,,Active
C0106,2026-02-23 16:19:48,,,,Active
C0107,2026-04-16 13:18:25,,,16.7,Active
C0107,2026-04-28 23:02:06,2026-04-16 13:18:25,12.4,16.7,Active
C0107,2026-05-16 14:43:13,2026-04-28 23:02:06,17.7,16.7,Active
C0107,2026-06-13 12:35:50,2026-05-16 14:43:13,27.9,16.7,Active
C0107,2026-06-14 13:19:47,2026-06-13 12:35:50,1.0,16.7,Active
C0107,2026-07-08 22:38:26,2026-06-14 13:19:47,24.4,16.7,Active
C0109,2025-12-01 16:38:29,,,70.2,At Risk
C0109,2026-01-11 19:00:02,2025-12-01 16:38:29,41.1,70.2,At Risk
C0109,2026-04-21 01:11:07,2026-01-11 19:00:02,99.3,70.2,At Risk
C0110,2025-04-27 17:38:15,,,81.6,At Risk
C0110,2025-09-21 12:17:46,2025-04-27 17:38:15,146.8,81.6,At Risk
C0110,2025-12-12 01:06:45,2025-09-21 12:17:46,81.5,81.6,At Risk
C0110,2026-01-09 01:09:25,2025-12-12 01:06:45,28.0,81.6,At Risk
C0110,2026-03-19 23:57:28,2026-01-09 01:09:25,70.0,81.6,At Risk
C0111,2026-01-03 16:54:41,,,29.4,Active
C0111,2026-01-19 22:34:06,2026-01-03 16:54:41,16.2,29.4,Active
C0111,2026-01-23 17:26:49,2026-01-19 22:34:06,3.8,29.4,Active
C0111,2026-04-01 23:01:35,2026-01-23 17:26:49,68.2,29.4,Active
C0112,2025-04-04 17:58:46,,,191.3,At Risk
C0112,2025-04-20 23:27:53,2025-04-04 17:58:46,16.2,191.3,At Risk
C0112,2026-04-22 07:58:58,2025-04-20 23:27:53,366.4,191.3,At Risk
C0113,2025-01-29 12:37:43,,,173.6,At Risk
C0113,2025-04-22 21:06:48,2025-01-29 12:37:43,83.4,173.6,At Risk
C0113,2025-08-26 04:45:41,2025-04-22 21:06:48,125.3,173.6,At Risk
C0113,2026-07-04 06:17:50,2025-08-26 04:45:41,312.1,173.6,At Risk
C0114,2026-02-10 19:26:47,,,132.1,At Risk
C0114,2026-06-22 22:06:12,2026-02-10 19:26:47,132.1,132.1,At Risk
C0116,2024-10-11 22:11:41,,,209.4,At Risk
C0116,2024-12-31 06:43:19,2024-10-11 22:11:41,80.4,209.4,At Risk
C0116,2025-12-04 18:16:55,2024-12-31 06:43:19,338.5,209.4,At Risk
C0117,2025-04-26 17:14:55,,,309.8,At Risk
C0117,2026-03-02 12:59:16,2025-04-26 17:14:55,309.8,309.8,At Risk
C0118,2025-12-25 02:38:37,,,151.7,At Risk
C0118,2026-05-25 18:57:30,2025-12-25 02:38:37,151.7,151.7,At Risk
C0120,2024-09-09 04:27:54,,,,Active
C0121,2026-04-27 17:43:07,,,23.2,Active
C0121,2026-05-20 21:48:46,2026-04-27 17:43:07,23.2,23.2,Active
C0122,2025-10-23 07:34:23,,,77.1,At Risk
C0122,2026-01-15 12:56:06,2025-10-23 07:34:23,84.2,77.1,At Risk
C0122,2026-03-26 12:53:34,2026-01-15 12:56:06,70.0,77.1,At Risk
C0123,2026-01-14 11:33:25,,,123.2,At Risk
C0123,2026-05-17 17:12:02,2026-01-14 11:33:25,123.2,123.2,At Risk
C0124,2025-03-26 21:01:16,,,136.7,At Risk
C0124,2025-10-12 21:18:47,2025-03-26 21:01:16,200.0,136.7,At Risk
C0124,2025-12-25 04:07:17,2025-10-12 21:18:47,73.3,136.7,At Risk
C0125,2026-03-30 04:49:55,,,77.1,At Risk
C0125,2026-06-15 07:05:46,2026-03-30 04:49:55,77.1,77.1,At Risk
C0126,2024-12-28 21:00:16,,,,Active
C0127,2025-08-19 05:40:19,,,72.9,At Risk
C0127,2025-08-27 05:21:14,2025-08-19 05:40:19,8.0,72.9,At Risk
C0127,2025-12-24 18:32:53,2025-08-27 05:21:14,119.5,72.9,At Risk
C0127,2026-02-16 07:00:38,2025-12-24 18:32:53,53.5,72.9,At Risk
C0127,2026-06-06 20:54:52,2026-02-16 07:00:38,110.6,72.9,At Risk
C0128,2025-01-30 10:28:56,,,147.1,At Risk
C0128,2025-11-19 09:12:50,2025-01-30 10:28:56,292.9,147.1,At Risk
C0128,2025-12-23 03:17:18,2025-11-19 09:12:50,33.8,147.1,At Risk
C0128,2026-04-16 19:57:25,2025-12-23 03:17:18,114.7,147.1,At Risk
C0129,2026-03-18 22:03:01,,,,Active
C0130,2025-10-09 13:46:05,,,180.8,At Risk
C0130,2026-04-08 09:24:53,2025-10-09 13:46:05,180.8,180.8,At Risk
C0131,2025-12-21 01:54:09,,,49.6,At Risk
C0131,2026-02-04 00:21:40,2025-12-21 01:54:09,44.9,49.6,At Risk
C0131,2026-03-07 19:52:31,2026-02-04 00:21:40,31.8,49.6,At Risk
C0131,2026-03-28 00:56:44,2026-03-07 19:52:31,20.2,49.6,At Risk
C0131,2026-07-07 17:16:54,2026-03-28 00:56:44,101.7,49.6,At Risk
C0132,2025-10-23 14:22:45,,,,Active
C0133,2025-08-26 09:02:03,,,84.6,At Risk
C0133,2025-09-08 02:04:54,2025-08-26 09:02:03,12.7,84.6,At Risk
C0133,2026-02-11 15:21:58,2025-09-08 02:04:54,156.6,84.6,At Risk
C0134,2026-01-04 12:39:04,,,77.3,At Risk
C0134,2026-04-30 00:11:11,2026-01-04 12:39:04,115.5,77.3,At Risk
C0134,2026-06-07 23:00:01,2026-04-30 00:11:11,39.0,77.3,At Risk
C0135,2025-05-18 11:58:31,,,132.7,At Risk
C0135,2025-07-16 04:04:58,2025-05-18 11:58:31,58.7,132.7,At Risk
C0135,2026-02-07 21:04:12,2025-07-16 04:04:58,206.7,132.7,At Risk
C0136,2025-01-01 15:09:34,,,108.7,At Risk
C0136,2025-05-04 21:26:52,2025-01-01 15:09:34,123.3,108.7,At Risk
C0136,2025-08-31 16:27:37,2025-05-04 21:26:52,118.8,108.7,At Risk
C0136,2025-10-27 02:13:40,2025-08-31 16:27:37,56.4,108.7,At Risk
C0136,2026-06-07 19:48:01,2025-10-27 02:13:40,223.7,108.7,At Risk
C0136,2026-06-29 02:31:05,2026-06-07 19:48:01,21.3,108.7,At Risk
C0137,2025-06-08 13:27:45,,,124.5,At Risk
C0137,2025-10-11 01:16:15,2025-06-08 13:27:45,124.5,124.5,At Risk
C0138,2024-07-10 00:17:27,,,259.4,At Risk
C0138,2025-07-26 04:00:32,2024-07-10 00:17:27,381.2,259.4,At Risk
C0138,2025-12-10 20:17:33,2025-07-26 04:00:32,137.7,259.4,At Risk
C0139,2026-06-28 21:40:31,,,,Active
C0140,2024-09-04 18:14:27,,,,Active
C0141,2025-11-15 13:47:56,,,135.3,At Risk
C0141,2026-03-30 21:37:35,2025-11-15 13:47:56,135.3,135.3,At Risk
C0142,2026-03-15 18:03:05,,,,Active
C0143,2024-10-28 09:00:44,,,203.6,At Risk
C0143,2024-11-24 04:48:09,2024-10-28 09:00:44,26.8,203.6,At Risk
C0143,2025-12-09 14:59:29,2024-11-24 04:48:09,380.4,203.6,At Risk
C0144,2026-01-20 16:07:09,,,,Active
C0146,2025-10-28 11:16:54,,,68.0,At Risk
C0146,2025-12-29 12:12:12,2025-10-28 11:16:54,62.0,68.0,At Risk
C0146,2026-04-26 00:52:08,2025-12-29 12:12:12,117.5,68.0,At Risk
C0146,2026-05-20 10:28:43,2026-04-26 00:52:08,24.4,68.0,At Risk
C0147,2025-01-25 22:55:16,,,173.4,At Risk
C0147,2025-04-21 05:21:22,2025-01-25 22:55:16,85.3,173.4,At Risk
C0147,2026-02-18 16:10:22,2025-04-21 05:21:22,303.5,173.4,At Risk
C0147,2026-06-30 00:44:31,2026-02-18 16:10:22,131.4,173.4,At Risk
C0148,2025-10-24 04:54:45,,,102.8,At Risk
C0148,2026-01-12 06:44:16,2025-10-24 04:54:45,80.1,102.8,At Risk
C0148,2026-05-17 15:09:05,2026-01-12 06:44:16,125.4,102.8,At Risk
C0149,2025-10-31 03:01:38,,,74.0,At Risk
C0149,2026-02-13 23:23:12,2025-10-31 03:01:38,105.8,74.0,At Risk
C0149,2026-03-28 04:16:13,2026-02-13 23:23:12,42.2,74.0,At Risk
C0150,2026-02-17 02:51:48,,,,Active
C0151,2025-02-09 10:16:31,,,,Active
C0152,2025-02-13 16:10:56,,,88.5,At Risk
C0152,2025-06-14 10:50:19,2025-02-13 16:10:56,120.8,88.5,At Risk
C0152,2025-08-19 15:38:17,2025-06-14 10:50:19,66.2,88.5,At Risk
C0152,2025-11-06 03:47:49,2025-08-19 15:38:17,78.5,88.5,At Risk
C0153,2026-03-06 14:12:04,,,76.1,At Risk
C0153,2026-05-21 16:42:32,2026-03-06 14:12:04,76.1,76.1,At Risk
C0154,2025-08-16 04:10:27,,,89.1,At Risk
C0154,2025-11-13 05:33:21,2025-08-16 04:10:27,89.1,89.1,At Risk
C0155,2025-10-17 05:32:39,,,,Active
C0156,2026-01-13 23:40:05,,,66.3,At Risk
C0156,2026-03-27 22:13:28,2026-01-13 23:40:05,72.9,66.3,At Risk
C0156,2026-05-26 16:41:54,2026-03-27 22:13:28,59.8,66.3,At Risk
C0157,2026-01-18 10:10:43,,,76.6,At Risk
C0157,2026-04-05 00:53:21,2026-01-18 10:10:43,76.6,76.6,At Risk
C0158,2026-06-21 07:17:11,,,,Active
C0159,2025-12-14 14:49:11,,,,Active
C0160,2025-10-19 07:14:52,,,51.9,At Risk
C0160,2025-10-28 17:50:16,2025-10-19 07:14:52,9.4,51.9,At Risk
C0160,2025-11-18 18:03:28,2025-10-28 17:50:16,21.0,51.9,At Risk
C0160,2026-03-18 05:32:32,2025-11-18 18:03:28,119.5,51.9,At Risk
C0160,2026-03-27 12:24:54,2026-03-18 05:32:32,9.3,51.9,At Risk
C0160,2026-07-05 21:59:19,2026-03-27 12:24:54,100.4,51.9,At Risk
C0161,2026-01-22 10:47:00,,,121.8,At Risk
C0161,2026-05-24 05:59:23,2026-01-22 10:47:00,121.8,121.8,At Risk
C0162,2024-09-06 10:52:02,,,179.2,At Risk
C0162,2025-03-04 14:33:30,2024-09-06 10:52:02,179.2,179.2,At Risk
C0163,2026-03-18 04:36:02,,,109.0,At Risk
C0163,2026-07-05 05:29:23,2026-03-18 04:36:02,109.0,109.0,At Risk
C0164,2025-11-12 06:40:34,,,90.9,At Risk
C0164,2026-01-16 21:51:35,2025-11-12 06:40:34,65.6,90.9,At Risk
C0164,2026-05-13 02:28:31,2026-01-16 21:51:35,116.2,90.9,At Risk
C0165,2025-12-02 07:17:16,,,38.5,At Risk
C0165,2025-12-16 03:04:23,2025-12-02 07:17:16,13.8,38.5,At Risk
C0165,2026-02-02 06:44:20,2025-12-16 03:04:23,48.2,38.5,At Risk
C0165,2026-02-26 08:25:02,2026-02-02 06:44:20,24.1,38.5,At Risk
C0165,2026-03-23 19:12:28,2026-02-26 08:25:02,25.4,38.5,At Risk
C0165,2026-06-12 21:30:47,2026-03-23 19:12:28,81.1,38.5,At Risk
C0166,2026-01-04 07:43:26,,,41.3,At Risk
C0166,2026-03-01 10:37:07,2026-01-04 07:43:26,56.1,41.3,At Risk
C0166,2026-04-19 13:51:29,2026-03-01 10:37:07,49.1,41.3,At Risk
C0166,2026-05-08 08:49:34,2026-04-19 13:51:29,18.8,41.3,At Risk
C0167,2025-04-28 02:48:28,,,,Active
C0168,2026-03-18 18:49:45,,,,Active
C0169,2025-04-29 02:08:46,,,385.6,At Risk
C0169,2026-05-19 16:55:55,2025-04-29 02:08:46,385.6,385.6,At Risk
C0170,2026-04-01 11:52:09,,,,Active
C0171,2026-03-29 14:20:20,,,23.8,Active
C0171,2026-04-04 00:42:31,2026-03-29 14:20:20,5.4,23.8,Active
C0171,2026-05-16 02:21:59,2026-04-04 00:42:31,42.1,23.8,Active
C0172,2025-06-16 16:39:07,,,63.2,At Risk
C0172,2025-08-18 21:58:21,2025-06-16 16:39:07,63.2,63.2,At Risk
C0173,2025-06-07 06:17:41,,,95.5,At Risk
C0173,2025-11-15 15:20:30,2025-06-07 06:17:41,161.4,95.5,At Risk
C0173,2026-01-20 07:56:43,2025-11-15 15:20:30,65.7,95.5,At Risk
C0173,2026-03-20 15:23:13,2026-01-20 07:56:43,59.3,95.5,At Risk
C0174,2025-12-08 00:06:50,,,208.5,At Risk
C0174,2026-07-04 11:26:31,2025-12-08 00:06:50,208.5,208.5,At Risk
C0175,2025-08-19 02:18:13,,,52.4,At Risk
C0175,2025-10-15 12:10:45,2025-08-19 02:18:13,57.4,52.4,At Risk
C0175,2025-11-25 14:49:45,2025-10-15 12:10:45,41.1,52.4,At Risk
C0175,2026-03-16 07:05:13,2025-11-25 14:49:45,110.7,52.4,At Risk
C0175,2026-04-12 20:22:05,2026-03-16 07:05:13,27.6,52.4,At Risk
C0175,2026-05-27 12:49:20,2026-04-12 20:22:05,44.7,52.4,At Risk
C0175,2026-06-29 15:20:52,2026-05-27 12:49:20,33.1,52.4,At Risk
C0176,2025-03-01 08:03:48,,,151.4,At Risk
C0176,2025-07-19 16:30:17,2025-03-01 08:03:48,140.4,151.4,At Risk
C0176,2025-11-29 14:14:53,2025-07-19 16:30:17,132.9,151.4,At Risk
C0176,2026-05-29 09:00:58,2025-11-29 14:14:53,180.8,151.4,At Risk
C0177,2025-12-31 15:43:34,,,,Active
C0178,2024-12-31 20:10:38,,,124.7,At Risk
C0178,2025-01-20 17:22:15,2024-12-31 20:10:38,19.9,124.7,At Risk
C0178,2025-09-07 06:07:54,2025-01-20 17:22:15,229.5,124.7,At Risk
C0179,2026-02-07 00:42:56,,,25.5,Active
C0179,2026-03-04 12:44:44,2026-02-07 00:42:56,25.5,25.5,Active
C0180,2026-04-20 11:06:32,,,,Active
C0181,2025-10-09 18:11:01,,,116.5,At Risk
C0181,2026-02-03 06:12:07,2025-10-09 18:11:01,116.5,116.5,At Risk
C0182,2026-05-06 13:24:24,,,16.9,Active
C0182,2026-06-01 01:07:37,2026-05-06 13:24:24,25.5,16.9,Active
C0182,2026-06-04 08:44:09,2026-06-01 01:07:37,3.3,16.9,Active
C0182,2026-06-26 08:54:40,2026-06-04 08:44:09,22.0,16.9,Active
C0183,2026-05-11 00:53:00,,,2.3,Active
C0183,2026-05-13 07:25:38,2026-05-11 00:53:00,2.3,2.3,Active
C0184,2025-01-28 18:09:04,,,256.1,At Risk
C0184,2025-02-26 05:42:47,2025-01-28 18:09:04,28.5,256.1,At Risk
C0184,2026-06-25 01:31:38,2025-02-26 05:42:47,483.8,256.1,At Risk
C0185,2024-07-15 17:41:35,,,223.2,At Risk
C0185,2025-09-17 19:50:57,2024-07-15 17:41:35,429.1,223.2,At Risk
C0185,2026-04-10 12:39:51,2025-09-17 19:50:57,204.7,223.2,At Risk
C0185,2026-05-16 05:06:08,2026-04-10 12:39:51,35.7,223.2,At Risk
C0186,2025-06-08 02:30:27,,,68.5,At Risk
C0186,2026-01-01 04:31:54,2025-06-08 02:30:27,207.1,68.5,At Risk
C0186,2026-02-10 02:29:20,2026-01-01 04:31:54,39.9,68.5,At Risk
C0186,2026-02-17 14:22:04,2026-02-10 02:29:20,7.5,68.5,At Risk
C0186,2026-03-08 23:04:03,2026-02-17 14:22:04,19.4,68.5,At Risk
C0187,2025-04-30 02:51:23,,,199.5,At Risk
C0187,2025-11-15 15:15:47,2025-04-30 02:51:23,199.5,199.5,At Risk
C0188,2024-10-25 20:31:14,,,141.4,At Risk
C0188,2024-12-25 09:58:56,2024-10-25 20:31:14,60.6,141.4,At Risk
C0188,2025-09-06 14:12:16,2024-12-25 09:58:56,255.2,141.4,At Risk
C0188,2026-03-25 09:45:42,2025-09-06 14:12:16,199.8,141.4,At Risk
C0188,2026-05-14 14:52:56,2026-03-25 09:45:42,50.2,141.4,At Risk
C0190,2026-01-26 01:09:03,,,63.9,At Risk
C0190,2026-05-20 09:57:15,2026-01-26 01:09:03,114.4,63.9,At Risk
C0190,2026-06-02 17:58:57,2026-05-20 09:57:15,13.3,63.9,At Risk
C0191,2026-06-10 03:32:24,,,,Active
C0192,2025-08-21 23:46:33,,,156.6,At Risk
C0192,2026-06-09 01:57:46,2025-08-21 23:46:33,291.1,156.6,At Risk
C0192,2026-07-01 01:08:18,2026-06-09 01:57:46,22.0,156.6,At Risk
C0193,2024-12-28 22:43:07,,,301.7,At Risk
C0193,2025-10-26 15:23:32,2024-12-28 22:43:07,301.7,301.7,At Risk
C0194,2025-05-27 01:36:31,,,194.2,At Risk
C0194,2026-04-07 12:09:28,2025-05-27 01:36:31,315.4,194.2,At Risk
C0194,2026-06-19 11:11:40,2026-04-07 12:09:28,73.0,194.2,At Risk
C0195,2026-06-12 03:14:54,,,26.2,Active
C0195,2026-07-08 08:38:53,2026-06-12 03:14:54,26.2,26.2,Active
C0196,2026-02-13 11:29:42,,,16.1,Active
C0196,2026-02-26 17:13:30,2026-02-13 11:29:42,13.2,16.1,Active
C0196,2026-03-03 17:33:00,2026-02-26 17:13:30,5.0,16.1,Active
C0196,2026-04-02 16:35:42,2026-03-03 17:33:00,30.0,16.1,Active
C0197,2025-07-11 18:13:17,,,84.4,At Risk
C0197,2025-08-04 22:32:55,2025-07-11 18:13:17,24.2,84.4,At Risk
C0197,2026-01-23 19:46:10,2025-08-04 22:32:55,171.9,84.4,At Risk
C0197,2026-03-22 01:40:55,2026-01-23 19:46:10,57.2,84.4,At Risk
C0198,2026-01-29 07:48:55,,,,Active
C0199,2026-05-03 10:35:29,,,,Active
C0200,2026-02-05 23:22:07,,,128.8,At Risk
C0200,2026-06-14 17:34:28,2026-02-05 23:22:07,128.8,128.8,At Risk
C0201,2025-09-16 15:21:43,,,161.3,At Risk
C0201,2026-02-24 22:27:40,2025-09-16 15:21:43,161.3,161.3,At Risk
C0203,2026-04-01 11:07:13,,,,Active
C0204,2025-10-05 23:42:12,,,113.0,At Risk
C0204,2026-01-26 23:25:11,2025-10-05 23:42:12,113.0,113.0,At Risk
C0205,2024-11-22 11:24:39,,,177.3,At Risk
C0205,2025-05-18 19:22:38,2024-11-22 11:24:39,177.3,177.3,At Risk
C0206,2025-03-28 19:30:19,,,144.7,At Risk
C0206,2025-11-20 22:34:19,2025-03-28 19:30:19,237.1,144.7,At Risk
C0206,2026-03-20 03:25:24,2025-11-20 22:34:19,119.2,144.7,At Risk
C0206,2026-06-05 23:41:54,2026-03-20 03:25:24,77.8,144.7,At Risk
C0207,2025-10-03 00:08:47,,,209.2,At Risk
C0207,2026-04-30 04:20:38,2025-10-03 00:08:47,209.2,209.2,At Risk
C0208,2024-12-11 17:51:28,,,403.3,At Risk
C0208,2026-01-19 00:02:44,2024-12-11 17:51:28,403.3,403.3,At Risk
C0209,2025-04-27 07:47:09,,,97.3,At Risk
C0209,2025-08-02 13:54:49,2025-04-27 07:47:09,97.3,97.3,At Risk
C0211,2026-02-20 16:21:46,,,22.7,Active
C0211,2026-04-04 07:08:46,2026-02-20 16:21:46,42.6,22.7,Active
C0211,2026-04-06 22:54:16,2026-04-04 07:08:46,2.7,22.7,Active
C0212,2026-06-23 09:29:09,,,0.1,Active
C0212,2026-06-23 11:03:01,2026-06-23 09:29:09,0.1,0.1,Active
C0215,2025-07-19 18:30:24,,,142.3,At Risk
C0215,2026-01-03 08:48:05,2025-07-19 18:30:24,167.6,142.3,At Risk
C0215,2026-04-30 09:25:15,2026-01-03 08:48:05,117.0,142.3,At Risk
C0217,2024-11-21 18:16:44,,,176.8,At Risk
C0217,2025-05-17 12:26:14,2024-11-21 18:16:44,176.8,176.8,At Risk
C0218,2025-02-07 14:41:37,,,231.6,At Risk
C0218,2025-09-27 06:06:42,2025-02-07 14:41:37,231.6,231.6,At Risk
C0219,2025-02-04 05:50:43,,,,Active
C0220,2025-07-28 05:55:59,,,93.1,At Risk
C0220,2025-08-28 14:14:55,2025-07-28 05:55:59,31.3,93.1,At Risk
C0220,2026-01-30 10:20:00,2025-08-28 14:14:55,154.8,93.1,At Risk
C0221,2025-06-18 05:49:06,,,,Active
C0222,2025-09-06 08:33:39,,,65.0,At Risk
C0222,2025-11-09 20:34:52,2025-09-06 08:33:39,64.5,65.0,At Risk
C0222,2026-01-14 08:39:53,2025-11-09 20:34:52,65.5,65.0,At Risk
C0224,2025-12-05 12:57:55,,,186.9,At Risk
C0224,2026-06-10 10:34:50,2025-12-05 12:57:55,186.9,186.9,At Risk
C0225,2026-03-11 20:52:16,,,31.1,At Risk
C0225,2026-03-13 16:33:50,2026-03-11 20:52:16,1.8,31.1,At Risk
C0225,2026-05-23 04:12:30,2026-03-13 16:33:50,70.5,31.1,At Risk
C0225,2026-06-13 01:23:20,2026-05-23 04:12:30,20.9,31.1,At Risk
C0226,2024-10-14 22:20:04,,,291.3,At Risk
C0226,2026-01-10 14:23:36,2024-10-14 22:20:04,452.7,291.3,At Risk
C0226,2026-05-20 11:51:39,2026-01-10 14:23:36,129.9,291.3,At Risk
C0227,2026-03-04 20:36:05,,,86.5,At Risk
C0227,2026-05-30 08:58:15,2026-03-04 20:36:05,86.5,86.5,At Risk
C0228,2025-12-12 23:42:21,,,40.3,At Risk
C0228,2026-02-08 22:28:08,2025-12-12 23:42:21,57.9,40.3,At Risk
C0228,2026-03-03 13:24:16,2026-02-08 22:28:08,22.6,40.3,At Risk
C0230,2026-05-03 00:18:54,,,12.2,Active
C0230,2026-05-03 14:32:30,2026-05-03 00:18:54,0.6,12.2,Active
C0230,2026-05-05 10:17:05,2026-05-03 14:32:30,1.8,12.2,Active
C0230,2026-05-13 17:43:53,2026-05-05 10:17:05,8.3,12.2,Active
C0230,2026-06-25 22:06:44,2026-05-13 17:43:53,43.2,12.2,Active
C0230,2026-07-02 19:53:51,2026-06-25 22:06:44,6.9,12.2,Active
C0231,2025-12-13 22:37:29,,,44.6,At Risk
C0231,2026-02-01 22:01:21,2025-12-13 22:37:29,50.0,44.6,At Risk
C0231,2026-02-10 21:23:11,2026-02-01 22:01:21,9.0,44.6,At Risk
C0231,2026-04-26 19:35:44,2026-02-10 21:23:11,74.9,44.6,At Risk
C0232,2026-05-09 03:06:01,,,18.6,Active
C0232,2026-06-08 10:23:35,2026-05-09 03:06:01,30.3,18.6,Active
C0232,2026-06-20 16:48:26,2026-06-08 10:23:35,12.3,18.6,Active
C0232,2026-07-03 20:55:44,2026-06-20 16:48:26,13.2,18.6,Active
C0233,2025-11-07 18:42:14,,,76.6,At Risk
C0233,2026-03-18 21:11:26,2025-11-07 18:42:14,131.1,76.6,At Risk
C0233,2026-04-10 01:28:22,2026-03-18 21:11:26,22.2,76.6,At Risk
C0234,2025-07-15 10:28:43,,,27.9,Active
C0234,2025-08-12 09:07:39,2025-07-15 10:28:43,27.9,27.9,Active
C0236,2026-05-30 12:34:33,,,,Active
C0237,2026-06-04 01:39:36,,,11.9,Active
C0237,2026-06-13 13:01:28,2026-06-04 01:39:36,9.5,11.9,Active
C0237,2026-06-27 23:05:53,2026-06-13 13:01:28,14.4,11.9,Active
C0238,2025-11-11 13:48:31,,,86.8,At Risk
C0238,2025-11-12 09:54:30,2025-11-11 13:48:31,0.8,86.8,At Risk
C0238,2026-05-04 03:30:35,2025-11-12 09:54:30,172.7,86.8,At Risk
C0239,2025-08-31 23:37:19,,,49.7,At Risk
C0239,2025-10-20 15:17:22,2025-08-31 23:37:19,49.7,49.7,At Risk
C0240,2026-03-11 13:54:05,,,33.1,At Risk
C0240,2026-04-02 17:59:59,2026-03-11 13:54:05,22.2,33.1,At Risk
C0240,2026-05-16 19:43:14,2026-04-02 17:59:59,44.1,33.1,At Risk
C0241,2025-11-16 09:08:22,,,,Active
C0242,2026-06-22 09:44:10,,,7.3,Active
C0242,2026-07-02 06:23:05,2026-06-22 09:44:10,9.9,7.3,Active
C0242,2026-07-06 22:02:09,2026-07-02 06:23:05,4.7,7.3,Active
C0243,2024-07-29 12:46:13,,,,Active
C0244,2025-09-21 05:24:38,,,274.4,At Risk
C0244,2026-06-22 14:47:49,2025-09-21 05:24:38,274.4,274.4,At Risk
C0245,2025-07-09 09:45:31,,,45.7,At Risk
C0245,2025-08-24 03:30:13,2025-07-09 09:45:31,45.7,45.7,At Risk
C0246,2026-06-28 23:27:43,,,,Active
C0249,2025-06-12 22:24:18,,,,Active
C0250,2026-05-26 01:00:06,,,,Active
C0251,2025-05-14 20:36:04,,,,Active
C0252,2025-06-19 10:15:54,,,73.8,At Risk
C0252,2025-08-07 21:19:05,2025-06-19 10:15:54,49.5,73.8,At Risk
C0252,2025-08-22 12:23:25,2025-08-07 21:19:05,14.6,73.8,At Risk
C0252,2026-04-06 10:33:10,2025-08-22 12:23:25,226.9,73.8,At Risk
C0252,2026-04-10 10:02:56,2026-04-06 10:33:10,4.0,73.8,At Risk
C0253,2025-10-18 05:04:50,,,60.7,At Risk
C0253,2026-03-11 02:12:56,2025-10-18 05:04:50,143.9,60.7,At Risk
C0253,2026-05-04 21:27:28,2026-03-11 02:12:56,54.8,60.7,At Risk
C0253,2026-05-26 10:40:32,2026-05-04 21:27:28,21.6,60.7,At Risk
C0253,2026-06-17 20:29:46,2026-05-26 10:40:32,22.4,60.7,At Risk
C0254,2025-06-19 00:40:37,,,114.1,At Risk
C0254,2025-07-04 08:49:09,2025-06-19 00:40:37,15.3,114.1,At Risk
C0254,2026-02-02 05:14:19,2025-07-04 08:49:09,212.9,114.1,At Risk
C0255,2025-10-13 05:51:22,,,55.5,At Risk
C0255,2025-12-07 17:47:41,2025-10-13 05:51:22,55.5,55.5,At Risk
C0256,2025-10-02 11:39:46,,,110.1,At Risk
C0256,2026-01-20 12:52:44,2025-10-02 11:39:46,110.1,110.1,At Risk
C0257,2026-01-02 12:40:58,,,51.1,At Risk
C0257,2026-04-19 20:35:45,2026-01-02 12:40:58,107.3,51.1,At Risk
C0257,2026-05-12 04:33:33,2026-04-19 20:35:45,22.3,51.1,At Risk
C0257,2026-06-04 22:54:10,2026-05-12 04:33:33,23.8,51.1,At Risk
C0258,2026-03-31 19:15:34,,,,Active
C0259,2025-08-29 22:42:05,,,132.8,At Risk
C0259,2025-10-16 22:30:11,2025-08-29 22:42:05,48.0,132.8,At Risk
C0259,2026-05-22 11:23:19,2025-10-16 22:30:11,217.5,132.8,At Risk
C0260,2026-02-15 15:47:50,,,,Active
C0261,2025-12-19 02:04:23,,,117.7,At Risk
C0261,2026-04-15 19:30:58,2025-12-19 02:04:23,117.7,117.7,At Risk
C0262,2025-07-31 16:57:42,,,274.5,At Risk
C0262,2026-05-02 05:50:34,2025-07-31 16:57:42,274.5,274.5,At Risk
C0263,2026-06-05 13:24:48,,,10.1,Active
C0263,2026-06-17 02:15:35,2026-06-05 13:24:48,11.5,10.1,Active
C0263,2026-06-25 16:01:21,2026-06-17 02:15:35,8.6,10.1,Active
C0264,2024-08-28 00:45:47,,,167.4,At Risk
C0264,2024-12-20 19:15:56,2024-08-28 00:45:47,114.8,167.4,At Risk
C0264,2025-01-10 19:36:25,2024-12-20 19:15:56,21.0,167.4,At Risk
C0264,2025-05-11 07:14:23,2025-01-10 19:36:25,120.5,167.4,At Risk
C0264,2026-06-28 11:55:51,2025-05-11 07:14:23,413.2,167.4,At Risk
C0265,2025-04-30 08:33:44,,,166.7,At Risk
C0265,2025-07-07 14:49:32,2025-04-30 08:33:44,68.3,166.7,At Risk
C0265,2026-03-29 17:38:50,2025-07-07 14:49:32,265.1,166.7,At Risk
C0266,2026-03-09 14:55:23,,,24.8,Active
C0266,2026-04-05 21:59:37,2026-03-09 14:55:23,27.3,24.8,Active
C0266,2026-04-26 09:06:38,2026-04-05 21:59:37,20.5,24.8,Active
C0266,2026-05-19 00:30:02,2026-04-26 09:06:38,22.6,24.8,Active
C0266,2026-06-16 18:18:44,2026-05-19 00:30:02,28.7,24.8,Active
C0267,2026-05-28 23:33:24,,,3.8,Active
C0267,2026-06-02 05:53:24,2026-05-28 23:33:24,4.3,3.8,Active
C0267,2026-06-03 10:07:03,2026-06-02 05:53:24,1.2,3.8,Active
C0267,2026-06-12 12:33:04,2026-06-03 10:07:03,9.1,3.8,Active
C0267,2026-06-12 22:41:57,2026-06-12 12:33:04,0.4,3.8,Active
C0268,2025-12-24 01:52:12,,,121.7,At Risk
C0268,2026-04-24 18:35:25,2025-12-24 01:52:12,121.7,121.7,At Risk
C0269,2025-05-07 01:59:14,,,167.1,At Risk
C0269,2025-10-21 03:33:47,2025-05-07 01:59:14,167.1,167.1,At Risk
C0270,2026-02-28 20:43:51,,,,Active
C0271,2024-10-10 00:36:57,,,259.6,At Risk
C0271,2025-06-26 14:45:26,2024-10-10 00:36:57,259.6,259.6,At Risk
C0272,2024-12-08 14:37:59,,,352.5,At Risk
C0272,2025-11-26 02:26:14,2024-12-08 14:37:59,352.5,352.5,At Risk
C0273,2026-04-20 17:24:56,,,0.9,Active
C0273,2026-04-21 15:10:25,2026-04-20 17:24:56,0.9,0.9,Active
C0274,2026-05-28 04:34:22,,,,Active
C0275,2025-12-19 02:22:08,,,170.8,At Risk
C0275,2026-06-07 21:18:14,2025-12-19 02:22:08,170.8,170.8,At Risk
C0276,2025-10-05 05:06:38,,,43.3,At Risk
C0276,2025-11-02 23:40:28,2025-10-05 05:06:38,28.8,43.3,At Risk
C0276,2026-01-15 15:23:56,2025-11-02 23:40:28,73.7,43.3,At Risk
C0276,2026-01-31 08:32:35,2026-01-15 15:23:56,15.7,43.3,At Risk
C0276,2026-03-27 04:21:20,2026-01-31 08:32:35,54.8,43.3,At Risk
C0277,2025-10-20 16:00:39,,,181.2,At Risk
C0277,2026-04-19 19:41:55,2025-10-20 16:00:39,181.2,181.2,At Risk
C0278,2025-11-03 13:54:45,,,,Active
C0279,2025-08-11 09:49:15,,,75.6,At Risk
C0279,2026-03-27 14:15:28,2025-08-11 09:49:15,228.2,75.6,At Risk
C0279,2026-04-18 11:05:16,2026-03-27 14:15:28,21.9,75.6,At Risk
C0279,2026-05-12 12:30:38,2026-04-18 11:05:16,24.1,75.6,At Risk
C0279,2026-06-09 17:40:19,2026-05-12 12:30:38,28.2,75.6,At Risk
C0280,2025-10-27 23:46:12,,,80.3,At Risk
C0280,2026-01-26 11:57:19,2025-10-27 23:46:12,90.5,80.3,At Risk
C0280,2026-04-06 17:50:46,2026-01-26 11:57:19,70.2,80.3,At Risk
C0281,2025-08-11 19:55:58,,,81.3,At Risk
C0281,2025-09-24 06:29:28,2025-08-11 19:55:58,43.4,81.3,At Risk
C0281,2025-10-28 07:35:06,2025-09-24 06:29:28,34.0,81.3,At Risk
C0281,2026-01-09 12:25:01,2025-10-28 07:35:06,73.2,81.3,At Risk
C0281,2026-07-03 04:51:00,2026-01-09 12:25:01,174.7,81.3,At Risk
C0282,2026-04-28 03:15:16,,,55.3,At Risk
C0282,2026-06-22 10:24:05,2026-04-28 03:15:16,55.3,55.3,At Risk
C0283,2025-10-03 08:00:20,,,237.0,At Risk
C0283,2026-05-28 07:23:23,2025-10-03 08:00:20,237.0,237.0,At Risk
C0284,2024-12-05 05:16:41,,,,Active
C0285,2026-06-27 08:19:08,,,7.6,Active
C0285,2026-07-04 21:37:40,2026-06-27 08:19:08,7.6,7.6,Active
C0286,2025-06-18 06:22:17,,,200.8,At Risk
C0286,2026-01-05 00:34:53,2025-06-18 06:22:17,200.8,200.8,At Risk
C0287,2025-08-10 12:21:48,,,74.4,At Risk
C0287,2025-10-23 22:45:03,2025-08-10 12:21:48,74.4,74.4,At Risk
C0288,2025-12-24 16:03:50,,,,Active
C0289,2025-04-22 07:53:48,,,63.6,At Risk
C0289,2025-07-29 10:05:21,2025-04-22 07:53:48,98.1,63.6,At Risk
C0289,2025-08-19 07:21:36,2025-07-29 10:05:21,20.9,63.6,At Risk
C0289,2025-10-13 02:09:39,2025-08-19 07:21:36,54.8,63.6,At Risk
C0289,2026-01-01 17:29:18,2025-10-13 02:09:39,80.6,63.6,At Risk
C0291,2025-10-12 23:03:19,,,38.1,At Risk
C0291,2025-10-16 17:21:53,2025-10-12 23:03:19,3.8,38.1,At Risk
C0291,2026-01-02 15:28:20,2025-10-16 17:21:53,77.9,38.1,At Risk
C0291,2026-01-18 11:02:35,2026-01-02 15:28:20,15.8,38.1,At Risk
C0291,2026-03-14 08:29:19,2026-01-18 11:02:35,54.9,38.1,At Risk
C0292,2025-08-26 15:51:25,,,110.3,At Risk
C0292,2026-02-09 01:32:35,2025-08-26 15:51:25,166.4,110.3,At Risk
C0292,2026-04-04 08:54:43,2026-02-09 01:32:35,54.3,110.3,At Risk
C0293,2024-12-31 06:20:16,,,265.1,At Risk
C0293,2025-10-23 17:16:54,2024-12-31 06:20:16,296.5,265.1,At Risk
C0293,2026-06-14 13:21:40,2025-10-23 17:16:54,233.8,265.1,At Risk
C0294,2026-05-26 14:11:18,,,16.7,Active
C0294,2026-06-18 22:15:21,2026-05-26 14:11:18,23.3,16.7,Active
C0294,2026-06-29 00:47:17,2026-06-18 22:15:21,10.1,16.7,Active
C0295,2025-08-14 06:53:30,,,,Active
C0296,2025-12-15 13:55:39,,,,Active
C0297,2025-08-31 01:17:21,,,,Active
C0299,2026-05-28 21:21:26,,,,Active
C0301,2026-05-05 23:53:49,,,,Active
C0302,2024-12-16 14:16:51,,,115.2,At Risk
C0302,2025-08-22 01:25:24,2024-12-16 14:16:51,248.5,115.2,At Risk
C0302,2025-11-14 14:30:59,2025-08-22 01:25:24,84.5,115.2,At Risk
C0302,2025-11-28 16:40:58,2025-11-14 14:30:59,14.1,115.2,At Risk
C0302,2026-03-22 05:39:04,2025-11-28 16:40:58,113.5,115.2,At Risk
C0303,2025-12-20 17:01:57,,,61.2,At Risk
C0303,2026-03-30 20:12:31,2025-12-20 17:01:57,100.1,61.2,At Risk
C0303,2026-04-09 15:05:23,2026-03-30 20:12:31,9.8,61.2,At Risk
C0303,2026-06-22 05:44:02,2026-04-09 15:05:23,73.6,61.2,At Risk
C0305,2026-03-27 20:28:19,,,70.5,At Risk
C0305,2026-06-06 08:48:00,2026-03-27 20:28:19,70.5,70.5,At Risk
C0306,2025-10-28 20:05:55,,,43.9,At Risk
C0306,2025-10-29 14:58:01,2025-10-28 20:05:55,0.8,43.9,At Risk
C0306,2026-01-24 14:23:08,2025-10-29 14:58:01,87.0,43.9,At Risk
C0307,2025-10-12 13:07:19,,,,Active
C0308,2025-06-02 06:02:10,,,,Active
C0309,2026-06-25 05:46:50,,,6.0,Active
C0309,2026-07-02 06:40:20,2026-06-25 05:46:50,7.0,6.0,Active
C0309,2026-07-07 03:27:58,2026-07-02 06:40:20,4.9,6.0,Active
C0310,2025-08-04 13:13:33,,,31.5,At Risk
C0310,2025-09-05 00:49:07,2025-08-04 13:13:33,31.5,31.5,At Risk
C0311,2026-05-07 02:18:02,,,,Active
C0312,2025-07-30 12:49:14,,,127.7,At Risk
C0312,2026-01-29 15:42:10,2025-07-30 12:49:14,183.1,127.7,At Risk
C0312,2026-04-11 22:17:36,2026-01-29 15:42:10,72.3,127.7,At Risk
C0313,2025-03-10 03:40:10,,,68.3,At Risk
C0313,2025-07-15 20:26:09,2025-03-10 03:40:10,127.7,68.3,At Risk
C0313,2025-08-09 17:59:05,2025-07-15 20:26:09,24.9,68.3,At Risk
C0313,2025-09-12 13:45:20,2025-08-09 17:59:05,33.8,68.3,At Risk
C0313,2025-09-17 08:15:10,2025-09-12 13:45:20,4.8,68.3,At Risk
C0313,2026-02-09 09:53:50,2025-09-17 08:15:10,145.1,68.3,At Risk
C0313,2026-04-24 01:40:59,2026-02-09 09:53:50,73.7,68.3,At Risk
C0314,2025-09-27 07:46:29,,,198.6,At Risk
C0314,2026-04-13 23:17:41,2025-09-27 07:46:29,198.6,198.6,At Risk
C0315,2025-03-15 16:23:09,,,,Active
C0316,2025-05-21 08:51:06,,,216.9,At Risk
C0316,2025-12-24 05:41:57,2025-05-21 08:51:06,216.9,216.9,At Risk
C0317,2026-02-18 12:52:34,,,48.6,At Risk
C0317,2026-05-02 03:43:09,2026-02-18 12:52:34,72.6,48.6,At Risk
C0317,2026-05-26 18:48:01,2026-05-02 03:43:09,24.6,48.6,At Risk
C0318,2026-06-06 23:33:20,,,,Active
C0319,2025-12-03 09:44:58,,,84.5,At Risk
C0319,2026-02-25 21:01:12,2025-12-03 09:44:58,84.5,84.5,At Risk
C0320,2026-02-20 18:18:44,,,65.7,At Risk
C0320,2026-04-08 04:59:09,2026-02-20 18:18:44,46.4,65.7,At Risk
C0320,2026-07-02 02:46:12,2026-04-08 04:59:09,84.9,65.7,At Risk
C0321,2026-04-19 08:14:16,,,67.5,At Risk
C0321,2026-06-25 19:55:05,2026-04-19 08:14:16,67.5,67.5,At Risk
C0322,2025-01-10 13:43:50,,,180.3,At Risk
C0322,2025-07-08 14:25:28,2025-01-10 13:43:50,179.0,180.3,At Risk
C0322,2026-01-06 02:21:27,2025-07-08 14:25:28,181.5,180.3,At Risk
C0323,2025-10-07 02:24:44,,,,Active
C0324,2026-01-05 02:25:40,,,47.4,At Risk
C0324,2026-01-15 04:42:32,2026-01-05 02:25:40,10.1,47.4,At Risk
C0324,2026-05-07 09:41:52,2026-01-15 04:42:32,112.2,47.4,At Risk
C0324,2026-05-27 05:22:43,2026-05-07 09:41:52,19.8,47.4,At Risk
C0325,2026-02-27 03:38:16,,,33.5,At Risk
C0325,2026-04-01 16:46:10,2026-02-27 03:38:16,33.5,33.5,At Risk
C0326,2026-05-13 20:12:11,,,13.4,Active
C0326,2026-05-18 10:29:07,2026-05-13 20:12:11,4.6,13.4,Active
C0326,2026-05-30 22:48:21,2026-05-18 10:29:07,12.5,13.4,Active
C0326,2026-06-14 21:38:31,2026-05-30 22:48:21,15.0,13.4,Active
C0326,2026-07-06 15:38:17,2026-06-14 21:38:31,21.7,13.4,Active
C0327,2026-06-08 03:01:41,,,,Active
C0328,2025-06-24 02:28:56,,,120.4,At Risk
C0328,2025-09-15 08:08:17,2025-06-24 02:28:56,83.2,120.4,At Risk
C0328,2026-02-20 01:43:05,2025-09-15 08:08:17,157.7,120.4,At Risk
C0329,2024-08-17 17:01:33,,,128.1,At Risk
C0329,2024-12-03 18:37:32,2024-08-17 17:01:33,108.1,128.1,At Risk
C0329,2025-05-09 02:03:18,2024-12-03 18:37:32,156.3,128.1,At Risk
C0329,2025-08-04 03:41:29,2025-05-09 02:03:18,87.1,128.1,At Risk
C0329,2026-01-12 00:28:50,2025-08-04 03:41:29,160.9,128.1,At Risk
C0330,2026-06-03 18:38:48,,,,Active
C0331,2025-06-15 03:14:52,,,97.6,At Risk
C0331,2025-09-27 05:25:19,2025-06-15 03:14:52,104.1,97.6,At Risk
C0331,2026-03-17 07:18:36,2025-09-27 05:25:19,171.1,97.6,At Risk
C0331,2026-04-03 23:16:56,2026-03-17 07:18:36,17.7,97.6,At Risk
C0332,2025-02-12 10:34:57,,,137.5,At Risk
C0332,2025-05-04 08:14:37,2025-02-12 10:34:57,80.9,137.5,At Risk
C0332,2025-10-01 05:07:17,2025-05-04 08:14:37,149.9,137.5,At Risk
C0332,2026-03-31 20:26:27,2025-10-01 05:07:17,181.6,137.5,At Risk
C0333,2025-03-02 19:55:14,,,132.1,At Risk
C0333,2025-09-13 17:21:14,2025-03-02 19:55:14,194.9,132.1,At Risk
C0333,2025-11-16 01:48:31,2025-09-13 17:21:14,63.4,132.1,At Risk
C0333,2026-04-03 00:20:32,2025-11-16 01:48:31,137.9,132.1,At Risk
C0334,2025-05-05 20:45:21,,,97.6,At Risk
C0334,2025-10-03 03:35:05,2025-05-05 20:45:21,150.3,97.6,At Risk
C0334,2025-10-27 21:38:09,2025-10-03 03:35:05,24.8,97.6,At Risk
C0334,2026-05-25 08:37:55,2025-10-27 21:38:09,209.5,97.6,At Risk
C0334,2026-05-31 06:37:21,2026-05-25 08:37:55,5.9,97.6,At Risk
C0337,2025-01-05 01:07:05,,,75.8,At Risk
C0337,2025-04-20 17:39:33,2025-01-05 01:07:05,105.7,75.8,At Risk
C0337,2025-06-05 16:47:37,2025-04-20 17:39:33,46.0,75.8,At Risk
C0338,2026-06-22 11:09:27,,,10.8,Active
C0338,2026-07-03 07:26:36,2026-06-22 11:09:27,10.8,10.8,Active
C0339,2026-02-25 10:51:37,,,34.6,At Risk
C0339,2026-04-01 00:18:22,2026-02-25 10:51:37,34.6,34.6,At Risk
C0340,2024-12-26 15:44:18,,,184.4,At Risk
C0340,2025-04-26 01:29:16,2024-12-26 15:44:18,120.4,184.4,At Risk
C0340,2025-06-01 08:22:18,2025-04-26 01:29:16,36.3,184.4,At Risk
C0340,2026-07-02 22:49:30,2025-06-01 08:22:18,396.6,184.4,At Risk
C0341,2026-02-16 01:06:06,,,11.6,Active
C0341,2026-02-27 14:26:25,2026-02-16 01:06:06,11.6,11.6,Active
C0342,2024-10-12 22:13:19,,,218.8,At Risk
C0342,2025-07-10 15:11:51,2024-10-12 22:13:19,270.7,218.8,At Risk
C0342,2025-12-24 14:20:21,2025-07-10 15:11:51,167.0,218.8,At Risk
C0343,2026-04-09 18:03:58,,,,Active
C0344,2025-01-15 19:23:57,,,130.2,At Risk
C0344,2025-05-06 23:14:38,2025-01-15 19:23:57,111.2,130.2,At Risk
C0344,2025-10-03 05:04:01,2025-05-06 23:14:38,149.2,130.2,At Risk
C0345,2025-02-10 18:01:16,,,116.2,At Risk
C0345,2025-06-06 23:07:24,2025-02-10 18:01:16,116.2,116.2,At Risk
C0346,2025-04-26 20:54:52,,,189.4,At Risk
C0346,2025-11-17 20:06:20,2025-04-26 20:54:52,205.0,189.4,At Risk
C0346,2026-05-10 17:16:57,2025-11-17 20:06:20,173.9,189.4,At Risk
C0347,2025-04-21 05:42:53,,,88.0,At Risk
C0347,2025-06-28 13:10:55,2025-04-21 05:42:53,68.3,88.0,At Risk
C0347,2026-04-30 09:31:54,2025-06-28 13:10:55,305.8,88.0,At Risk
C0347,2026-05-24 13:18:40,2026-04-30 09:31:54,24.2,88.0,At Risk
C0347,2026-06-30 07:48:16,2026-05-24 13:18:40,36.8,88.0,At Risk
C0347,2026-07-05 10:39:18,2026-06-30 07:48:16,5.1,88.0,At Risk
C0348,2025-10-07 03:27:00,,,85.2,At Risk
C0348,2025-10-15 09:10:23,2025-10-07 03:27:00,8.2,85.2,At Risk
C0348,2025-11-26 21:40:48,2025-10-15 09:10:23,42.5,85.2,At Risk
C0348,2026-06-19 16:43:17,2025-11-26 21:40:48,204.8,85.2,At Risk
C0349,2024-12-31 15:05:00,,,244.2,At Risk
C0349,2026-03-06 20:41:10,2024-12-31 15:05:00,430.2,244.2,At Risk
C0349,2026-05-04 02:21:48,2026-03-06 20:41:10,58.2,244.2,At Risk
C0350,2026-06-11 15:19:28,,,1.6,Active
C0350,2026-06-13 05:25:51,2026-06-11 15:19:28,1.6,1.6,Active
C0351,2025-03-10 01:01:35,,,133.3,At Risk
C0351,2025-08-22 03:50:54,2025-03-10 01:01:35,165.1,133.3,At Risk
C0351,2026-03-02 17:35:34,2025-08-22 03:50:54,192.6,133.3,At Risk
C0351,2026-04-13 22:43:00,2026-03-02 17:35:34,42.2,133.3,At Risk
C0352,2024-09-04 13:21:26,,,249.4,At Risk
C0352,2025-11-22 08:15:42,2024-09-04 13:21:26,443.8,249.4,At Risk
C0352,2026-01-16 07:52:16,2025-11-22 08:15:42,55.0,249.4,At Risk
C0353,2026-01-11 08:49:04,,,81.3,At Risk
C0353,2026-04-29 16:15:01,2026-01-11 08:49:04,108.3,81.3,At Risk
C0353,2026-06-22 23:41:10,2026-04-29 16:15:01,54.3,81.3,At Risk
C0354,2026-02-20 10:51:58,,,,Active
C0356,2025-12-18 03:28:45,,,129.8,At Risk
C0356,2026-04-26 23:25:23,2025-12-18 03:28:45,129.8,129.8,At Risk
C0357,2025-05-10 17:15:25,,,85.5,At Risk
C0357,2025-07-16 22:59:10,2025-05-10 17:15:25,67.2,85.5,At Risk
C0357,2025-12-19 23:31:47,2025-07-16 22:59:10,156.0,85.5,At Risk
C0357,2026-01-22 08:01:14,2025-12-19 23:31:47,33.4,85.5,At Risk
C0358,2026-04-09 22:17:38,,,,Active
C0359,2025-09-21 14:13:52,,,141.1,At Risk
C0359,2026-04-08 11:23:37,2025-09-21 14:13:52,198.9,141.1,At Risk
C0359,2026-06-30 16:55:05,2026-04-08 11:23:37,83.2,141.1,At Risk
C0360,2026-02-23 23:04:21,,,111.8,At Risk
C0360,2026-06-15 18:17:52,2026-02-23 23:04:21,111.8,111.8,At Risk
C0361,2026-03-23 21:46:19,,,89.8,At Risk
C0361,2026-06-21 16:58:00,2026-03-23 21:46:19,89.8,89.8,At Risk
C0362,2025-12-03 03:24:19,,,,Active
C0363,2026-01-13 20:34:30,,,167.2,At Risk
C0363,2026-06-30 00:37:27,2026-01-13 20:34:30,167.2,167.2,At Risk
C0364,2025-08-08 08:06:56,,,155.2,At Risk
C0364,2025-08-30 22:56:18,2025-08-08 08:06:56,22.6,155.2,At Risk
C0364,2026-06-14 15:09:00,2025-08-30 22:56:18,287.7,155.2,At Risk
C0365,2025-07-05 14:02:41,,,,Active
C0366,2025-10-11 19:03:06,,,71.0,At Risk
C0366,2025-10-25 10:08:55,2025-10-11 19:03:06,13.6,71.0,At Risk
C0366,2025-11-17 16:43:17,2025-10-25 10:08:55,23.3,71.0,At Risk
C0366,2026-05-12 21:25:29,2025-11-17 16:43:17,176.2,71.0,At Risk
C0367,2026-01-16 15:46:44,,,158.2,At Risk
C0367,2026-06-23 20:03:50,2026-01-16 15:46:44,158.2,158.2,At Risk
C0368,2026-05-19 22:11:06,,,3.8,Active
C0368,2026-05-23 17:11:28,2026-05-19 22:11:06,3.8,3.8,Active
C0370,2026-03-03 00:09:20,,,35.9,At Risk
C0370,2026-05-19 02:43:10,2026-03-03 00:09:20,77.1,35.9,At Risk
C0370,2026-05-21 19:49:55,2026-05-19 02:43:10,2.7,35.9,At Risk
C0370,2026-06-18 19:28:07,2026-05-21 19:49:55,28.0,35.9,At Risk
C0371,2025-06-14 22:43:53,,,186.1,At Risk
C0371,2025-08-11 04:26:43,2025-06-14 22:43:53,57.2,186.1,At Risk
C0371,2026-06-22 05:14:43,2025-08-11 04:26:43,315.0,186.1,At Risk
C0372,2025-05-07 13:55:40,,,,Active
C0373,2026-06-09 05:28:00,,,2.5,Active
C0373,2026-06-10 03:42:14,2026-06-09 05:28:00,0.9,2.5,Active
C0373,2026-06-14 03:57:59,2026-06-10 03:42:14,4.0,2.5,Active
C0374,2025-05-29 16:51:49,,,,Active
C0376,2025-12-06 16:38:44,,,,Active
C0378,2024-10-24 05:08:58,,,250.8,At Risk
C0378,2025-06-17 00:21:48,2024-10-24 05:08:58,235.8,250.8,At Risk
C0378,2026-03-09 21:53:06,2025-06-17 00:21:48,265.9,250.8,At Risk
C0379,2025-02-12 05:57:35,,,108.4,At Risk
C0379,2025-03-28 05:40:52,2025-02-12 05:57:35,44.0,108.4,At Risk
C0379,2025-09-07 21:39:39,2025-03-28 05:40:52,163.7,108.4,At Risk
C0379,2026-01-12 07:57:37,2025-09-07 21:39:39,126.4,108.4,At Risk
C0379,2026-04-21 16:53:05,2026-01-12 07:57:37,99.4,108.4,At Risk
C0380,2026-05-19 18:46:48,,,,Active
C0381,2026-01-23 12:02:47,,,38.7,At Risk
C0381,2026-03-04 14:17:38,2026-01-23 12:02:47,40.1,38.7,At Risk
C0381,2026-04-10 18:02:10,2026-03-04 14:17:38,37.2,38.7,At Risk
C0382,2026-03-10 03:29:23,,,54.2,At Risk
C0382,2026-05-03 08:19:16,2026-03-10 03:29:23,54.2,54.2,At Risk
C0383,2025-03-29 15:45:08,,,118.1,At Risk
C0383,2025-05-30 22:45:58,2025-03-29 15:45:08,62.3,118.1,At Risk
C0383,2025-07-10 11:13:04,2025-05-30 22:45:58,40.5,118.1,At Risk
C0383,2026-03-19 02:10:28,2025-07-10 11:13:04,251.6,118.1,At Risk
C0384,2025-05-07 01:05:38,,,156.2,At Risk
C0384,2025-10-10 06:42:50,2025-05-07 01:05:38,156.2,156.2,At Risk
C0385,2025-05-07 09:27:07,,,168.5,At Risk
C0385,2026-02-28 08:27:09,2025-05-07 09:27:07,297.0,168.5,At Risk
C0385,2026-04-09 09:37:26,2026-02-28 08:27:09,40.0,168.5,At Risk
C0386,2025-11-25 20:24:38,,,36.5,At Risk
C0386,2026-01-25 17:55:38,2025-11-25 20:24:38,60.9,36.5,At Risk
C0386,2026-02-06 17:50:40,2026-01-25 17:55:38,12.0,36.5,At Risk
C0387,2025-07-05 18:44:18,,,134.4,At Risk
C0387,2025-10-19 15:58:33,2025-07-05 18:44:18,105.9,134.4,At Risk
C0387,2026-03-31 16:48:54,2025-10-19 15:58:33,163.0,134.4,At Risk
C0388,2024-09-20 13:23:33,,,98.2,At Risk
C0388,2024-12-19 08:08:27,2024-09-20 13:23:33,89.8,98.2,At Risk
C0388,2025-02-24 07:35:58,2024-12-19 08:08:27,67.0,98.2,At Risk
C0388,2025-04-26 09:31:49,2025-02-24 07:35:58,61.1,98.2,At Risk
C0388,2025-10-18 10:18:22,2025-04-26 09:31:49,175.0,98.2,At Risk
C0389,2026-06-20 20:22:17,,,,Active
C0390,2025-07-03 00:32:55,,,,Active
C0391,2024-08-30 22:55:28,,,221.9,At Risk
C0391,2025-03-24 22:14:38,2024-08-30 22:55:28,206.0,221.9,At Risk
C0391,2025-11-17 16:34:15,2025-03-24 22:14:38,237.8,221.9,At Risk
C0392,2024-10-10 03:05:29,,,142.0,At Risk
C0392,2025-10-13 14:15:40,2024-10-10 03:05:29,368.5,142.0,At Risk
C0392,2025-11-05 04:18:43,2025-10-13 14:15:40,22.6,142.0,At Risk
C0392,2025-12-10 00:02:01,2025-11-05 04:18:43,34.8,142.0,At Risk
C0393,2025-05-22 04:22:52,,,91.7,At Risk
C0393,2025-07-26 22:52:19,2025-05-22 04:22:52,65.8,91.7,At Risk
C0393,2025-11-21 14:07:36,2025-07-26 22:52:19,117.6,91.7,At Risk
C0394,2026-01-20 19:51:41,,,28.9,Active
C0394,2026-01-24 05:41:12,2026-01-20 19:51:41,3.4,28.9,Active
C0394,2026-04-08 03:22:16,2026-01-24 05:41:12,73.9,28.9,Active
C0394,2026-04-27 05:26:00,2026-04-08 03:22:16,19.1,28.9,Active
C0394,2026-05-16 07:14:38,2026-04-27 05:26:00,19.1,28.9,Active
C0395,2025-06-16 09:16:20,,,57.8,At Risk
C0395,2025-08-13 03:47:53,2025-06-16 09:16:20,57.8,57.8,At Risk
C0397,2025-10-22 10:38:31,,,62.3,At Risk
C0397,2025-12-23 17:42:41,2025-10-22 10:38:31,62.3,62.3,At Risk
C0398,2026-05-10 04:50:25,,,60.2,At Risk
C0398,2026-07-09 08:41:54,2026-05-10 04:50:25,60.2,60.2,At Risk
C0399,2024-12-13 06:16:54,,,178.8,At Risk
C0399,2025-11-06 21:35:57,2024-12-13 06:16:54,328.6,178.8,At Risk
C0399,2025-12-12 07:00:19,2025-11-06 21:35:57,35.4,178.8,At Risk
C0399,2026-06-02 20:05:30,2025-12-12 07:00:19,172.5,178.8,At Risk
C0400,2025-06-02 16:43:32,,,200.8,At Risk
C0400,2026-02-27 23:00:20,2025-06-02 16:43:32,270.3,200.8,At Risk
C0400,2026-07-09 03:05:48,2026-02-27 23:00:20,131.2,200.8,At Risk
C0401,2026-03-06 08:54:23,,,26.7,Active
C0401,2026-03-24 11:50:17,2026-03-06 08:54:23,18.1,26.7,Active
C0401,2026-06-12 04:39:40,2026-03-24 11:50:17,79.7,26.7,Active
C0401,2026-06-13 14:01:03,2026-06-12 04:39:40,1.4,26.7,Active
C0401,2026-06-21 00:54:54,2026-06-13 14:01:03,7.5,26.7,Active
C0402,2026-01-01 18:37:44,,,66.9,At Risk
C0402,2026-03-09 17:22:07,2026-01-01 18:37:44,66.9,66.9,At Risk
C0404,2026-02-13 01:48:56,,,30.8,At Risk
C0404,2026-04-17 14:37:11,2026-02-13 01:48:56,63.5,30.8,At Risk
C0404,2026-04-24 22:51:22,2026-04-17 14:37:11,7.3,30.8,At Risk
C0404,2026-05-16 11:38:18,2026-04-24 22:51:22,21.5,30.8,At Risk
C0405,2025-03-21 07:22:42,,,232.9,At Risk
C0405,2025-05-24 01:02:54,2025-03-21 07:22:42,63.7,232.9,At Risk
C0405,2026-06-30 06:47:51,2025-05-24 01:02:54,402.2,232.9,At Risk
C0406,2026-04-08 18:16:55,,,,Active
C0407,2025-05-13 08:10:14,,,153.5,At Risk
C0407,2025-08-01 04:13:52,2025-05-13 08:10:14,79.8,153.5,At Risk
C0407,2026-03-16 09:50:15,2025-08-01 04:13:52,227.2,153.5,At Risk
C0408,2025-06-23 12:06:34,,,125.3,At Risk
C0408,2025-06-27 18:22:14,2025-06-23 12:06:34,4.3,125.3,At Risk
C0408,2025-10-22 09:09:51,2025-06-27 18:22:14,116.6,125.3,At Risk
C0408,2026-07-04 10:05:40,2025-10-22 09:09:51,255.0,125.3,At Risk
C0409,2026-06-29 19:39:35,,,,Active
C0411,2025-08-25 20:56:19,,,138.5,At Risk
C0411,2026-04-15 15:09:01,2025-08-25 20:56:19,232.8,138.5,At Risk
C0411,2026-05-29 20:25:51,2026-04-15 15:09:01,44.2,138.5,At Risk
C0414,2026-03-27 21:40:38,,,20.6,Active
C0414,2026-04-20 18:27:09,2026-03-27 21:40:38,23.9,20.6,Active
C0414,2026-05-28 01:22:38,2026-04-20 18:27:09,37.3,20.6,Active
C0414,2026-06-13 18:58:17,2026-05-28 01:22:38,16.7,20.6,Active
C0414,2026-06-18 07:24:12,2026-06-13 18:58:17,4.5,20.6,Active
C0415,2026-02-18 10:55:55,,,125.7,At Risk
C0415,2026-06-24 04:22:57,2026-02-18 10:55:55,125.7,125.7,At Risk
C0417,2026-06-13 12:12:43,,,,Active
C0418,2025-02-11 16:58:39,,,,Active
C0419,2026-06-01 04:04:17,,,7.2,Active
C0419,2026-06-15 15:09:21,2026-06-01 04:04:17,14.5,7.2,Active
C0419,2026-06-22 04:08:59,2026-06-15 15:09:21,6.5,7.2,Active
C0419,2026-06-22 16:21:53,2026-06-22 04:08:59,0.5,7.2,Active
C0422,2026-01-18 21:54:05,,,43.0,At Risk
C0422,2026-03-02 21:42:16,2026-01-18 21:54:05,43.0,43.0,At Risk
C0423,2026-01-23 21:34:37,,,36.2,At Risk
C0423,2026-03-01 03:05:44,2026-01-23 21:34:37,36.2,36.2,At Risk
C0424,2025-08-23 16:01:04,,,276.1,At Risk
C0424,2026-05-26 18:41:21,2025-08-23 16:01:04,276.1,276.1,At Risk
C0425,2025-08-21 02:46:03,,,256.9,At Risk
C0425,2026-05-05 00:40:36,2025-08-21 02:46:03,256.9,256.9,At Risk
C0426,2025-06-22 12:12:34,,,204.6,At Risk
C0426,2026-01-13 01:41:39,2025-06-22 12:12:34,204.6,204.6,At Risk
C0427,2026-06-07 03:19:38,,,23.4,Active
C0427,2026-06-30 12:30:44,2026-06-07 03:19:38,23.4,23.4,Active
C0428,2025-08-19 21:52:31,,,106.9,At Risk
C0428,2025-08-29 15:52:15,2025-08-19 21:52:31,9.7,106.9,At Risk
C0428,2025-12-16 20:05:25,2025-08-29 15:52:15,109.2,106.9,At Risk
C0428,2026-07-06 15:58:38,2025-12-16 20:05:25,201.8,106.9,At Risk
C0429,2024-07-04 13:11:30,,,206.2,At Risk
C0429,2025-05-11 06:16:12,2024-07-04 13:11:30,310.7,206.2,At Risk
C0429,2025-08-20 22:42:43,2025-05-11 06:16:12,101.7,206.2,At Risk
C0430,2025-06-11 08:59:40,,,339.8,At Risk
C0430,2026-05-17 04:30:22,2025-06-11 08:59:40,339.8,339.8,At Risk
C0431,2025-10-11 16:15:16,,,,Active
C0432,2024-12-24 16:55:01,,,120.6,At Risk
C0432,2025-01-09 18:55:16,2024-12-24 16:55:01,16.1,120.6,At Risk
C0432,2025-06-09 08:28:45,2025-01-09 18:55:16,150.6,120.6,At Risk
C0432,2025-09-03 02:48:13,2025-06-09 08:28:45,85.8,120.6,At Risk
C0432,2026-04-20 23:22:30,2025-09-03 02:48:13,229.9,120.6,At Risk
C0433,2025-02-24 18:09:52,,,222.3,At Risk
C0433,2026-01-25 11:20:09,2025-02-24 18:09:52,334.7,222.3,At Risk
C0433,2026-05-15 11:30:03,2026-01-25 11:20:09,110.0,222.3,At Risk
C0434,2025-10-29 07:58:15,,,114.7,At Risk
C0434,2026-02-21 00:05:59,2025-10-29 07:58:15,114.7,114.7,At Risk
C0435,2025-04-25 00:59:46,,,145.9,At Risk
C0435,2025-12-17 19:52:07,2025-04-25 00:59:46,236.8,145.9,At Risk
C0435,2026-02-10 18:57:30,2025-12-17 19:52:07,55.0,145.9,At Risk
C0436,2025-07-18 21:20:09,,,,Active
C0437,2026-05-28 19:41:36,,,,Active
C0438,2025-06-17 01:30:39,,,80.7,At Risk
C0438,2025-10-23 09:51:41,2025-06-17 01:30:39,128.3,80.7,At Risk
C0438,2025-11-25 12:10:36,2025-10-23 09:51:41,33.1,80.7,At Risk
C0439,2025-08-20 23:40:06,,,137.1,At Risk
C0439,2026-01-05 01:55:56,2025-08-20 23:40:06,137.1,137.1,At Risk
C0440,2026-06-08 08:06:33,,,15.5,Active
C0440,2026-06-29 09:16:03,2026-06-08 08:06:33,21.0,15.5,Active
C0440,2026-07-09 09:38:00,2026-06-29 09:16:03,10.0,15.5,Active
C0441,2025-05-04 17:50:12,,,255.0,At Risk
C0441,2026-01-14 16:59:43,2025-05-04 17:50:12,255.0,255.0,At Risk
C0442,2026-05-30 14:20:09,,,,Active
C0443,2026-05-07 17:10:56,,,,Active
C0444,2026-05-31 18:24:28,,,16.6,Active
C0444,2026-06-17 17:16:31,2026-05-31 18:24:28,17.0,16.6,Active
C0444,2026-07-03 21:18:46,2026-06-17 17:16:31,16.2,16.6,Active
C0445,2024-08-17 17:51:09,,,317.3,At Risk
C0445,2025-07-08 23:26:47,2024-08-17 17:51:09,325.2,317.3,At Risk
C0445,2026-05-14 06:20:09,2025-07-08 23:26:47,309.3,317.3,At Risk
C0446,2026-03-02 19:31:26,,,33.8,At Risk
C0446,2026-04-24 15:29:58,2026-03-02 19:31:26,52.8,33.8,At Risk
C0446,2026-06-01 09:08:58,2026-04-24 15:29:58,37.7,33.8,At Risk
C0446,2026-06-12 04:06:56,2026-06-01 09:08:58,10.8,33.8,At Risk
C0447,2025-02-27 14:10:40,,,,Active
C0448,2025-12-12 07:21:21,,,,Active
C0450,2025-09-29 22:08:19,,,167.5,At Risk
C0450,2026-03-16 09:16:02,2025-09-29 22:08:19,167.5,167.5,At Risk
C0451,2025-01-11 23:56:34,,,,Active
C0452,2025-10-27 20:29:35,,,,Active
C0453,2025-07-06 09:00:35,,,,Active
C0454,2026-04-10 09:56:57,,,26.6,Active
C0454,2026-04-17 10:24:22,2026-04-10 09:56:57,7.0,26.6,Active
C0454,2026-06-02 15:36:41,2026-04-17 10:24:22,46.2,26.6,Active
C0455,2026-05-04 02:08:11,,,22.0,Active
C0455,2026-05-07 05:14:38,2026-05-04 02:08:11,3.1,22.0,Active
C0455,2026-06-17 03:03:11,2026-05-07 05:14:38,40.9,22.0,Active
C0456,2026-03-25 19:38:10,,,,Active
C0457,2024-08-04 15:43:11,,,137.5,At Risk
C0457,2024-08-19 16:29:16,2024-08-04 15:43:11,15.0,137.5,At Risk
C0457,2024-11-01 16:07:15,2024-08-19 16:29:16,74.0,137.5,At Risk
C0457,2025-04-04 14:17:55,2024-11-01 16:07:15,153.9,137.5,At Risk
C0457,2026-02-05 17:57:30,2025-04-04 14:17:55,307.2,137.5,At Risk
C0458,2024-07-09 20:25:47,,,,Active
C0459,2025-05-05 10:18:16,,,,Active
C0460,2026-06-11 10:39:10,,,,Active
C0461,2026-05-29 09:56:04,,,,Active
C0462,2026-01-02 00:24:42,,,156.2,At Risk
C0462,2026-06-07 05:40:54,2026-01-02 00:24:42,156.2,156.2,At Risk
C0463,2026-04-02 02:45:54,,,42.4,At Risk
C0463,2026-05-09 12:18:40,2026-04-02 02:45:54,37.4,42.4,At Risk
C0463,2026-06-25 21:20:40,2026-05-09 12:18:40,47.4,42.4,At Risk
C0464,2025-06-02 14:13:52,,,281.1,At Risk
C0464,2026-03-10 16:46:56,2025-06-02 14:13:52,281.1,281.1,At Risk
C0465,2026-06-15 21:51:39,,,4.5,Active
C0465,2026-06-21 02:35:48,2026-06-15 21:51:39,5.2,4.5,Active
C0465,2026-06-24 23:00:42,2026-06-21 02:35:48,3.9,4.5,Active
C0466,2024-09-15 02:37:32,,,181.7,At Risk
C0466,2025-03-15 20:25:05,2024-09-15 02:37:32,181.7,181.7,At Risk
C0467,2026-01-17 07:46:12,,,128.7,At Risk
C0467,2026-05-26 01:35:04,2026-01-17 07:46:12,128.7,128.7,At Risk
C0468,2025-08-01 15:58:06,,,,Active
C0469,2024-10-20 05:53:30,,,542.4,At Risk
C0469,2026-04-15 16:30:16,2024-10-20 05:53:30,542.4,542.4,At Risk
C0470,2026-03-30 05:03:51,,,49.4,At Risk
C0470,2026-06-22 12:25:39,2026-03-30 05:03:51,84.3,49.4,At Risk
C0470,2026-07-07 03:54:50,2026-06-22 12:25:39,14.6,49.4,At Risk
C0471,2026-05-30 15:08:45,,,,Active
C0473,2026-02-12 15:52:49,,,94.7,At Risk
C0473,2026-05-18 08:48:07,2026-02-12 15:52:49,94.7,94.7,At Risk
C0474,2025-11-11 23:58:29,,,,Active
C0475,2026-06-29 05:17:32,,,,Active
C0476,2025-12-26 12:05:29,,,13.2,Active
C0476,2026-01-03 04:07:08,2025-12-26 12:05:29,7.7,13.2,Active
C0476,2026-01-21 19:27:43,2026-01-03 04:07:08,18.6,13.2,Active
C0477,2025-10-20 09:03:47,,,158.4,At Risk
C0477,2026-03-27 18:19:08,2025-10-20 09:03:47,158.4,158.4,At Risk
C0478,2026-03-12 05:04:12,,,19.5,Active
C0478,2026-03-31 16:05:53,2026-03-12 05:04:12,19.5,19.5,Active
C0480,2025-07-26 02:13:54,,,,Active
C0482,2025-10-19 23:05:35,,,139.7,At Risk
C0482,2026-03-08 15:20:06,2025-10-19 23:05:35,139.7,139.7,At Risk
C0483,2025-11-01 21:25:31,,,64.2,At Risk
C0483,2026-02-06 04:42:53,2025-11-01 21:25:31,96.3,64.2,At Risk
C0483,2026-03-26 16:09:25,2026-02-06 04:42:53,48.5,64.2,At Risk
C0483,2026-05-13 09:35:38,2026-03-26 16:09:25,47.7,64.2,At Risk
C0484,2025-11-20 21:43:52,,,0.1,Active
C0484,2025-11-21 01:08:26,2025-11-20 21:43:52,0.1,0.1,Active
C0485,2025-09-02 15:55:22,,,75.0,At Risk
C0485,2025-09-04 13:12:19,2025-09-02 15:55:22,1.9,75.0,At Risk
C0485,2025-10-04 20:37:16,2025-09-04 13:12:19,30.3,75.0,At Risk
C0485,2026-03-21 23:46:22,2025-10-04 20:37:16,168.1,75.0,At Risk
C0485,2026-06-29 21:22:24,2026-03-21 23:46:22,99.9,75.0,At Risk
C0486,2026-05-31 20:18:51,,,6.3,Active
C0486,2026-06-10 16:36:52,2026-05-31 20:18:51,9.8,6.3,Active
C0486,2026-06-13 11:57:39,2026-06-10 16:36:52,2.8,6.3,Active
C0487,2025-09-25 04:34:58,,,70.5,At Risk
C0487,2025-09-26 20:11:01,2025-09-25 04:34:58,1.7,70.5,At Risk
C0487,2026-03-06 00:09:38,2025-09-26 20:11:01,160.2,70.5,At Risk
C0487,2026-05-06 03:35:00,2026-03-06 00:09:38,61.1,70.5,At Risk
C0487,2026-07-04 01:43:50,2026-05-06 03:35:00,58.9,70.5,At Risk
C0488,2025-01-25 12:49:07,,,,Active
C0489,2025-11-12 15:08:21,,,108.4,At Risk
C0489,2026-03-01 00:43:49,2025-11-12 15:08:21,108.4,108.4,At Risk
C0490,2025-10-03 16:42:14,,,,Active
C0492,2025-11-05 02:12:29,,,77.2,At Risk
C0492,2026-01-01 14:36:00,2025-11-05 02:12:29,57.5,77.2,At Risk
C0492,2026-04-23 06:21:09,2026-01-01 14:36:00,111.7,77.2,At Risk
C0492,2026-06-24 15:45:41,2026-04-23 06:21:09,62.4,77.2,At Risk
C0493,2025-10-12 07:04:28,,,123.5,At Risk
C0493,2026-02-12 19:57:08,2025-10-12 07:04:28,123.5,123.5,At Risk
C0494,2025-09-12 11:35:43,,,136.1,At Risk
C0494,2026-01-26 13:14:15,2025-09-12 11:35:43,136.1,136.1,At Risk
C0495,2026-03-07 16:53:37,,,30.3,At Risk
C0495,2026-03-30 00:01:08,2026-03-07 16:53:37,22.3,30.3,At Risk
C0495,2026-05-06 18:49:01,2026-03-30 00:01:08,37.8,30.3,At Risk
C0495,2026-06-01 23:35:10,2026-05-06 18:49:01,26.2,30.3,At Risk
C0495,2026-07-06 18:49:29,2026-06-01 23:35:10,34.8,30.3,At Risk
C0496,2025-12-09 13:22:44,,,200.5,At Risk
C0496,2026-06-28 00:36:51,2025-12-09 13:22:44,200.5,200.5,At Risk
C0497,2024-11-17 04:57:32,,,72.4,At Risk
C0497,2025-02-23 10:31:39,2024-11-17 04:57:32,98.2,72.4,At Risk
C0497,2025-09-26 13:15:33,2025-02-23 10:31:39,215.1,72.4,At Risk
C0497,2025-09-29 08:19:04,2025-09-26 13:15:33,2.8,72.4,At Risk
C0497,2025-10-07 05:11:44,2025-09-29 08:19:04,7.9,72.4,At Risk
C0497,2025-11-07 05:27:27,2025-10-07 05:11:44,31.0,72.4,At Risk
C0497,2026-03-12 13:59:11,2025-11-07 05:27:27,125.4,72.4,At Risk
C0497,2026-04-07 20:27:46,2026-03-12 13:59:11,26.3,72.4,At Risk
C0498,2025-05-05 03:48:25,,,147.8,At Risk
C0498,2025-11-23 13:40:47,2025-05-05 03:48:25,202.4,147.8,At Risk
C0498,2026-02-24 20:58:51,2025-11-23 13:40:47,93.3,147.8,At Risk
C0499,2026-03-08 04:46:59,,,28.3,Active
C0499,2026-04-05 01:32:17,2026-03-08 04:46:59,27.9,28.3,Active
C0499,2026-05-18 14:47:45,2026-04-05 01:32:17,43.6,28.3,Active
C0499,2026-06-01 02:58:37,2026-05-18 14:47:45,13.5,28.3,Active
C0500,2026-03-20 03:54:50,,,10.7,Active
C0500,2026-03-23 05:17:27,2026-03-20 03:54:50,3.1,10.7,Active
C0500,2026-04-10 13:41:26,2026-03-23 05:17:27,18.3,10.7,Active
C0501,2025-10-08 19:53:10,,,63.1,At Risk
C0501,2025-12-07 01:23:28,2025-10-08 19:53:10,59.2,63.1,At Risk
C0501,2026-02-11 23:34:33,2025-12-07 01:23:28,66.9,63.1,At Risk
C0503,2024-10-28 07:07:26,,,136.4,At Risk
C0503,2025-06-23 10:50:05,2024-10-28 07:07:26,238.2,136.4,At Risk
C0503,2025-07-28 02:03:22,2025-06-23 10:50:05,34.6,136.4,At Risk
C0504,2024-07-02 05:25:36,,,73.4,At Risk
C0504,2024-08-24 08:36:48,2024-07-02 05:25:36,53.1,73.4,At Risk
C0504,2024-11-09 16:48:35,2024-08-24 08:36:48,77.3,73.4,At Risk
C0504,2024-11-23 20:38:56,2024-11-09 16:48:35,14.2,73.4,At Risk
C0504,2025-05-11 05:27:23,2024-11-23 20:38:56,168.4,73.4,At Risk
C0504,2025-07-04 01:08:48,2025-05-11 05:27:23,53.8,73.4,At Risk
C0505,2026-01-07 20:51:24,,,51.1,At Risk
C0505,2026-03-26 01:51:25,2026-01-07 20:51:24,77.2,51.1,At Risk
C0505,2026-05-28 12:58:03,2026-03-26 01:51:25,63.5,51.1,At Risk
C0505,2026-06-10 02:54:31,2026-05-28 12:58:03,12.6,51.1,At Risk
C0506,2026-04-18 02:28:51,,,23.4,Active
C0506,2026-05-13 23:07:13,2026-04-18 02:28:51,25.9,23.4,Active
C0506,2026-06-03 20:41:42,2026-05-13 23:07:13,20.9,23.4,Active
C0507,2026-04-28 19:57:13,,,,Active
C0508,2025-08-28 11:49:43,,,33.5,At Risk
C0508,2025-09-12 05:00:39,2025-08-28 11:49:43,14.7,33.5,At Risk
C0508,2025-11-06 09:09:42,2025-09-12 05:00:39,55.2,33.5,At Risk
C0508,2025-11-13 05:25:09,2025-11-06 09:09:42,6.8,33.5,At Risk
C0508,2026-01-09 18:35:37,2025-11-13 05:25:09,57.5,33.5,At Risk
C0509,2024-12-02 21:29:14,,,286.8,At Risk
C0509,2025-09-15 16:01:05,2024-12-02 21:29:14,286.8,286.8,At Risk
C0510,2026-02-23 05:43:42,,,81.3,At Risk
C0510,2026-05-15 12:47:44,2026-02-23 05:43:42,81.3,81.3,At Risk
C0511,2025-07-26 02:58:43,,,108.6,At Risk
C0511,2025-10-12 02:03:14,2025-07-26 02:58:43,78.0,108.6,At Risk
C0511,2026-04-04 06:52:05,2025-10-12 02:03:14,174.2,108.6,At Risk
C0511,2026-06-17 00:51:17,2026-04-04 06:52:05,73.7,108.6,At Risk
C0512,2025-09-28 10:44:01,,,,Active
C0513,2025-05-12 16:13:04,,,31.7,At Risk
C0513,2025-06-13 08:53:44,2025-05-12 16:13:04,31.7,31.7,At Risk
C0514,2026-02-09 23:16:42,,,97.0,At Risk
C0514,2026-05-18 00:19:50,2026-02-09 23:16:42,97.0,97.0,At Risk
C0515,2026-03-13 20:44:12,,,90.0,At Risk
C0515,2026-06-11 20:09:20,2026-03-13 20:44:12,90.0,90.0,At Risk
C0516,2025-11-06 11:53:19,,,40.4,At Risk
C0516,2025-12-13 15:19:56,2025-11-06 11:53:19,37.1,40.4,At Risk
C0516,2026-01-22 20:55:37,2025-12-13 15:19:56,40.2,40.4,At Risk
C0516,2026-04-11 05:59:06,2026-01-22 20:55:37,78.4,40.4,At Risk
C0516,2026-05-08 09:36:00,2026-04-11 05:59:06,27.2,40.4,At Risk
C0516,2026-05-27 16:23:13,2026-05-08 09:36:00,19.3,40.4,At Risk
C0517,2026-02-16 09:19:26,,,,Active
C0518,2026-05-20 12:10:47,,,,Active
C0519,2026-04-19 16:09:45,,,,Active
C0520,2025-02-19 04:02:13,,,,Active
C0522,2026-01-03 19:06:45,,,,Active
C0523,2026-03-21 14:00:44,,,41.3,At Risk
C0523,2026-05-25 12:14:25,2026-03-21 14:00:44,64.9,41.3,At Risk
C0523,2026-06-12 03:51:56,2026-05-25 12:14:25,17.7,41.3,At Risk
C0524,2025-12-17 14:02:01,,,60.2,At Risk
C0524,2026-02-24 13:29:58,2025-12-17 14:02:01,69.0,60.2,At Risk
C0524,2026-04-26 06:46:24,2026-02-24 13:29:58,60.7,60.2,At Risk
C0524,2026-06-16 04:32:43,2026-04-26 06:46:24,50.9,60.2,At Risk
C0525,2026-05-31 09:44:01,,,26.2,Active
C0525,2026-06-26 13:23:26,2026-05-31 09:44:01,26.2,26.2,Active
C0526,2024-08-28 05:49:53,,,295.5,At Risk
C0526,2025-06-19 18:02:07,2024-08-28 05:49:53,295.5,295.5,At Risk
C0527,2025-11-02 06:29:06,,,118.3,At Risk
C0527,2026-01-03 04:54:56,2025-11-02 06:29:06,61.9,118.3,At Risk
C0527,2026-06-26 18:47:39,2026-01-03 04:54:56,174.6,118.3,At Risk
C0528,2026-02-24 12:54:09,,,32.8,At Risk
C0528,2026-04-23 05:18:34,2026-02-24 12:54:09,57.7,32.8,At Risk
C0528,2026-05-01 00:11:54,2026-04-23 05:18:34,7.8,32.8,At Risk
C0529,2026-06-16 16:50:25,,,15.7,Active
C0529,2026-07-02 09:01:15,2026-06-16 16:50:25,15.7,15.7,Active
C0530,2025-06-28 09:54:38,,,119.5,At Risk
C0530,2025-10-25 22:15:12,2025-06-28 09:54:38,119.5,119.5,At Risk
C0531,2026-03-16 15:58:48,,,,Active
C0533,2026-05-11 04:41:55,,,24.7,Active
C0533,2026-06-19 12:07:57,2026-05-11 04:41:55,39.3,24.7,Active
C0533,2026-06-29 14:11:40,2026-06-19 12:07:57,10.1,24.7,Active
C0534,2025-04-13 21:48:12,,,73.6,At Risk
C0534,2025-04-23 20:52:58,2025-04-13 21:48:12,10.0,73.6,At Risk
C0534,2025-07-15 16:28:19,2025-04-23 20:52:58,82.8,73.6,At Risk
C0534,2025-12-07 06:10:24,2025-07-15 16:28:19,144.6,73.6,At Risk
C0534,2026-01-03 17:59:20,2025-12-07 06:10:24,27.5,73.6,At Risk
C0534,2026-06-20 07:17:12,2026-01-03 17:59:20,167.6,73.6,At Risk
C0534,2026-06-29 14:44:27,2026-06-20 07:17:12,9.3,73.6,At Risk
C0535,2024-11-25 02:35:41,,,179.6,At Risk
C0535,2025-05-23 18:07:06,2024-11-25 02:35:41,179.6,179.6,At Risk
C0536,2025-02-12 16:45:12,,,241.8,At Risk
C0536,2025-11-06 20:25:16,2025-02-12 16:45:12,267.2,241.8,At Risk
C0536,2026-06-11 03:39:34,2025-11-06 20:25:16,216.3,241.8,At Risk
C0537,2025-11-28 07:57:26,,,,Active
C0538,2024-12-10 23:48:04,,,80.3,At Risk
C0538,2025-02-24 00:33:59,2024-12-10 23:48:04,75.0,80.3,At Risk
C0538,2025-05-20 18:30:14,2025-02-24 00:33:59,85.7,80.3,At Risk
C0539,2025-10-04 06:02:50,,,29.3,Active
C0539,2025-11-03 20:23:20,2025-10-04 06:02:50,30.6,29.3,Active
C0539,2025-12-01 19:02:24,2025-11-03 20:23:20,27.9,29.3,Active
C0540,2025-09-22 20:23:51,,,195.5,At Risk
C0540,2026-04-06 08:06:57,2025-09-22 20:23:51,195.5,195.5,At Risk
C0542,2024-11-14 16:45:48,,,307.8,At Risk
C0542,2025-09-18 11:35:36,2024-11-14 16:45:48,307.8,307.8,At Risk
C0543,2025-12-26 20:52:37,,,2.6,Active
C0543,2025-12-29 10:07:49,2025-12-26 20:52:37,2.6,2.6,Active
C0544,2025-02-03 01:39:08,,,50.6,At Risk
C0544,2025-03-18 01:56:44,2025-02-03 01:39:08,43.0,50.6,At Risk
C0544,2025-05-03 06:39:37,2025-03-18 01:56:44,46.2,50.6,At Risk
C0544,2025-07-04 19:58:46,2025-05-03 06:39:37,62.6,50.6,At Risk
C0545,2026-05-10 01:29:15,,,,Active
C0546,2026-01-25 21:22:59,,,50.3,At Risk
C0546,2026-03-16 07:41:48,2026-01-25 21:22:59,49.4,50.3,At Risk
C0546,2026-05-06 15:23:05,2026-03-16 07:41:48,51.3,50.3,At Risk
C0547,2026-02-10 16:19:48,,,43.9,At Risk
C0547,2026-04-09 02:44:26,2026-02-10 16:19:48,57.4,43.9,At Risk
C0547,2026-04-14 14:47:28,2026-04-09 02:44:26,5.5,43.9,At Risk
C0547,2026-06-22 07:22:40,2026-04-14 14:47:28,68.7,43.9,At Risk
C0548,2025-09-11 06:58:55,,,150.0,At Risk
C0548,2025-10-24 02:55:16,2025-09-11 06:58:55,42.8,150.0,At Risk
C0548,2026-07-08 08:23:55,2025-10-24 02:55:16,257.2,150.0,At Risk
C0549,2025-05-30 12:56:12,,,84.2,At Risk
C0549,2025-10-29 06:44:32,2025-05-30 12:56:12,151.7,84.2,At Risk
C0549,2025-12-30 11:57:49,2025-10-29 06:44:32,62.2,84.2,At Risk
C0549,2026-02-07 02:11:09,2025-12-30 11:57:49,38.6,84.2,At Risk
C0550,2026-04-14 05:56:48,,,,Active
C0551,2025-11-23 13:17:16,,,,Active
C0552,2025-11-28 00:27:06,,,40.3,At Risk
C0552,2025-12-17 12:21:41,2025-11-28 00:27:06,19.5,40.3,At Risk
C0552,2026-01-03 04:35:46,2025-12-17 12:21:41,16.7,40.3,At Risk
C0552,2026-01-31 06:52:41,2026-01-03 04:35:46,28.1,40.3,At Risk
C0552,2026-05-07 23:58:12,2026-01-31 06:52:41,96.7,40.3,At Risk
C0553,2025-10-04 18:44:22,,,21.4,Active
C0553,2025-10-26 05:04:03,2025-10-04 18:44:22,21.4,21.4,Active
C0554,2024-07-26 07:00:42,,,133.1,At Risk
C0554,2024-12-23 10:05:25,2024-07-26 07:00:42,150.1,133.1,At Risk
C0554,2025-06-10 14:11:29,2024-12-23 10:05:25,169.2,133.1,At Risk
C0554,2025-08-29 13:44:09,2025-06-10 14:11:29,80.0,133.1,At Risk
C0555,2026-05-09 08:17:13,,,,Active
C0556,2026-05-06 07:59:18,,,,Active
C0557,2025-03-08 13:49:39,,,125.5,At Risk
C0557,2025-03-28 00:56:21,2025-03-08 13:49:39,19.5,125.5,At Risk
C0557,2025-08-22 03:04:32,2025-03-28 00:56:21,147.1,125.5,At Risk
C0557,2026-03-20 04:02:38,2025-08-22 03:04:32,210.0,125.5,At Risk
C0558,2025-02-16 11:36:23,,,254.5,At Risk
C0558,2025-10-28 22:54:28,2025-02-16 11:36:23,254.5,254.5,At Risk
C0559,2024-11-07 16:00:20,,,29.8,Active
C0559,2025-01-04 01:21:10,2024-11-07 16:00:20,57.4,29.8,Active
C0559,2025-01-06 03:54:34,2025-01-04 01:21:10,2.1,29.8,Active
C0560,2025-08-11 10:22:58,,,93.5,At Risk
C0560,2025-11-12 22:35:15,2025-08-11 10:22:58,93.5,93.5,At Risk
C0561,2025-09-18 10:30:26,,,268.4,At Risk
C0561,2026-06-13 19:59:59,2025-09-18 10:30:26,268.4,268.4,At Risk
C0562,2026-05-05 22:05:22,,,,Active
C0563,2025-11-18 01:34:54,,,,Active
C0564,2026-04-25 20:09:07,,,,Active
C0565,2025-09-24 10:14:25,,,259.4,At Risk
C0565,2026-06-10 20:27:49,2025-09-24 10:14:25,259.4,259.4,At Risk
C0567,2025-08-27 11:16:21,,,130.3,At Risk
C0567,2025-10-08 09:57:40,2025-08-27 11:16:21,41.9,130.3,At Risk
C0567,2026-05-15 02:47:28,2025-10-08 09:57:40,218.7,130.3,At Risk
C0568,2025-10-21 10:28:54,,,180.6,At Risk
C0568,2026-04-20 01:10:43,2025-10-21 10:28:54,180.6,180.6,At Risk
C0572,2024-11-18 17:08:08,,,261.4,At Risk
C0572,2025-07-22 21:37:09,2024-11-18 17:08:08,246.2,261.4,At Risk
C0572,2026-04-25 11:25:26,2025-07-22 21:37:09,276.6,261.4,At Risk
C0573,2024-12-01 21:00:38,,,249.2,At Risk
C0573,2025-08-08 01:50:09,2024-12-01 21:00:38,249.2,249.2,At Risk
C0575,2025-10-20 00:28:42,,,80.9,At Risk
C0575,2026-05-24 13:19:26,2025-10-20 00:28:42,216.5,80.9,At Risk
C0575,2026-05-25 09:39:57,2026-05-24 13:19:26,0.8,80.9,At Risk
C0575,2026-06-19 16:41:39,2026-05-25 09:39:57,25.3,80.9,At Risk
C0576,2024-08-02 14:22:01,,,315.5,At Risk
C0576,2024-12-08 15:59:12,2024-08-02 14:22:01,128.1,315.5,At Risk
C0576,2026-04-25 14:15:56,2024-12-08 15:59:12,502.9,315.5,At Risk
C0577,2026-04-19 18:57:39,,,,Active
C0578,2024-10-19 08:58:43,,,,Active
C0579,2026-01-15 02:18:40,,,,Active
C0580,2025-03-18 17:09:53,,,75.9,At Risk
C0580,2025-06-17 08:52:13,2025-03-18 17:09:53,90.7,75.9,At Risk
C0580,2025-09-14 07:04:17,2025-06-17 08:52:13,88.9,75.9,At Risk
C0580,2026-01-07 01:59:16,2025-09-14 07:04:17,114.8,75.9,At Risk
C0580,2026-01-16 09:05:11,2026-01-07 01:59:16,9.3,75.9,At Risk
C0581,2025-10-31 14:50:49,,,,Active
C0582,2026-06-06 21:39:36,,,12.0,Active
C0582,2026-06-24 20:11:33,2026-06-06 21:39:36,17.9,12.0,Active
C0582,2026-06-30 22:57:16,2026-06-24 20:11:33,6.1,12.0,Active
C0583,2025-12-22 07:22:12,,,,Active
C0584,2024-08-23 01:53:41,,,385.6,At Risk
C0584,2025-09-12 16:34:32,2024-08-23 01:53:41,385.6,385.6,At Risk
C0585,2025-11-11 11:07:05,,,,Active
C0586,2025-12-29 04:45:18,,,49.2,At Risk
C0586,2026-05-10 10:50:22,2025-12-29 04:45:18,132.3,49.2,At Risk
C0586,2026-05-23 20:32:37,2026-05-10 10:50:22,13.4,49.2,At Risk
C0586,2026-05-25 19:26:36,2026-05-23 20:32:37,2.0,49.2,At Risk
C0587,2024-09-14 21:44:18,,,304.4,At Risk
C0587,2026-03-04 12:28:37,2024-09-14 21:44:18,535.6,304.4,At Risk
C0587,2026-05-16 19:13:09,2026-03-04 12:28:37,73.3,304.4,At Risk
C0588,2026-06-17 15:28:21,,,,Active
C0589,2024-10-07 22:47:46,,,,Active
C0591,2025-03-03 07:52:24,,,58.1,At Risk
C0591,2025-04-12 00:49:01,2025-03-03 07:52:24,39.7,58.1,At Risk
C0591,2025-07-16 22:31:00,2025-04-12 00:49:01,95.9,58.1,At Risk
C0591,2025-09-21 07:27:02,2025-07-16 22:31:00,66.4,58.1,At Risk
C0591,2026-01-24 09:08:42,2025-09-21 07:27:02,125.1,58.1,At Risk
C0591,2026-02-09 10:58:13,2026-01-24 09:08:42,16.1,58.1,At Risk
C0591,2026-02-14 19:00:35,2026-02-09 10:58:13,5.3,58.1,At Risk
C0592,2025-01-19 20:19:19,,,241.2,At Risk
C0592,2025-11-14 20:51:48,2025-01-19 20:19:19,299.0,241.2,At Risk
C0592,2026-05-17 03:20:58,2025-11-14 20:51:48,183.3,241.2,At Risk
C0593,2025-08-27 19:25:14,,,,Active
C0594,2026-02-17 04:08:35,,,,Active
C0595,2026-06-17 09:01:35,,,22.5,Active
C0595,2026-07-09 20:11:25,2026-06-17 09:01:35,22.5,22.5,Active
C0596,2026-06-07 07:05:01,,,,Active
C0597,2024-11-27 13:29:24,,,146.5,At Risk
C0597,2025-03-28 08:57:56,2024-11-27 13:29:24,120.8,146.5,At Risk
C0597,2025-12-14 11:39:46,2025-03-28 08:57:56,261.1,146.5,At Risk
C0597,2026-02-10 01:10:44,2025-12-14 11:39:46,57.6,146.5,At Risk
C0598,2024-08-01 22:57:34,,,518.0,At Risk
C0598,2026-01-01 23:21:43,2024-08-01 22:57:34,518.0,518.0,At Risk
C0599,2026-05-14 10:48:53,,,,Active
C0600,2025-01-05 10:56:40,,,47.6,At Risk
C0600,2025-02-22 01:22:28,2025-01-05 10:56:40,47.6,47.6,At Risk
C0601,2025-01-23 01:20:27,,,133.0,At Risk
C0601,2025-03-13 11:22:34,2025-01-23 01:20:27,49.4,133.0,At Risk
C0601,2025-06-26 16:30:50,2025-03-13 11:22:34,105.2,133.0,At Risk
C0601,2026-02-26 05:36:19,2025-06-26 16:30:50,244.5,133.0,At Risk
C0602,2025-12-18 03:53:14,,,73.7,At Risk
C0602,2026-03-01 19:50:38,2025-12-18 03:53:14,73.7,73.7,At Risk
C0603,2026-03-13 03:34:34,,,,Active
C0604,2025-02-14 10:31:30,,,348.5,At Risk
C0604,2026-01-28 23:03:04,2025-02-14 10:31:30,348.5,348.5,At Risk
C0605,2025-10-15 11:12:12,,,72.2,At Risk
C0605,2025-10-24 20:17:07,2025-10-15 11:12:12,9.4,72.2,At Risk
C0605,2026-03-08 20:54:19,2025-10-24 20:17:07,135.0,72.2,At Risk
C0606,2024-11-22 16:59:47,,,163.2,At Risk
C0606,2025-05-04 21:27:35,2024-11-22 16:59:47,163.2,163.2,At Risk
C0607,2026-04-07 19:55:31,,,,Active
C0608,2025-12-26 00:23:31,,,26.1,Active
C0608,2026-02-11 07:56:33,2025-12-26 00:23:31,47.3,26.1,Active
C0608,2026-02-16 04:37:05,2026-02-11 07:56:33,4.9,26.1,Active
C0609,2025-04-21 12:13:11,,,137.3,At Risk
C0609,2026-03-01 16:50:54,2025-04-21 12:13:11,314.2,137.3,At Risk
C0609,2026-03-29 11:58:14,2026-03-01 16:50:54,27.8,137.3,At Risk
C0609,2026-06-07 10:44:07,2026-03-29 11:58:14,69.9,137.3,At Risk
C0610,2025-02-15 15:03:15,,,,Active
C0612,2025-12-18 19:05:01,,,113.4,At Risk
C0612,2026-04-11 03:50:31,2025-12-18 19:05:01,113.4,113.4,At Risk
C0613,2026-01-20 10:18:17,,,8.8,Active
C0613,2026-01-29 05:34:24,2026-01-20 10:18:17,8.8,8.8,Active
C0614,2025-08-16 15:49:48,,,131.9,At Risk
C0614,2025-08-23 02:53:12,2025-08-16 15:49:48,6.5,131.9,At Risk
C0614,2026-05-07 10:08:50,2025-08-23 02:53:12,257.3,131.9,At Risk
C0615,2024-07-06 02:31:48,,,106.6,At Risk
C0615,2024-07-31 07:41:39,2024-07-06 02:31:48,25.2,106.6,At Risk
C0615,2024-10-03 23:24:19,2024-07-31 07:41:39,64.7,106.6,At Risk
C0615,2024-12-15 10:27:09,2024-10-03 23:24:19,72.5,106.6,At Risk
C0615,2025-07-03 11:51:03,2024-12-15 10:27:09,200.1,106.6,At Risk
C0615,2025-12-20 19:31:46,2025-07-03 11:51:03,170.3,106.6,At Risk
C0616,2024-10-19 20:20:49,,,83.6,At Risk
C0616,2025-02-06 02:49:30,2024-10-19 20:20:49,109.3,83.6,At Risk
C0616,2025-04-05 00:57:54,2025-02-06 02:49:30,57.9,83.6,At Risk
C0617,2026-02-13 00:14:27,,,52.4,At Risk
C0617,2026-03-22 05:38:32,2026-02-13 00:14:27,37.2,52.4,At Risk
C0617,2026-05-28 20:51:47,2026-03-22 05:38:32,67.6,52.4,At Risk
C0618,2025-12-11 17:33:01,,,98.1,At Risk
C0618,2026-05-31 10:30:34,2025-12-11 17:33:01,170.7,98.1,At Risk
C0618,2026-06-25 23:44:02,2026-05-31 10:30:34,25.6,98.1,At Risk
C0619,2025-12-03 10:40:26,,,27.0,Active
C0619,2025-12-30 09:53:05,2025-12-03 10:40:26,27.0,27.0,Active
C0620,2025-12-22 23:38:32,,,16.9,Active
C0620,2025-12-27 16:12:49,2025-12-22 23:38:32,4.7,16.9,Active
C0620,2026-01-25 16:59:32,2025-12-27 16:12:49,29.0,16.9,Active
C0621,2025-05-08 08:24:10,,,169.0,At Risk
C0621,2025-05-28 01:11:11,2025-05-08 08:24:10,19.7,169.0,At Risk
C0621,2026-04-11 11:35:17,2025-05-28 01:11:11,318.4,169.0,At Risk
C0622,2025-04-05 12:29:52,,,92.9,At Risk
C0622,2025-06-03 21:01:06,2025-04-05 12:29:52,59.4,92.9,At Risk
C0622,2025-10-08 06:04:54,2025-06-03 21:01:06,126.4,92.9,At Risk
C0623,2025-11-11 02:56:03,,,89.8,At Risk
C0623,2026-01-23 03:34:40,2025-11-11 02:56:03,73.0,89.8,At Risk
C0623,2026-05-09 20:24:53,2026-01-23 03:34:40,106.7,89.8,At Risk
C0624,2025-09-03 13:47:57,,,278.1,At Risk
C0624,2026-06-08 16:54:07,2025-09-03 13:47:57,278.1,278.1,At Risk
C0625,2025-05-01 23:14:11,,,,Active
C0626,2024-11-18 17:35:37,,,190.8,At Risk
C0626,2025-10-15 09:00:29,2024-11-18 17:35:37,330.6,190.8,At Risk
C0626,2025-10-17 12:48:31,2025-10-15 09:00:29,2.2,190.8,At Risk
C0626,2026-06-14 01:32:36,2025-10-17 12:48:31,239.5,190.8,At Risk
C0629,2025-08-28 13:44:13,,,88.4,At Risk
C0629,2025-12-15 06:35:35,2025-08-28 13:44:13,108.7,88.4,At Risk
C0629,2026-05-07 19:59:47,2025-12-15 06:35:35,143.6,88.4,At Risk
C0629,2026-05-20 20:01:48,2026-05-07 19:59:47,13.0,88.4,At Risk
C0630,2025-07-17 10:47:25,,,,Active
C0631,2026-05-06 05:21:07,,,,Active
C0632,2026-06-05 12:39:11,,,6.8,Active
C0632,2026-06-10 06:19:56,2026-06-05 12:39:11,4.7,6.8,Active
C0632,2026-06-16 18:49:29,2026-06-10 06:19:56,6.5,6.8,Active
C0632,2026-06-25 20:09:55,2026-06-16 18:49:29,9.1,6.8,Active
C0633,2026-05-14 00:13:35,,,21.9,Active
C0633,2026-06-04 23:01:26,2026-05-14 00:13:35,21.9,21.9,Active
C0634,2025-01-05 17:57:10,,,231.8,At Risk
C0634,2025-09-07 12:49:52,2025-01-05 17:57:10,244.8,231.8,At Risk
C0634,2026-04-14 04:34:19,2025-09-07 12:49:52,218.7,231.8,At Risk
C0635,2025-08-17 18:51:12,,,13.1,Active
C0635,2025-08-30 21:11:34,2025-08-17 18:51:12,13.1,13.1,Active
C0636,2025-01-06 06:43:50,,,161.9,At Risk
C0636,2025-02-10 16:00:02,2025-01-06 06:43:50,35.4,161.9,At Risk
C0636,2025-04-12 22:44:09,2025-02-10 16:00:02,61.3,161.9,At Risk
C0636,2026-05-06 20:32:13,2025-04-12 22:44:09,388.9,161.9,At Risk
C0637,2026-05-07 05:39:43,,,,Active
C0639,2026-02-19 22:40:20,,,95.4,At Risk
C0639,2026-05-26 09:02:48,2026-02-19 22:40:20,95.4,95.4,At Risk
C0640,2026-06-28 01:31:38,,,10.2,Active
C0640,2026-07-08 05:12:45,2026-06-28 01:31:38,10.2,10.2,Active
C0641,2025-04-03 01:45:21,,,447.7,At Risk
C0641,2026-06-24 17:53:29,2025-04-03 01:45:21,447.7,447.7,At Risk
C0642,2025-11-05 16:18:44,,,,Active
C0643,2024-07-18 14:58:38,,,124.9,At Risk
C0643,2024-08-24 21:55:02,2024-07-18 14:58:38,37.3,124.9,At Risk
C0643,2025-06-23 18:32:26,2024-08-24 21:55:02,302.9,124.9,At Risk
C0643,2025-07-30 04:28:26,2025-06-23 18:32:26,36.4,124.9,At Risk
C0643,2026-01-13 05:18:57,2025-07-30 04:28:26,167.0,124.9,At Risk
C0643,2026-04-03 22:46:15,2026-01-13 05:18:57,80.7,124.9,At Risk
C0644,2026-01-30 16:09:15,,,115.1,At Risk
C0644,2026-05-25 18:20:31,2026-01-30 16:09:15,115.1,115.1,At Risk
C0645,2024-09-13 19:11:50,,,164.8,At Risk
C0645,2025-08-03 04:21:17,2024-09-13 19:11:50,323.4,164.8,At Risk
C0645,2025-11-05 19:30:43,2025-08-03 04:21:17,94.6,164.8,At Risk
C0645,2026-01-21 02:03:00,2025-11-05 19:30:43,76.3,164.8,At Risk
C0646,2025-09-04 16:47:08,,,126.3,At Risk
C0646,2026-05-06 09:06:38,2025-09-04 16:47:08,243.7,126.3,At Risk
C0646,2026-05-15 09:40:03,2026-05-06 09:06:38,9.0,126.3,At Risk
C0647,2025-07-10 02:45:04,,,309.7,At Risk
C0647,2026-05-15 19:55:31,2025-07-10 02:45:04,309.7,309.7,At Risk
C0648,2025-12-16 05:04:38,,,50.7,At Risk
C0648,2026-02-03 09:46:46,2025-12-16 05:04:38,49.2,50.7,At Risk
C0648,2026-03-30 06:18:09,2026-02-03 09:46:46,54.9,50.7,At Risk
C0648,2026-07-04 00:29:44,2026-03-30 06:18:09,95.8,50.7,At Risk
C0648,2026-07-06 20:22:06,2026-07-04 00:29:44,2.8,50.7,At Risk
C0649,2026-05-19 17:21:08,,,,Active
C0650,2025-02-15 17:31:08,,,73.4,At Risk
C0650,2025-04-04 22:20:52,2025-02-15 17:31:08,48.2,73.4,At Risk
C0650,2025-05-23 02:35:48,2025-04-04 22:20:52,48.2,73.4,At Risk
C0650,2025-09-23 21:45:18,2025-05-23 02:35:48,123.8,73.4,At Risk
C0652,2026-03-16 09:07:40,,,,Active
C0653,2025-06-22 11:06:09,,,126.9,At Risk
C0653,2025-11-19 22:15:57,2025-06-22 11:06:09,150.5,126.9,At Risk
C0653,2026-03-09 19:50:01,2025-11-19 22:15:57,109.9,126.9,At Risk
C0653,2026-07-08 06:32:47,2026-03-09 19:50:01,120.4,126.9,At Risk
C0654,2025-11-13 13:40:49,,,75.0,At Risk
C0654,2026-03-06 02:58:06,2025-11-13 13:40:49,112.6,75.0,At Risk
C0654,2026-05-04 18:10:24,2026-03-06 02:58:06,59.6,75.0,At Risk
C0654,2026-06-26 11:51:17,2026-05-04 18:10:24,52.7,75.0,At Risk
C0655,2025-06-18 04:48:15,,,179.0,At Risk
C0655,2025-07-14 10:03:59,2025-06-18 04:48:15,26.2,179.0,At Risk
C0655,2026-06-11 05:50:49,2025-07-14 10:03:59,331.8,179.0,At Risk
C0656,2026-05-29 12:58:21,,,5.3,Active
C0656,2026-06-03 20:01:55,2026-05-29 12:58:21,5.3,5.3,Active
C0657,2025-06-24 20:12:20,,,377.1,At Risk
C0657,2026-07-06 22:52:29,2025-06-24 20:12:20,377.1,377.1,At Risk
C0658,2025-03-07 09:50:48,,,283.3,At Risk
C0658,2025-12-15 16:13:03,2025-03-07 09:50:48,283.3,283.3,At Risk
C0659,2026-03-16 18:07:47,,,,Active
C0661,2026-02-27 21:18:42,,,39.0,At Risk
C0661,2026-04-15 18:57:19,2026-02-27 21:18:42,46.9,39.0,At Risk
C0661,2026-06-13 00:05:09,2026-04-15 18:57:19,58.2,39.0,At Risk
C0661,2026-06-24 22:27:57,2026-06-13 00:05:09,11.9,39.0,At Risk
C0662,2024-10-15 14:10:06,,,,Active
C0663,2025-04-10 00:25:24,,,104.8,At Risk
C0663,2025-08-06 20:23:33,2025-04-10 00:25:24,118.8,104.8,At Risk
C0663,2025-09-30 13:34:45,2025-08-06 20:23:33,54.7,104.8,At Risk
C0663,2026-01-08 12:04:09,2025-09-30 13:34:45,99.9,104.8,At Risk
C0663,2026-06-03 08:33:56,2026-01-08 12:04:09,145.9,104.8,At Risk
C0664,2024-09-09 11:19:14,,,90.9,At Risk
C0664,2024-12-05 18:26:24,2024-09-09 11:19:14,87.3,90.9,At Risk
C0664,2025-02-05 01:41:09,2024-12-05 18:26:24,61.3,90.9,At Risk
C0664,2025-05-21 00:00:20,2025-02-05 01:41:09,104.9,90.9,At Risk
C0664,2025-09-08 00:36:32,2025-05-21 00:00:20,110.0,90.9,At Risk
C0666,2026-05-12 13:17:40,,,7.3,Active
C0666,2026-05-15 21:15:53,2026-05-12 13:17:40,3.3,7.3,Active
C0666,2026-06-01 11:23:19,2026-05-15 21:15:53,16.6,7.3,Active
C0666,2026-06-04 19:00:10,2026-06-01 11:23:19,3.3,7.3,Active
C0666,2026-06-10 20:43:44,2026-06-04 19:00:10,6.1,7.3,Active
C0667,2026-06-03 05:40:15,,,,Active
C0668,2025-05-15 01:46:02,,,133.9,At Risk
C0668,2025-09-28 16:05:28,2025-05-15 01:46:02,136.6,133.9,At Risk
C0668,2026-02-06 22:32:37,2025-09-28 16:05:28,131.3,133.9,At Risk
C0670,2024-12-10 08:00:47,,,167.7,At Risk
C0670,2025-09-15 00:05:47,2024-12-10 08:00:47,278.7,167.7,At Risk
C0670,2026-04-07 17:39:09,2025-09-15 00:05:47,204.7,167.7,At Risk
C0670,2026-04-27 07:40:46,2026-04-07 17:39:09,19.6,167.7,At Risk
C0671,2025-11-10 05:40:48,,,19.9,Active
C0671,2025-12-11 16:20:04,2025-11-10 05:40:48,31.4,19.9,Active
C0671,2025-12-20 02:18:22,2025-12-11 16:20:04,8.4,19.9,Active
C0672,2025-02-22 19:14:52,,,116.2,At Risk
C0672,2025-09-14 19:12:03,2025-02-22 19:14:52,204.0,116.2,At Risk
C0672,2026-02-20 16:27:44,2025-09-14 19:12:03,158.9,116.2,At Risk
C0672,2026-02-25 07:42:05,2026-02-20 16:27:44,4.6,116.2,At Risk
C0672,2026-06-02 09:43:18,2026-02-25 07:42:05,97.1,116.2,At Risk
C0673,2025-10-17 07:21:44,,,20.4,Active
C0673,2025-11-17 04:57:10,2025-10-17 07:21:44,30.9,20.4,Active
C0673,2025-11-27 02:20:24,2025-11-17 04:57:10,9.9,20.4,Active
C0674,2026-03-30 03:24:47,,,80.9,At Risk
C0674,2026-06-19 00:34:56,2026-03-30 03:24:47,80.9,80.9,At Risk
C0675,2026-04-07 12:09:22,,,27.1,Active
C0675,2026-04-10 12:09:27,2026-04-07 12:09:22,3.0,27.1,Active
C0675,2026-04-13 18:46:44,2026-04-10 12:09:27,3.3,27.1,Active
C0675,2026-06-27 21:43:51,2026-04-13 18:46:44,75.1,27.1,Active
C0676,2024-10-01 11:55:10,,,195.0,At Risk
C0676,2025-02-23 10:12:14,2024-10-01 11:55:10,144.9,195.0,At Risk
C0676,2026-05-02 01:22:50,2025-02-23 10:12:14,432.6,195.0,At Risk
C0676,2026-05-09 10:53:45,2026-05-02 01:22:50,7.4,195.0,At Risk
C0677,2026-04-14 23:48:49,,,14.0,Active
C0677,2026-04-26 11:41:58,2026-04-14 23:48:49,11.5,14.0,Active
C0677,2026-04-28 15:17:50,2026-04-26 11:41:58,2.1,14.0,Active
C0677,2026-06-13 06:43:24,2026-04-28 15:17:50,45.6,14.0,Active
C0677,2026-06-20 22:26:38,2026-06-13 06:43:24,7.7,14.0,Active
C0677,2026-06-23 23:22:39,2026-06-20 22:26:38,3.0,14.0,Active
C0678,2026-04-05 16:11:20,,,,Active
C0679,2025-04-17 19:46:17,,,103.0,At Risk
C0679,2025-09-19 03:16:01,2025-04-17 19:46:17,154.3,103.0,At Risk
C0679,2025-10-04 22:46:49,2025-09-19 03:16:01,15.8,103.0,At Risk
C0679,2026-01-13 02:20:44,2025-10-04 22:46:49,100.1,103.0,At Risk
C0679,2026-06-03 19:58:38,2026-01-13 02:20:44,141.7,103.0,At Risk
C0681,2025-11-05 10:40:42,,,112.8,At Risk
C0681,2026-03-31 04:16:30,2025-11-05 10:40:42,145.7,112.8,At Risk
C0681,2026-06-18 22:40:06,2026-03-31 04:16:30,79.8,112.8,At Risk
C0682,2026-05-26 02:23:33,,,,Active
C0683,2025-05-03 10:44:13,,,119.0,At Risk
C0683,2025-08-05 11:33:42,2025-05-03 10:44:13,94.0,119.0,At Risk
C0683,2026-03-28 13:31:55,2025-08-05 11:33:42,235.1,119.0,At Risk
C0683,2026-04-25 09:16:05,2026-03-28 13:31:55,27.8,119.0,At Risk
C0684,2026-03-04 01:43:03,,,,Active
C0687,2026-03-21 21:40:43,,,98.3,At Risk
C0687,2026-06-28 05:45:00,2026-03-21 21:40:43,98.3,98.3,At Risk
C0688,2024-08-22 07:43:58,,,235.8,At Risk
C0688,2025-04-15 02:05:59,2024-08-22 07:43:58,235.8,235.8,At Risk
C0689,2025-04-13 16:32:45,,,149.5,At Risk
C0689,2025-04-27 20:38:00,2025-04-13 16:32:45,14.2,149.5,At Risk
C0689,2025-05-10 17:15:27,2025-04-27 20:38:00,12.9,149.5,At Risk
C0689,2026-07-06 00:33:08,2025-05-10 17:15:27,421.3,149.5,At Risk
C0690,2025-12-05 19:39:01,,,104.0,At Risk
C0690,2026-03-19 19:36:20,2025-12-05 19:39:01,104.0,104.0,At Risk
C0691,2026-06-23 11:54:42,,,,Active
C0692,2026-06-06 23:11:16,,,,Active
C0693,2024-10-12 02:01:37,,,71.1,At Risk
C0693,2024-12-22 03:57:14,2024-10-12 02:01:37,71.1,71.1,At Risk
C0694,2025-06-28 05:47:29,,,166.2,At Risk
C0694,2026-03-24 18:43:44,2025-06-28 05:47:29,269.5,166.2,At Risk
C0694,2026-05-26 14:52:11,2026-03-24 18:43:44,62.8,166.2,At Risk
C0695,2025-12-02 16:58:29,,,141.2,At Risk
C0695,2026-04-22 22:34:22,2025-12-02 16:58:29,141.2,141.2,At Risk
C0696,2025-04-12 09:36:14,,,,Active
C0697,2025-03-23 04:26:25,,,,Active
C0698,2025-03-26 17:44:21,,,,Active
C0699,2025-01-06 03:31:49,,,173.9,At Risk
C0699,2025-10-20 22:29:55,2025-01-06 03:31:49,287.8,173.9,At Risk
C0699,2025-11-28 16:55:32,2025-10-20 22:29:55,38.8,173.9,At Risk
C0699,2026-06-11 19:54:28,2025-11-28 16:55:32,195.1,173.9,At Risk
C0700,2024-08-01 20:37:25,,,162.8,At Risk
C0700,2025-01-11 14:47:44,2024-08-01 20:37:25,162.8,162.8,At Risk
C0701,2026-05-26 02:41:47,,,7.3,Active
C0701,2026-06-07 02:26:36,2026-05-26 02:41:47,12.0,7.3,Active
C0701,2026-06-10 15:25:01,2026-06-07 02:26:36,3.5,7.3,Active
C0701,2026-06-20 04:00:10,2026-06-10 15:25:01,9.5,7.3,Active
C0701,2026-06-21 08:10:37,2026-06-20 04:00:10,1.2,7.3,Active
C0701,2026-07-01 18:11:35,2026-06-21 08:10:37,10.4,7.3,Active
C0702,2026-02-02 17:17:47,,,49.4,At Risk
C0702,2026-02-10 16:48:42,2026-02-02 17:17:47,8.0,49.4,At Risk
C0702,2026-05-02 17:45:02,2026-02-10 16:48:42,81.0,49.4,At Risk
C0702,2026-06-30 20:18:27,2026-05-02 17:45:02,59.1,49.4,At Risk
C0703,2025-06-24 18:30:53,,,49.1,At Risk
C0703,2025-08-05 12:47:34,2025-06-24 18:30:53,41.8,49.1,At Risk
C0703,2025-10-01 01:35:03,2025-08-05 12:47:34,56.5,49.1,At Risk
C0704,2025-09-22 21:33:11,,,96.0,At Risk
C0704,2026-06-04 07:03:26,2025-09-22 21:33:11,254.4,96.0,At Risk
C0704,2026-06-09 18:10:39,2026-06-04 07:03:26,5.5,96.0,At Risk
C0704,2026-07-07 19:07:42,2026-06-09 18:10:39,28.0,96.0,At Risk
C0705,2025-10-14 10:30:23,,,34.4,At Risk
C0705,2025-10-27 10:49:55,2025-10-14 10:30:23,13.0,34.4,At Risk
C0705,2025-12-15 23:49:36,2025-10-27 10:49:55,49.5,34.4,At Risk
C0705,2026-03-24 16:06:45,2025-12-15 23:49:36,98.7,34.4,At Risk
C0705,2026-03-29 01:08:07,2026-03-24 16:06:45,4.4,34.4,At Risk
C0705,2026-05-08 12:34:18,2026-03-29 01:08:07,40.5,34.4,At Risk
C0705,2026-05-08 13:06:04,2026-05-08 12:34:18,0.0,34.4,At Risk
C0706,2026-05-17 01:25:36,,,21.0,Active
C0706,2026-06-08 03:52:46,2026-05-17 01:25:36,22.1,21.0,Active
C0706,2026-06-27 22:10:25,2026-06-08 03:52:46,19.8,21.0,Active
C0707,2025-05-28 17:54:08,,,,Active
C0708,2026-02-24 03:11:59,,,35.4,At Risk
C0708,2026-03-20 09:41:31,2026-02-24 03:11:59,24.3,35.4,At Risk
C0708,2026-05-20 02:14:48,2026-03-20 09:41:31,60.7,35.4,At Risk
C0708,2026-06-10 07:22:13,2026-05-20 02:14:48,21.2,35.4,At Risk
C0709,2026-05-29 07:40:50,,,4.5,Active
C0709,2026-06-02 20:38:04,2026-05-29 07:40:50,4.5,4.5,Active
C0710,2026-05-22 13:28:15,,,11.3,Active
C0710,2026-05-24 13:58:23,2026-05-22 13:28:15,2.0,11.3,Active
C0710,2026-06-09 08:34:38,2026-05-24 13:58:23,15.8,11.3,Active
C0710,2026-06-25 14:22:10,2026-06-09 08:34:38,16.2,11.3,Active
C0711,2025-12-14 18:37:12,,,,Active
C0712,2025-06-12 06:47:12,,,66.3,At Risk
C0712,2025-09-17 06:15:38,2025-06-12 06:47:12,97.0,66.3,At Risk
C0712,2025-10-15 18:16:45,2025-09-17 06:15:38,28.5,66.3,At Risk
C0712,2025-12-28 03:31:56,2025-10-15 18:16:45,73.4,66.3,At Risk
C0713,2026-04-16 02:26:30,,,,Active
C0714,2024-08-14 19:41:31,,,114.0,At Risk
C0714,2024-10-09 03:30:30,2024-08-14 19:41:31,55.3,114.0,At Risk
C0714,2025-09-04 09:24:15,2024-10-09 03:30:30,330.2,114.0,At Risk
C0714,2025-12-14 17:12:22,2025-09-04 09:24:15,101.3,114.0,At Risk
C0714,2025-12-29 06:27:22,2025-12-14 17:12:22,14.6,114.0,At Risk
C0714,2026-03-07 17:13:33,2025-12-29 06:27:22,68.4,114.0,At Risk
C0715,2025-10-02 10:12:35,,,46.7,At Risk
C0715,2025-11-08 17:58:43,2025-10-02 10:12:35,37.3,46.7,At Risk
C0715,2025-12-27 01:58:08,2025-11-08 17:58:43,48.3,46.7,At Risk
C0715,2026-03-08 18:14:52,2025-12-27 01:58:08,71.7,46.7,At Risk
C0715,2026-04-09 20:55:31,2026-03-08 18:14:52,32.1,46.7,At Risk
C0715,2026-05-24 03:49:21,2026-04-09 20:55:31,44.3,46.7,At Risk
C0716,2024-11-04 12:27:24,,,115.4,At Risk
C0716,2025-03-28 07:24:24,2024-11-04 12:27:24,143.8,115.4,At Risk
C0716,2025-09-07 12:02:38,2025-03-28 07:24:24,163.2,115.4,At Risk
C0716,2025-10-16 15:45:24,2025-09-07 12:02:38,39.2,115.4,At Risk
C0717,2024-11-05 17:45:07,,,600.8,At Risk
C0717,2026-06-29 12:22:50,2024-11-05 17:45:07,600.8,600.8,At Risk
C0718,2025-09-14 12:54:48,,,99.7,At Risk
C0718,2026-01-05 00:47:59,2025-09-14 12:54:48,112.5,99.7,At Risk
C0718,2026-04-01 20:27:02,2026-01-05 00:47:59,86.8,99.7,At Risk
C0719,2026-07-03 17:55:18,,,,Active
C0720,2026-02-15 22:36:55,,,56.1,At Risk
C0720,2026-05-13 18:08:02,2026-02-15 22:36:55,86.8,56.1,At Risk
C0720,2026-06-08 04:15:14,2026-05-13 18:08:02,25.4,56.1,At Risk
C0721,2026-04-04 10:13:57,,,60.1,At Risk
C0721,2026-06-03 11:51:37,2026-04-04 10:13:57,60.1,60.1,At Risk
C0722,2026-04-12 00:13:09,,,18.8,Active
C0722,2026-05-06 23:43:14,2026-04-12 00:13:09,25.0,18.8,Active
C0722,2026-05-15 13:47:41,2026-05-06 23:43:14,8.6,18.8,Active
C0722,2026-06-05 21:03:48,2026-05-15 13:47:41,21.3,18.8,Active
C0722,2026-06-26 01:27:44,2026-06-05 21:03:48,20.2,18.8,Active
C0723,2026-05-19 08:29:54,,,37.9,At Risk
C0723,2026-06-26 06:51:51,2026-05-19 08:29:54,37.9,37.9,At Risk
C0724,2025-03-07 01:16:07,,,91.8,At Risk
C0724,2025-04-23 11:52:13,2025-03-07 01:16:07,47.4,91.8,At Risk
C0724,2025-07-28 01:33:33,2025-04-23 11:52:13,95.6,91.8,At Risk
C0724,2025-12-07 13:45:38,2025-07-28 01:33:33,132.5,91.8,At Risk
C0725,2026-02-24 19:35:43,,,20.5,Active
C0725,2026-02-26 17:39:46,2026-02-24 19:35:43,1.9,20.5,Active
C0725,2026-03-08 11:57:59,2026-02-26 17:39:46,9.8,20.5,Active
C0725,2026-04-09 08:56:39,2026-03-08 11:57:59,31.9,20.5,Active
C0725,2026-05-23 04:20:04,2026-04-09 08:56:39,43.8,20.5,Active
C0725,2026-06-09 03:00:14,2026-05-23 04:20:04,16.9,20.5,Active
C0725,2026-06-28 01:40:33,2026-06-09 03:00:14,18.9,20.5,Active
C0726,2025-06-28 04:32:07,,,58.9,At Risk
C0726,2025-07-24 05:09:50,2025-06-28 04:32:07,26.0,58.9,At Risk
C0726,2025-10-21 13:28:33,2025-07-24 05:09:50,89.3,58.9,At Risk
C0726,2025-11-07 15:05:23,2025-10-21 13:28:33,17.1,58.9,At Risk
C0726,2026-02-18 18:42:54,2025-11-07 15:05:23,103.2,58.9,At Risk
C0727,2025-03-19 04:21:01,,,238.1,At Risk
C0727,2026-03-18 20:29:33,2025-03-19 04:21:01,364.7,238.1,At Risk
C0727,2026-07-08 08:40:20,2026-03-18 20:29:33,111.5,238.1,At Risk
C0728,2026-01-30 22:29:18,,,94.6,At Risk
C0728,2026-05-05 14:00:50,2026-01-30 22:29:18,94.6,94.6,At Risk
C0729,2025-10-07 07:42:56,,,69.3,At Risk
C0729,2025-11-03 17:28:04,2025-10-07 07:42:56,27.4,69.3,At Risk
C0729,2025-12-04 12:23:06,2025-11-03 17:28:04,30.8,69.3,At Risk
C0729,2026-05-03 06:57:05,2025-12-04 12:23:06,149.8,69.3,At Risk
C0730,2026-05-05 14:24:04,,,16.3,Active
C0730,2026-05-30 10:13:32,2026-05-05 14:24:04,24.8,16.3,Active
C0730,2026-06-06 02:47:13,2026-05-30 10:13:32,6.7,16.3,Active
C0730,2026-06-28 03:12:31,2026-06-06 02:47:13,22.0,16.3,Active
C0730,2026-07-09 17:53:43,2026-06-28 03:12:31,11.6,16.3,Active
C0731,2026-05-26 12:49:26,,,,Active
C0732,2025-02-11 16:47:39,,,196.6,At Risk
C0732,2025-04-16 01:14:04,2025-02-11 16:47:39,63.4,196.6,At Risk
C0732,2026-03-11 20:38:29,2025-04-16 01:14:04,329.8,196.6,At Risk
C0733,2025-01-18 04:02:24,,,91.6,At Risk
C0733,2025-06-30 11:36:43,2025-01-18 04:02:24,163.3,91.6,At Risk
C0733,2025-07-20 07:35:30,2025-06-30 11:36:43,19.8,91.6,At Risk
C0734,2025-05-14 11:32:16,,,89.0,At Risk
C0734,2025-08-11 11:48:59,2025-05-14 11:32:16,89.0,89.0,At Risk
C0735,2025-05-25 01:28:22,,,102.2,At Risk
C0735,2025-07-24 06:34:51,2025-05-25 01:28:22,60.2,102.2,At Risk
C0735,2026-03-19 05:31:51,2025-07-24 06:34:51,238.0,102.2,At Risk
C0735,2026-03-27 13:08:47,2026-03-19 05:31:51,8.3,102.2,At Risk
C0736,2025-11-28 23:30:56,,,20.9,Active
C0736,2026-01-05 21:14:44,2025-11-28 23:30:56,37.9,20.9,Active
C0736,2026-01-09 22:23:22,2026-01-05 21:14:44,4.0,20.9,Active
C0737,2025-06-14 22:53:56,,,,Active
C0738,2025-02-12 23:52:57,,,,Active
C0739,2025-05-06 06:07:14,,,156.1,At Risk
C0739,2025-09-24 09:52:55,2025-05-06 06:07:14,141.2,156.1,At Risk
C0739,2026-03-14 12:03:44,2025-09-24 09:52:55,171.1,156.1,At Risk
C0740,2026-04-20 08:11:15,,,,Active
C0743,2025-06-01 20:35:40,,,122.4,At Risk
C0743,2025-09-22 01:02:21,2025-06-01 20:35:40,112.2,122.4,At Risk
C0743,2026-02-17 07:42:03,2025-09-22 01:02:21,148.3,122.4,At Risk
C0743,2026-06-03 23:05:54,2026-02-17 07:42:03,106.6,122.4,At Risk
C0744,2025-08-03 22:23:09,,,107.0,At Risk
C0744,2025-12-03 05:33:43,2025-08-03 22:23:09,121.3,107.0,At Risk
C0744,2025-12-28 09:17:16,2025-12-03 05:33:43,25.2,107.0,At Risk
C0744,2026-06-20 23:05:14,2025-12-28 09:17:16,174.6,107.0,At Risk
C0745,2024-07-07 08:56:07,,,152.0,At Risk
C0745,2024-07-23 21:36:33,2024-07-07 08:56:07,16.5,152.0,At Risk
C0745,2024-08-28 13:33:25,2024-07-23 21:36:33,35.7,152.0,At Risk
C0745,2025-12-08 23:42:41,2024-08-28 13:33:25,467.4,152.0,At Risk
C0745,2026-03-07 10:33:00,2025-12-08 23:42:41,88.5,152.0,At Risk
C0746,2025-05-31 14:28:15,,,,Active
C0747,2026-05-28 06:38:40,,,,Active
C0750,2024-08-16 13:28:10,,,523.8,At Risk
C0750,2026-01-22 08:42:31,2024-08-16 13:28:10,523.8,523.8,At Risk
C0751,2026-01-24 22:34:01,,,42.8,At Risk
C0751,2026-03-04 00:18:31,2026-01-24 22:34:01,38.1,42.8,At Risk
C0751,2026-04-22 23:27:05,2026-03-04 00:18:31,50.0,42.8,At Risk
C0751,2026-06-02 08:33:58,2026-04-22 23:27:05,40.4,42.8,At Risk
C0752,2024-09-18 23:08:29,,,537.0,At Risk
C0752,2026-03-09 23:51:41,2024-09-18 23:08:29,537.0,537.0,At Risk
C0753,2025-07-07 03:52:27,,,241.4,At Risk
C0753,2026-03-05 13:18:30,2025-07-07 03:52:27,241.4,241.4,At Risk
C0754,2026-05-29 15:51:36,,,12.2,Active
C0754,2026-06-07 23:31:59,2026-05-29 15:51:36,9.3,12.2,Active
C0754,2026-06-09 11:09:55,2026-06-07 23:31:59,1.5,12.2,Active
C0754,2026-07-05 03:28:10,2026-06-09 11:09:55,25.7,12.2,Active
C0755,2026-04-09 16:34:09,,,89.9,At Risk
C0755,2026-07-08 15:14:46,2026-04-09 16:34:09,89.9,89.9,At Risk
C0756,2025-07-01 00:55:36,,,56.6,At Risk
C0756,2025-08-01 08:13:11,2025-07-01 00:55:36,31.3,56.6,At Risk
C0756,2025-10-01 19:24:12,2025-08-01 08:13:11,61.5,56.6,At Risk
C0756,2026-04-16 14:12:32,2025-10-01 19:24:12,196.8,56.6,At Risk
C0756,2026-05-20 22:06:45,2026-04-16 14:12:32,34.3,56.6,At Risk
C0756,2026-05-26 05:58:54,2026-05-20 22:06:45,5.3,56.6,At Risk
C0756,2026-06-05 17:47:20,2026-05-26 05:58:54,10.5,56.6,At Risk
C0757,2025-08-29 04:53:29,,,128.7,At Risk
C0757,2025-10-12 15:56:54,2025-08-29 04:53:29,44.5,128.7,At Risk
C0757,2026-05-13 10:39:07,2025-10-12 15:56:54,212.8,128.7,At Risk
C0758,2026-02-19 14:09:56,,,62.4,At Risk
C0758,2026-04-22 23:52:33,2026-02-19 14:09:56,62.4,62.4,At Risk
C0759,2025-12-05 03:42:56,,,59.3,At Risk
C0759,2025-12-15 21:37:11,2025-12-05 03:42:56,10.7,59.3,At Risk
C0759,2026-04-02 17:49:19,2025-12-15 21:37:11,107.8,59.3,At Risk
C0760,2025-10-15 12:36:51,,,95.9,At Risk
C0760,2026-01-19 09:45:49,2025-10-15 12:36:51,95.9,95.9,At Risk
C0761,2025-12-18 18:09:55,,,61.2,At Risk
C0761,2026-02-17 06:43:04,2025-12-18 18:09:55,60.5,61.2,At Risk
C0761,2026-04-20 21:57:45,2026-02-17 06:43:04,62.6,61.2,At Risk
C0761,2026-06-20 09:21:06,2026-04-20 21:57:45,60.5,61.2,At Risk
C0762,2025-02-08 00:38:46,,,322.2,At Risk
C0762,2025-12-27 05:56:14,2025-02-08 00:38:46,322.2,322.2,At Risk
C0763,2024-10-30 22:47:24,,,277.4,At Risk
C0763,2025-01-14 08:33:52,2024-10-30 22:47:24,75.4,277.4,At Risk
C0763,2026-05-08 20:40:27,2025-01-14 08:33:52,479.5,277.4,At Risk
C0766,2026-03-15 00:28:53,,,,Active
C0767,2025-05-10 23:16:29,,,257.7,At Risk
C0767,2026-01-23 16:22:52,2025-05-10 23:16:29,257.7,257.7,At Risk
C0768,2026-05-29 12:32:11,,,13.3,Active
C0768,2026-06-23 04:33:51,2026-05-29 12:32:11,24.7,13.3,Active
C0768,2026-06-25 05:05:21,2026-06-23 04:33:51,2.0,13.3,Active
C0769,2026-02-07 14:25:08,,,74.0,At Risk
C0769,2026-03-03 08:49:07,2026-02-07 14:25:08,23.8,74.0,At Risk
C0769,2026-07-05 12:50:43,2026-03-03 08:49:07,124.2,74.0,At Risk
C0770,2026-06-15 01:00:19,,,,Active
C0771,2026-02-23 19:08:09,,,38.1,At Risk
C0771,2026-06-02 17:29:33,2026-02-23 19:08:09,98.9,38.1,At Risk
C0771,2026-06-09 06:39:45,2026-06-02 17:29:33,6.5,38.1,At Risk
C0771,2026-06-18 04:25:04,2026-06-09 06:39:45,8.9,38.1,At Risk
C0772,2025-10-09 19:47:26,,,82.7,At Risk
C0772,2025-12-31 13:13:38,2025-10-09 19:47:26,82.7,82.7,At Risk
C0773,2026-01-06 11:28:43,,,19.6,Active
C0773,2026-01-26 02:55:02,2026-01-06 11:28:43,19.6,19.6,Active
C0774,2024-12-06 05:07:30,,,335.9,At Risk
C0774,2025-11-07 02:22:30,2024-12-06 05:07:30,335.9,335.9,At Risk
C0775,2026-05-26 09:42:17,,,,Active
C0776,2025-03-03 21:18:50,,,167.5,At Risk
C0776,2025-04-03 04:01:17,2025-03-03 21:18:50,30.3,167.5,At Risk
C0776,2026-02-01 18:02:12,2025-04-03 04:01:17,304.6,167.5,At Risk
C0777,2025-12-18 08:43:35,,,,Active
C0778,2025-04-26 08:34:28,,,170.4,At Risk
C0778,2025-09-10 04:43:18,2025-04-26 08:34:28,136.8,170.4,At Risk
C0778,2026-04-02 04:18:26,2025-09-10 04:43:18,204.0,170.4,At Risk
C0779,2024-11-24 01:47:06,,,,Active
C0780,2025-12-09 02:36:32,,,105.4,At Risk
C0780,2026-03-24 11:17:30,2025-12-09 02:36:32,105.4,105.4,At Risk
C0781,2026-05-14 01:23:56,,,,Active
C0782,2025-06-25 10:20:35,,,174.5,At Risk
C0782,2026-04-18 09:28:57,2025-06-25 10:20:35,297.0,174.5,At Risk
C0782,2026-06-09 10:16:45,2026-04-18 09:28:57,52.0,174.5,At Risk
C0783,2026-03-01 20:26:55,,,11.2,Active
C0783,2026-03-11 13:51:28,2026-03-01 20:26:55,9.7,11.2,Active
C0783,2026-03-22 08:56:41,2026-03-11 13:51:28,10.8,11.2,Active
C0783,2026-04-04 14:31:55,2026-03-22 08:56:41,13.2,11.2,Active
C0784,2026-05-27 14:06:38,,,20.2,Active
C0784,2026-06-03 15:58:19,2026-05-27 14:06:38,7.1,20.2,Active
C0784,2026-07-06 23:40:23,2026-06-03 15:58:19,33.3,20.2,Active
C0785,2026-05-01 13:47:39,,,20.3,Active
C0785,2026-06-01 13:00:47,2026-05-01 13:47:39,31.0,20.3,Active
C0785,2026-06-10 00:06:08,2026-06-01 13:00:47,8.5,20.3,Active
C0785,2026-07-01 06:49:59,2026-06-10 00:06:08,21.3,20.3,Active
C0786,2024-07-05 18:17:42,,,,Active
C0787,2025-04-28 14:47:51,,,61.9,At Risk
C0787,2025-06-30 17:31:36,2025-04-28 14:47:51,63.1,61.9,At Risk
C0787,2025-08-30 08:59:41,2025-06-30 17:31:36,60.6,61.9,At Risk
C0788,2024-09-20 06:06:37,,,130.4,At Risk
C0788,2025-05-07 04:26:32,2024-09-20 06:06:37,228.9,130.4,At Risk
C0788,2025-06-07 02:45:48,2025-05-07 04:26:32,30.9,130.4,At Risk
C0788,2025-07-12 15:32:50,2025-06-07 02:45:48,35.5,130.4,At Risk
C0788,2026-02-24 02:49:38,2025-07-12 15:32:50,226.5,130.4,At Risk
C0789,2024-11-29 09:40:41,,,168.4,At Risk
C0789,2024-12-24 02:19:25,2024-11-29 09:40:41,24.7,168.4,At Risk
C0789,2025-04-24 14:45:01,2024-12-24 02:19:25,121.5,168.4,At Risk
C0789,2026-04-18 17:31:04,2025-04-24 14:45:01,359.1,168.4,At Risk
C0790,2026-06-27 18:55:35,,,,Active
C0791,2026-05-16 06:47:26,,,,Active
C0792,2025-12-07 12:20:19,,,,Active
C0793,2025-07-25 03:42:34,,,52.3,At Risk
C0793,2025-08-09 06:22:09,2025-07-25 03:42:34,15.1,52.3,At Risk
C0793,2025-12-08 01:50:03,2025-08-09 06:22:09,120.8,52.3,At Risk
C0793,2026-01-04 05:25:08,2025-12-08 01:50:03,27.1,52.3,At Risk
C0793,2026-02-19 09:01:22,2026-01-04 05:25:08,46.2,52.3,At Risk
C0795,2025-10-09 14:55:46,,,96.0,At Risk
C0795,2026-01-19 04:46:38,2025-10-09 14:55:46,101.6,96.0,At Risk
C0795,2026-04-19 15:59:43,2026-01-19 04:46:38,90.5,96.0,At Risk
C0796,2024-12-14 10:59:06,,,,Active
C0797,2025-04-26 05:48:18,,,148.6,At Risk
C0797,2025-09-21 03:30:20,2025-04-26 05:48:18,147.9,148.6,At Risk
C0797,2026-02-17 10:00:25,2025-09-21 03:30:20,149.3,148.6,At Risk
C0798,2026-05-21 20:18:15,,,,Active
C0799,2026-06-29 10:52:44,,,,Active
C0800,2026-01-17 21:13:57,,,104.3,At Risk
C0800,2026-05-02 03:52:42,2026-01-17 21:13:57,104.3,104.3,At Risk
