product_a,product_b,times_bought_together
Bell Modern Guidebook,Gordon Ultra Coffee Maker,3
Gray Deluxe Hoodie,Smith Eco Blazer,3
Ryan Eco Mouse,Davis Premium Wall Clock,3
Anderson Classic Laptop,Winters Premium Smartphone,2
Armstrong Deluxe Bookshelf,Galvan Modern Blazer,2
Armstrong Deluxe Bookshelf,Lane Compact Cap,2
Atkinson Ultra Jacket,Carr Ultra Textbook,2
Ayala Ultra T-Shirt,Brennan Smart Encyclopedia,2
Ballard Classic Router,Bowers Ultra Blazer,2
Banks Compact Wall Clock,Mclaughlin Pro Guidebook,2
Bell Modern Guidebook,Haynes Classic Webcam,2
Bernard Modern Router,Gordon Ultra Coffee Maker,2
Bernard Modern Router,Morales Eco Organizer,2
Black Deluxe Cookbook,White Portable Encyclopedia,2
Black Premium Monitor,Bennett Smart Bookshelf,2
Black Premium Monitor,Holmes Pro Vase,2
Black Premium Monitor,Webb Deluxe Dinner Set,2
Black Premium Monitor,Wright Vintage Cookbook,2
Bradley Smart Journal,Simmons Deluxe Jacket,2
Brennan Smart Encyclopedia,Richards Compact Cookware Set,2
Brown Vintage Guidebook,Saunders Pro Cap,2
Cameron Portable Guidebook,Richards Compact Cookware Set,2
Campbell Premium Router,Cox Vintage Router,2
Cannon Portable Cap,Brock Smart Dress,2
Carter Compact Shorts,Atkins Eco Curtains,2
Charles Classic Cookbook,Hernandez Eco Camera,2
Clements Ultra Dinner Set,White Vintage Smartphone,2
Cohen Vintage Textbook,Bailey Portable Bedsheet,2
Coleman Eco Cookbook,Gilbert Portable Jacket,2
Cox Vintage Router,Sosa Deluxe Sneakers,2
Crosby Portable Cookbook,Conrad Classic Tablet,2
Daniels Classic Keyboard,Reyes Essential Monitor,2
Dixon Premium Coffee Maker,Mitchell Essential Cookware Set,2
Evans Premium Organizer,Nichols Modern Cookware Set,2
Evans Premium Organizer,Smith Essential Organizer,2
Fernandez Eco Guidebook,Smith Compact Dress,2
Fernandez Eco Guidebook,Webb Deluxe Dinner Set,2
Figueroa Modern Coffee Maker,Armstrong Deluxe Bookshelf,2
Flores Vintage Laptop,Sanchez Deluxe Power Bank,2
Fox Vintage Webcam,Hill Smart Mouse,2
Fox Vintage Webcam,Holden Compact Dinner Set,2
Fox Vintage Webcam,Leonard Ultra Monitor,2
Fox Vintage Webcam,Richards Compact Cookware Set,2
Fox Vintage Webcam,Sullivan Classic Curtains,2
Fox Vintage Webcam,Welch Premium Dinner Set,2
Frazier Premium Bookshelf,Williams Deluxe Novel,2
George Ultra Coffee Maker,Miller Classic T-Shirt,2
Gonzalez Eco Biography,Stewart Modern Novel,2
Gonzalez Premium Cushion,Saunders Pro Cap,2
Gordon Ultra Coffee Maker,Mclaughlin Pro Guidebook,2
Greene Ultra T-Shirt,Webb Deluxe Dinner Set,2
Hall Ultra Blender,Lynch Deluxe Sweater,2
Hampton Classic Encyclopedia,Mitchell Essential Cookware Set,2
Hansen Vintage Textbook,Cohen Vintage Textbook,2
Hanson Compact Vase,Fisher Portable Vase,2
Hanson Compact Vase,Miller Classic T-Shirt,2
Hartman Compact Webcam,Haynes Classic Webcam,2
Hill Smart Mouse,Spencer Essential Comic Book,2
Hoffman Deluxe Coffee Maker,Taylor Ultra T-Shirt,2
Jackson Ultra Comic Book,Smith Compact Dress,2
James Classic Bedsheet,Carr Ultra Textbook,2
James Premium Guidebook,Baker Deluxe Laptop,2
James Premium Guidebook,Hammond Pro Sneakers,2
Jennings Essential T-Shirt,Fields Premium Wall Clock,2
Johns Portable Textbook,Miller Classic T-Shirt,2
Johnson Premium Anthology,Padilla Premium Bookshelf,2
Johnston Modern Cushion,Baker Smart Keyboard,2
Johnston Modern Cushion,Lee Ultra Hoodie,2
Jones Compact Biography,Ochoa Premium Mouse,2
Jones Compact Biography,Thomas Eco Smartwatch,2
Jones Eco Scarf,Long Vintage Blender,2
Jones Pro Biography,Vincent Eco Smartwatch,2
Joseph Vintage Novel,Greene Ultra T-Shirt,2
Juarez Ultra Cap,Morgan Premium Sneakers,2
Kelley Essential Laptop,Hunt Classic Monitor,2
Kent Smart Mouse,Dixon Premium Coffee Maker,2
King Pro Curtains,Gordon Ultra Coffee Maker,2
King Pro Curtains,Gutierrez Portable Earbuds,2
Lambert Smart Charger,White Portable Encyclopedia,2
Lambert Ultra Socks,Ross Modern Bookshelf,2
Lewis Eco Vase,Robinson Eco Novel,2
Lewis Eco Vase,Spencer Essential Comic Book,2
Logan Portable Biography,Leon Classic Speaker,2
Logan Portable Biography,Rowe Modern Tablet,2
Lynch Deluxe Sweater,Miller Classic T-Shirt,2
May Portable Keyboard,Moore Deluxe Biography,2
Mcintosh Portable Anthology,Luna Portable Hoodie,2
Miller Compact Earbuds,Whitehead Compact Camera,2
Mitchell Essential Cookware Set,Lee Ultra Hoodie,2
Mitchell Pro Encyclopedia,Powell Portable Dress,2
Montgomery Pro Bedsheet,Morales Eco Organizer,2
Montgomery Pro Bedsheet,Scott Ultra Cookware Set,2
Montoya Compact Journal,Smith Portable Speaker,2
Montoya Vintage Biography,Hopkins Essential Camera,2
Moore Compact Textbook,Anderson Classic Laptop,2
Moore Portable Blender,Braun Eco Dress,2
Moore Portable Headphones,Brennan Smart Encyclopedia,2
Moore Portable Headphones,Hansen Vintage Textbook,2
Nielsen Premium Smartphone,Dunn Vintage Sweater,2
Pierce Pro Journal,Taylor Portable Comic Book,2
Poole Pro Power Bank,Eaton Ultra Dress,2
Rivera Eco Tablet,Cannon Portable Cap,2
Rivera Eco Tablet,Thomas Ultra Bedsheet,2
Roberts Eco Textbook,Bennett Smart Bookshelf,2
Robinson Eco Curtains,Kelley Essential Laptop,2
Roth Premium T-Shirt,Velez Premium Novel,2
Sanford Pro Monitor,Hudson Smart Organizer,2
Scott Vintage Textbook,Craig Eco Shorts,2
Sellers Compact Cap,Anderson Modern Scarf,2
Sims Classic Headphones,Richards Compact Cookware Set,2
Sims Ultra Earbuds,Lee Compact Socks,2
Smith Classic Charger,Vasquez Ultra Tablet,2
Smith Essential Organizer,King Pro Curtains,2
Soto Deluxe Power Bank,Logan Portable Biography,2
Sparks Pro Scarf,Rowe Modern Tablet,2
Stephens Compact Comic Book,Lynch Deluxe Sweater,2
Sutton Essential Cap,Young Eco Curtains,2
Thomas Eco Bookshelf,Dixon Premium Coffee Maker,2
Thomas Eco Smartwatch,Frazier Premium Bookshelf,2
Tyler Compact Socks,Braun Eco Dress,2
Tyler Compact Socks,Jackson Ultra Comic Book,2
Velez Premium Novel,Robinson Portable Smartwatch,2
Ware Pro Comic Book,Sullivan Classic Novel,2
Welch Premium Dinner Set,Hill Smart Mouse,2
Whitehead Compact Camera,Anderson Classic Laptop,2
Williams Pro Cookware Set,Logan Portable Biography,2
Williams Pro Cookware Set,Rowe Modern Tablet,2
Wilson Deluxe T-Shirt,Conrad Classic Tablet,2
Wilson Vintage Bedsheet,Medina Classic Jeans,2
Wong Pro Socks,Davis Premium Wall Clock,2
Wong Pro Socks,Ryan Eco Mouse,2
Aguilar Pro Scarf,Berry Smart Router,1
Aguilar Pro Scarf,Perez Compact Keyboard,1
Aguilar Ultra Hoodie,Allen Pro Monitor,1
Aguilar Ultra Hoodie,Atkins Eco Curtains,1
Aguilar Ultra Hoodie,Baker Smart Keyboard,1
Aguilar Ultra Hoodie,Cohen Vintage Textbook,1
Aguilar Ultra Hoodie,Conley Smart Blender,1
Aguilar Ultra Hoodie,Garcia Pro Cookware Set,1
Aguilar Ultra Hoodie,Gonzalez Eco Biography,1
Aguilar Ultra Hoodie,Hansen Vintage Textbook,1
Aguilar Ultra Hoodie,Harris Ultra Sweater,1
Aguilar Ultra Hoodie,Hill Smart Mouse,1
Aguilar Ultra Hoodie,Morgan Vintage Hoodie,1
Aguilar Ultra Hoodie,Saunders Pro Cap,1
Aguilar Ultra Hoodie,Sullivan Classic Novel,1
Aguilar Ultra Hoodie,Taylor Premium Anthology,1
Aguirre Compact Power Bank,Guzman Smart Coffee Maker,1
Aguirre Compact Power Bank,Hess Portable Lamp,1
Aguirre Compact Power Bank,Hood Vintage Wall Clock,1
Aguirre Compact Power Bank,Lawrence Ultra Coffee Maker,1
Aguirre Compact Power Bank,Morgan Premium Sneakers,1
Aguirre Compact Power Bank,Owen Eco Cap,1
Aguirre Compact Power Bank,Reed Classic Textbook,1
Aguirre Compact Power Bank,Sosa Deluxe Sneakers,1
Aguirre Compact Power Bank,Walker Modern Cookware Set,1
Allen Compact Atlas,Arias Modern Shorts,1
Allen Compact Atlas,Atkinson Ultra Jacket,1
Allen Compact Atlas,Davidson Compact Coffee Maker,1
Allen Compact Atlas,Dunn Vintage Sweater,1
Allen Compact Atlas,Garcia Classic Comic Book,1
Allen Compact Atlas,Graham Essential Wall Clock,1
Allen Compact Atlas,Hernandez Portable Cookbook,1
Allen Compact Atlas,Hess Portable Lamp,1
Allen Compact Atlas,Mccarty Vintage Jacket,1
Allen Compact Atlas,Moody Compact Socks,1
Allen Compact Atlas,Nielsen Eco Journal,1
Allen Compact Atlas,Rowe Modern Tablet,1
Allen Compact Atlas,Sanchez Essential Monitor,1
Allen Compact Atlas,Thomas Ultra Bedsheet,1
Allen Compact Atlas,Ward Pro Textbook,1
Allen Compact Atlas,Williams Premium Mouse,1
Allen Compact Atlas,Williams Pro Cookware Set,1
Allen Eco Novel,Brock Smart Dress,1
Allen Eco Novel,Garcia Classic Comic Book,1
Allen Eco Novel,Morrow Vintage Vase,1
Allen Eco Novel,Rowe Modern Tablet,1
Allen Eco Novel,Thomas Ultra Blender,1
Alvarado Vintage Shorts,Figueroa Modern Coffee Maker,1
Alvarado Vintage Shorts,Flores Vintage Laptop,1
Alvarado Vintage Shorts,Jennings Smart Camera,1
Alvarado Vintage Shorts,Kent Smart Mouse,1
Alvarado Vintage Shorts,Macias Eco Mouse,1
Alvarado Vintage Shorts,Miller Compact Earbuds,1
Alvarado Vintage Shorts,Robles Vintage Dinner Set,1
Alvarado Vintage Shorts,Thomas Eco Bookshelf,1
Alvarado Vintage Shorts,Tucker Pro Organizer,1
Alvarado Vintage Shorts,Vance Smart Bookshelf,1
Alvarado Vintage Shorts,Williams Pro Wall Clock,1
Anderson Classic Laptop,Dunn Vintage Sweater,1
Anderson Classic Laptop,Perez Premium Biography,1
Anderson Classic Laptop,Robinson Portable Smartwatch,1
Anderson Modern Scarf,Arnold Modern Biography,1
Anderson Modern Scarf,Carr Ultra Textbook,1
Anderson Modern Scarf,Hill Essential Textbook,1
Anderson Modern Scarf,Holmes Eco Atlas,1
Anderson Modern Scarf,Jenkins Modern Scarf,1
Anderson Modern Scarf,Kelly Classic Vase,1
Anderson Modern Scarf,Nicholson Smart Anthology,1
Anderson Modern Scarf,Sanchez Deluxe Power Bank,1
Anderson Modern Scarf,Schmidt Pro Comic Book,1
Anderson Modern Scarf,Smith Compact Dress,1
Anderson Modern Scarf,Webb Deluxe Dinner Set,1
Anderson Modern Speaker,Goodman Modern Dress,1
Anderson Modern Speaker,Hale Vintage Cookbook,1
Anderson Modern Speaker,Haynes Essential Speaker,1
Anderson Modern Speaker,Miller Classic T-Shirt,1
Anderson Modern Speaker,Miller Vintage Smartwatch,1
Anderson Modern Speaker,Mitchell Essential Cookware Set,1
Anderson Modern Speaker,Mitchell Pro Encyclopedia,1
Anderson Modern Speaker,Olson Compact Blender,1
Anderson Modern Speaker,Robinson Portable Smartwatch,1
Anderson Modern Speaker,Stuart Classic Charger,1
Anderson Modern Speaker,Taylor Premium Anthology,1
Anderson Modern Speaker,Thompson Compact Encyclopedia,1
Anderson Modern Speaker,Thompson Essential Curtains,1
Anderson Modern Speaker,Wilson Premium Sweater,1
Arias Modern Shorts,Baker Ultra Encyclopedia,1
Arias Modern Shorts,Haynes Classic Webcam,1
Arias Modern Shorts,Mclaughlin Pro Guidebook,1
Arias Modern Shorts,Thompson Eco Jeans,1
Arias Modern Shorts,Ward Pro Bedsheet,1
Armstrong Deluxe Bookshelf,Baker Smart Keyboard,1
Armstrong Deluxe Bookshelf,Conley Smart Blender,1
Armstrong Deluxe Bookshelf,Davis Deluxe Wall Clock,1
Armstrong Deluxe Bookshelf,Garcia Pro Cookware Set,1
Armstrong Deluxe Bookshelf,Gonzales Pro Earbuds,1
Armstrong Deluxe Bookshelf,Gregory Classic Novel,1
Armstrong Deluxe Bookshelf,Johns Portable Textbook,1
Armstrong Deluxe Bookshelf,Palmer Classic Router,1
Armstrong Deluxe Bookshelf,Ross Compact Hoodie,1
Armstrong Deluxe Bookshelf,Ryan Eco Mouse,1
Armstrong Deluxe Bookshelf,Spencer Essential Comic Book,1
Armstrong Deluxe Bookshelf,Thomas Eco Comic Book,1
Armstrong Deluxe Bookshelf,Thompson Compact Encyclopedia,1
Armstrong Deluxe Bookshelf,Villanueva Modern Cookware Set,1
Armstrong Deluxe Bookshelf,Vincent Compact Biography,1
Armstrong Deluxe Bookshelf,Wilson Deluxe T-Shirt,1
Armstrong Deluxe Bookshelf,Wood Deluxe Vase,1
Arnold Modern Biography,Dixon Premium Coffee Maker,1
Arnold Modern Biography,Holmes Eco Atlas,1
Arnold Modern Biography,Maxwell Deluxe Blender,1
Arnold Modern Biography,Morrow Vintage Vase,1
Arnold Modern Biography,Powell Portable Dress,1
Atkins Eco Curtains,Reyes Essential Monitor,1
Atkinson Premium Encyclopedia,Brock Smart Dress,1
Atkinson Premium Encyclopedia,Cannon Portable Cap,1
Atkinson Premium Encyclopedia,Fisher Portable Vase,1
Atkinson Premium Encyclopedia,Gordon Ultra Coffee Maker,1
Atkinson Premium Encyclopedia,Hale Vintage Cookbook,1
Atkinson Premium Encyclopedia,Hall Ultra Blender,1
Atkinson Premium Encyclopedia,Harris Compact Tablet,1
Atkinson Premium Encyclopedia,Haynes Essential Speaker,1
Atkinson Premium Encyclopedia,Jackson Ultra Comic Book,1
Atkinson Premium Encyclopedia,Jefferson Premium Organizer,1
Atkinson Premium Encyclopedia,King Pro Curtains,1
Atkinson Premium Encyclopedia,Lynch Deluxe Sweater,1
Atkinson Premium Encyclopedia,Morales Eco Organizer,1
Atkinson Premium Encyclopedia,Powell Portable Dress,1
Atkinson Premium Encyclopedia,Ruiz Modern Anthology,1
Atkinson Ultra Jacket,Arias Modern Shorts,1
Atkinson Ultra Jacket,Avery Smart Organizer,1
Atkinson Ultra Jacket,Eaton Classic Wall Clock,1
Atkinson Ultra Jacket,Hess Portable Lamp,1
Atkinson Ultra Jacket,Hill Portable Bedsheet,1
Atkinson Ultra Jacket,King Eco Textbook,1
Atkinson Ultra Jacket,Mitchell Essential Cookware Set,1
Atkinson Ultra Jacket,Nielsen Eco Journal,1
Atkinson Ultra Jacket,Olson Classic Power Bank,1
Atkinson Ultra Jacket,Sanchez Essential Monitor,1
Atkinson Ultra Jacket,Vargas Eco Cap,1
Avery Smart Organizer,Bailey Portable Bedsheet,1
Avery Smart Organizer,Bennett Ultra Jeans,1
Avery Smart Organizer,Brown Modern Organizer,1
Avery Smart Organizer,Garcia Pro Cookware Set,1
Avery Smart Organizer,Mendez Pro Bedsheet,1
Avery Smart Organizer,Thompson Essential Curtains,1
Avery Smart Organizer,Wright Vintage Cookbook,1
Ayala Premium Journal,Gilbert Portable Jacket,1
Ayala Premium Journal,Rowe Modern Tablet,1
Ayala Smart Guidebook,Allen Compact Atlas,1
Ayala Smart Guidebook,Bailey Premium Jacket,1
Ayala Smart Guidebook,Garcia Classic Comic Book,1
Ayala Smart Guidebook,George Ultra Coffee Maker,1
Ayala Smart Guidebook,Hanson Compact Vase,1
Ayala Smart Guidebook,Miller Classic T-Shirt,1
Ayala Smart Guidebook,Moody Compact Socks,1
Ayala Smart Guidebook,Valdez Essential Sweater,1
Ayala Ultra T-Shirt,Anderson Modern Speaker,1
Ayala Ultra T-Shirt,Baker Ultra Encyclopedia,1
Ayala Ultra T-Shirt,Carr Ultra Textbook,1
Ayala Ultra T-Shirt,Clark Classic Dress,1
Ayala Ultra T-Shirt,Edwards Essential Cushion,1
Ayala Ultra T-Shirt,Gilbert Portable Jacket,1
Ayala Ultra T-Shirt,Goodman Modern Dress,1
Ayala Ultra T-Shirt,Hall Ultra Blender,1
Ayala Ultra T-Shirt,Hansen Premium Scarf,1
Ayala Ultra T-Shirt,Hernandez Portable Headphones,1
Ayala Ultra T-Shirt,Hinton Pro Tablet,1
Ayala Ultra T-Shirt,Holmes Eco Atlas,1
Ayala Ultra T-Shirt,Johnson Compact Cookbook,1
Ayala Ultra T-Shirt,King Deluxe Smartphone,1
Ayala Ultra T-Shirt,King Pro Curtains,1
Ayala Ultra T-Shirt,Lynch Deluxe Sweater,1
Ayala Ultra T-Shirt,Mitchell Vintage Mouse,1
Ayala Ultra T-Shirt,Newman Premium Webcam,1
Ayala Ultra T-Shirt,Perez Compact Keyboard,1
Ayala Ultra T-Shirt,Reese Smart Cookbook,1
Ayala Ultra T-Shirt,Ruiz Modern Anthology,1
Ayala Ultra T-Shirt,Ryan Eco Mouse,1
Ayala Ultra T-Shirt,Schmidt Pro Comic Book,1
Ayala Ultra T-Shirt,Serrano Essential Organizer,1
Ayala Ultra T-Shirt,Shaw Compact Hoodie,1
Ayala Ultra T-Shirt,Smith Portable Speaker,1
Ayala Ultra T-Shirt,Smith Ultra Atlas,1
Ayala Ultra T-Shirt,Snyder Smart Camera,1
Ayala Ultra T-Shirt,Spencer Essential Comic Book,1
Ayala Ultra T-Shirt,Stephens Compact Comic Book,1
Ayala Ultra T-Shirt,Vance Essential Headphones,1
Ayala Ultra T-Shirt,Vargas Eco Cap,1
Ayala Ultra T-Shirt,Walters Compact Atlas,1
Ayala Ultra T-Shirt,Webb Compact Cap,1
Ayala Ultra T-Shirt,Wilson Compact Smartwatch,1
Ayala Ultra T-Shirt,Wilson Deluxe T-Shirt,1
Ayala Ultra T-Shirt,Wilson Premium Sweater,1
Bailey Portable Bedsheet,Gordon Ultra Coffee Maker,1
Bailey Portable Bedsheet,Mclaughlin Pro Guidebook,1
Bailey Portable Bedsheet,Sanchez Deluxe Power Bank,1
Bailey Portable Bedsheet,Webb Compact Cap,1
Bailey Premium Jacket,Bartlett Modern Atlas,1
Bailey Premium Jacket,Bell Modern Guidebook,1
Bailey Premium Jacket,Carter Compact Shorts,1
Bailey Premium Jacket,Lee Ultra Hoodie,1
Bailey Premium Jacket,Mitchell Essential Cookware Set,1
Bailey Premium Jacket,Mitchell Pro Encyclopedia,1
Bailey Premium Jacket,Obrien Premium Speaker,1
Bailey Premium Jacket,Valdez Essential Sweater,1
Baker Deluxe Laptop,Arias Modern Shorts,1
Baker Deluxe Laptop,Baker Ultra Encyclopedia,1
Baker Deluxe Laptop,Cantrell Compact Organizer,1
Baker Deluxe Laptop,Kelly Classic Vase,1
Baker Deluxe Laptop,Mccarty Vintage Jacket,1
Baker Deluxe Laptop,Moody Compact Socks,1
Baker Deluxe Laptop,Ross Modern Bookshelf,1
Baker Deluxe Laptop,Rowe Modern Tablet,1
Baker Deluxe Laptop,Saunders Pro Cap,1
Baker Deluxe Laptop,Scott Vintage Textbook,1
Baker Deluxe Laptop,Smith Ultra Atlas,1
Baker Deluxe Laptop,Stephens Compact Comic Book,1
Baker Deluxe Laptop,Thompson Eco Jeans,1
Baker Deluxe Laptop,Ward Pro Bedsheet,1
Baker Deluxe Laptop,White Portable Hoodie,1
Baker Smart Keyboard,Maxwell Deluxe Blender,1
Baker Ultra Cushion,Brown Modern Organizer,1
Baker Ultra Cushion,Gilbert Portable Jacket,1
Baker Ultra Cushion,Medina Classic Jeans,1
Baker Ultra Encyclopedia,Charles Deluxe Novel,1
Baker Ultra Encyclopedia,Stewart Modern Novel,1
Ballard Classic Router,Brock Deluxe Mouse,1
Ballard Classic Router,Scott Deluxe Guidebook,1
Ballard Classic Router,Young Modern Headphones,1
Banks Compact Wall Clock,Barnett Classic Novel,1
Banks Compact Wall Clock,Berry Smart Router,1
Banks Compact Wall Clock,Blankenship Smart Router,1
Banks Compact Wall Clock,Braun Eco Dress,1
Banks Compact Wall Clock,Burke Eco Wall Clock,1
Banks Compact Wall Clock,Charles Classic Cookbook,1
Banks Compact Wall Clock,Eaton Classic Wall Clock,1
Banks Compact Wall Clock,Edwards Smart Cookbook,1
Banks Compact Wall Clock,Floyd Ultra Dress,1
Banks Compact Wall Clock,Jenkins Modern Scarf,1
Banks Compact Wall Clock,Johnson Compact Cookbook,1
Banks Compact Wall Clock,Lawrence Ultra Coffee Maker,1
Banks Compact Wall Clock,Macdonald Classic Atlas,1
Banks Compact Wall Clock,Mack Portable Novel,1
Banks Compact Wall Clock,Mays Portable Comic Book,1
Banks Compact Wall Clock,Olson Classic Power Bank,1
Banks Compact Wall Clock,Price Portable Novel,1
Banks Compact Wall Clock,Robinson Eco Curtains,1
Banks Compact Wall Clock,Rowe Modern Tablet,1
Banks Compact Wall Clock,Ryan Eco Mouse,1
Banks Compact Wall Clock,Spencer Essential Comic Book,1
Banks Compact Wall Clock,Townsend Compact Shorts,1
Banks Compact Wall Clock,Tucker Modern Blender,1
Banks Compact Wall Clock,Vincent Eco Smartwatch,1
Banks Compact Wall Clock,Williams Pro Cookware Set,1
Barber Premium Scarf,Gordon Ultra Coffee Maker,1
Barber Premium Scarf,White Portable Encyclopedia,1
Barnett Classic Novel,Dunn Vintage Sweater,1
Barnett Classic Novel,Owen Eco Cap,1
Barnett Classic Novel,Price Portable Novel,1
Barnett Classic Novel,Spencer Essential Comic Book,1
Bartlett Modern Atlas,Bell Modern Guidebook,1
Bartlett Modern Atlas,Conley Smart Blender,1
Bartlett Modern Atlas,Floyd Ultra Dress,1
Bartlett Modern Atlas,Gonzalez Eco Biography,1
Bartlett Modern Atlas,Goodwin Portable Organizer,1
Bartlett Modern Atlas,Harris Compact Tablet,1
Bartlett Modern Atlas,Haynes Essential Speaker,1
Bartlett Modern Atlas,Jones Pro Biography,1
Bartlett Modern Atlas,Kent Smart Mouse,1
Bartlett Modern Atlas,Knight Portable Speaker,1
Bartlett Modern Atlas,Knight Pro Cookbook,1
Bartlett Modern Atlas,Maynard Compact Comic Book,1
Bartlett Modern Atlas,Mills Smart Router,1
Bartlett Modern Atlas,Mitchell Pro Encyclopedia,1
Bartlett Modern Atlas,Nielsen Eco Journal,1
Bartlett Modern Atlas,Obrien Portable Webcam,1
Bartlett Modern Atlas,Olson Classic Power Bank,1
Bartlett Modern Atlas,Pace Modern Novel,1
Bartlett Modern Atlas,Padilla Premium Bookshelf,1
Bartlett Modern Atlas,Price Essential Power Bank,1
Bartlett Modern Atlas,Sims Ultra Earbuds,1
Bartlett Modern Atlas,Sutton Essential Cap,1
Bartlett Modern Atlas,Swanson Premium Blazer,1
Bartlett Modern Atlas,Thomas Ultra Bedsheet,1
Bartlett Modern Atlas,Williams Essential Journal,1
Bartlett Modern Atlas,Wong Pro Socks,1
Baxter Compact Laptop,Aguilar Ultra Hoodie,1
Baxter Compact Laptop,Allen Eco Novel,1
Baxter Compact Laptop,Baker Smart Keyboard,1
Baxter Compact Laptop,Bradley Smart Journal,1
Baxter Compact Laptop,Cantrell Compact Organizer,1
Baxter Compact Laptop,Conley Smart Blender,1
Baxter Compact Laptop,Goodman Modern Dress,1
Baxter Compact Laptop,Goodwin Portable Organizer,1
Baxter Compact Laptop,Gordon Ultra Coffee Maker,1
Baxter Compact Laptop,Guzman Smart Coffee Maker,1
Baxter Compact Laptop,Holden Compact Dinner Set,1
Baxter Compact Laptop,Juarez Ultra Cap,1
Baxter Compact Laptop,Lee Smart Tablet,1
Baxter Compact Laptop,Long Vintage Blender,1
Baxter Compact Laptop,Luna Pro Charger,1
Baxter Compact Laptop,Macdonald Classic Atlas,1
Baxter Compact Laptop,Medina Classic Jeans,1
Baxter Compact Laptop,Miller Modern Wall Clock,1
Baxter Compact Laptop,Mitchell Pro Encyclopedia,1
Baxter Compact Laptop,Montoya Compact Journal,1
Baxter Compact Laptop,Murphy Essential Biography,1
Baxter Compact Laptop,Obrien Premium Speaker,1
Baxter Compact Laptop,Ochoa Premium Mouse,1
Baxter Compact Laptop,Rodriguez Vintage Smartwatch,1
Baxter Compact Laptop,Smith Essential Speaker,1
Baxter Compact Laptop,Smith Portable Speaker,1
Baxter Compact Laptop,Smith Vintage Cushion,1
Baxter Compact Laptop,Sosa Deluxe Sneakers,1
Baxter Compact Laptop,Sullivan Classic Novel,1
Baxter Compact Laptop,Todd Ultra Jeans,1
Baxter Compact Laptop,Valentine Smart Bookshelf,1
Baxter Compact Laptop,Vance Essential Headphones,1
Bell Modern Guidebook,Brock Deluxe Mouse,1
Bell Modern Guidebook,Burke Eco Wall Clock,1
Bell Modern Guidebook,Douglas Vintage Journal,1
Bell Modern Guidebook,Manning Eco Charger,1
Bell Modern Guidebook,Miller Modern Wall Clock,1
Bell Modern Guidebook,Mitchell Pro Encyclopedia,1
Bell Modern Guidebook,Nichols Modern Cookware Set,1
Benjamin Vintage Curtains,Braun Eco Dress,1
Benjamin Vintage Curtains,Davis Portable Textbook,1
Benjamin Vintage Curtains,Hall Ultra Blender,1
Benjamin Vintage Curtains,Harris Ultra Sweater,1
Benjamin Vintage Curtains,Hill Portable Bedsheet,1
Benjamin Vintage Curtains,Kelly Classic Vase,1
Benjamin Vintage Curtains,Lee Compact Socks,1
Benjamin Vintage Curtains,Lynch Deluxe Sweater,1
Benjamin Vintage Curtains,Mack Portable Novel,1
Benjamin Vintage Curtains,Miller Classic T-Shirt,1
Benjamin Vintage Curtains,Powell Portable Dress,1
Benjamin Vintage Curtains,Romero Ultra Biography,1
Benjamin Vintage Curtains,Sosa Deluxe Sneakers,1
Bennett Smart Bookshelf,Avery Smart Organizer,1
Bennett Smart Bookshelf,Bowers Ultra Blazer,1
Bennett Smart Bookshelf,Brock Deluxe Mouse,1
Bennett Smart Bookshelf,Cohen Essential Sneakers,1
Bennett Smart Bookshelf,Fisher Portable Vase,1
Bennett Smart Bookshelf,Gibson Modern Cap,1
Bennett Smart Bookshelf,Gonzales Pro Earbuds,1
Bennett Smart Bookshelf,Guzman Smart Coffee Maker,1
Bennett Smart Bookshelf,Hansen Premium Scarf,1
Bennett Smart Bookshelf,Jackson Ultra Comic Book,1
Bennett Smart Bookshelf,Jenkins Modern Scarf,1
Bennett Smart Bookshelf,Miller Vintage Smartwatch,1
Bennett Smart Bookshelf,Nichols Modern Cookware Set,1
Bennett Smart Bookshelf,Reynolds Essential Novel,1
Bennett Smart Bookshelf,Ross Compact Hoodie,1
Bennett Smart Bookshelf,Ross Modern Bookshelf,1
Bennett Smart Bookshelf,Sanchez Essential Monitor,1
Bennett Smart Bookshelf,Smith Compact Dress,1
Bennett Smart Bookshelf,Sullivan Vintage T-Shirt,1
Bennett Smart Bookshelf,Webb Deluxe Dinner Set,1
Bernard Modern Router,Arias Modern Shorts,1
Bernard Modern Router,Atkinson Premium Encyclopedia,1
Bernard Modern Router,Brooks Premium Novel,1
Bernard Modern Router,Brown Modern Organizer,1
Bernard Modern Router,Campbell Pro Journal,1
Bernard Modern Router,Cox Vintage Router,1
Bernard Modern Router,Frazier Premium Bookshelf,1
Bernard Modern Router,Goodman Modern Dress,1
Bernard Modern Router,Hale Vintage Cookbook,1
Bernard Modern Router,Harmon Deluxe Vase,1
Bernard Modern Router,Jenkins Modern Dinner Set,1
Bernard Modern Router,King Pro Curtains,1
Bernard Modern Router,Mclaughlin Pro Guidebook,1
Bernard Modern Router,Miller Vintage Dinner Set,1
Bernard Modern Router,Powell Portable Dress,1
Bernard Modern Router,Reese Vintage Headphones,1
Bernard Modern Router,Smith Essential Organizer,1
Bernard Modern Router,Sutton Essential Cap,1
Bernard Modern Router,Taylor Ultra T-Shirt,1
Bernard Modern Router,Thompson Compact Encyclopedia,1
Bernard Modern Router,Wong Pro Socks,1
Black Deluxe Cookbook,Kent Smart Mouse,1
Black Deluxe Cookbook,Lee Ultra Hoodie,1
Black Deluxe Cookbook,Mclaughlin Pro Guidebook,1
Black Deluxe Cookbook,Pena Portable Camera,1
Black Deluxe Cookbook,Richards Compact Cookware Set,1
Black Deluxe Cookbook,Snyder Smart Camera,1
Black Deluxe Cookbook,Sullivan Deluxe Dress,1
Black Deluxe Cookbook,Thompson Essential Curtains,1
Black Premium Monitor,Aguilar Ultra Hoodie,1
Black Premium Monitor,Arias Modern Shorts,1
Black Premium Monitor,Charles Deluxe Novel,1
Black Premium Monitor,Cohen Vintage Textbook,1
Black Premium Monitor,Dennis Classic Journal,1
Black Premium Monitor,Garcia Pro Cookware Set,1
Black Premium Monitor,George Ultra Coffee Maker,1
Black Premium Monitor,Goodwin Portable Organizer,1
Black Premium Monitor,Graham Essential Wall Clock,1
Black Premium Monitor,Gray Deluxe Hoodie,1
Black Premium Monitor,Guerrero Pro Headphones,1
Black Premium Monitor,Hardin Pro Cookbook,1
Black Premium Monitor,Hartman Compact Webcam,1
Black Premium Monitor,Hopkins Essential Blazer,1
Black Premium Monitor,Jones Smart Shorts,1
Black Premium Monitor,Joseph Vintage Novel,1
Black Premium Monitor,Lambert Smart Charger,1
Black Premium Monitor,Lee Ultra Hoodie,1
Black Premium Monitor,Medina Classic Jeans,1
Black Premium Monitor,Miller Vintage Smartwatch,1
Black Premium Monitor,Ochoa Premium Mouse,1
Black Premium Monitor,Perez Compact Keyboard,1
Black Premium Monitor,Reese Smart Cookbook,1
Black Premium Monitor,Reese Vintage Headphones,1
Black Premium Monitor,Reynolds Essential Novel,1
Black Premium Monitor,Robertson Deluxe Textbook,1
Black Premium Monitor,Robinson Portable Smartwatch,1
Black Premium Monitor,Robles Vintage Dinner Set,1
Black Premium Monitor,Rodriguez Ultra Hoodie,1
Black Premium Monitor,Sanchez Essential Monitor,1
Black Premium Monitor,Schroeder Smart Earbuds,1
Black Premium Monitor,Serrano Compact Dress,1
Black Premium Monitor,Sims Classic Headphones,1
Black Premium Monitor,Sullivan Classic Novel,1
Black Premium Monitor,Sullivan Deluxe Dress,1
Black Premium Monitor,Sullivan Vintage T-Shirt,1
Black Premium Monitor,Taylor Ultra T-Shirt,1
Black Premium Monitor,Tucker Modern Blender,1
Black Premium Monitor,Tucker Pro Organizer,1
Black Premium Monitor,Ward Pro Bedsheet,1
Black Premium Monitor,Welch Premium Dinner Set,1
Black Premium Monitor,White Portable Hoodie,1
Black Premium Monitor,White Vintage Smartphone,1
Black Premium Monitor,Wilson Compact Smartwatch,1
Blackwell Portable Scarf,Ayala Ultra T-Shirt,1
Blackwell Portable Scarf,Brooks Premium Novel,1
Blackwell Portable Scarf,Goodman Modern Dress,1
Blackwell Portable Scarf,Jones Pro Biography,1
Blackwell Portable Scarf,Lambert Smart Charger,1
Blackwell Portable Scarf,Lewis Vintage Textbook,1
Blackwell Portable Scarf,Logan Portable Biography,1
Blackwell Portable Scarf,Miller Vintage Smartwatch,1
Blackwell Portable Scarf,Mills Smart Router,1
Blackwell Portable Scarf,Moore Portable Blender,1
Blackwell Portable Scarf,Ramsey Pro Jacket,1
Blackwell Portable Scarf,Robinson Classic Sneakers,1
Blackwell Portable Scarf,Smith Ultra Atlas,1
Blackwell Portable Scarf,Sosa Deluxe Sneakers,1
Blackwell Portable Scarf,Thompson Eco Jeans,1
Blackwell Portable Scarf,Vincent Eco Smartwatch,1
Blackwell Portable Scarf,Ward Pro Bedsheet,1
Blankenship Smart Router,Arnold Modern Biography,1
Blankenship Smart Router,Baker Ultra Cushion,1
Blankenship Smart Router,Berry Smart Router,1
Blankenship Smart Router,Fisher Portable Vase,1
Bonilla Smart Sneakers,Anderson Classic Laptop,1
Bonilla Smart Sneakers,Dunn Vintage Sweater,1
Bonilla Smart Sneakers,Jackson Ultra Comic Book,1
Bonilla Smart Sneakers,Jennings Essential T-Shirt,1
Bonilla Smart Sneakers,Johns Portable Textbook,1
Bonilla Smart Sneakers,Johnson Deluxe Charger,1
Bonilla Smart Sneakers,Mack Portable Novel,1
Bonilla Smart Sneakers,Moore Compact Textbook,1
Bonilla Smart Sneakers,Perez Premium Biography,1
Bonilla Smart Sneakers,Roberts Eco Textbook,1
Bonilla Smart Sneakers,Rubio Modern Textbook,1
Bonilla Smart Sneakers,Welch Premium Dinner Set,1
Bonilla Smart Sneakers,Whitehead Compact Camera,1
Bowers Ultra Blazer,Calhoun Vintage Curtains,1
Bowers Ultra Blazer,Cantrell Compact Organizer,1
Bowers Ultra Blazer,Gibson Modern Cap,1
Bowers Ultra Blazer,Leon Classic Speaker,1
Bradley Smart Journal,Brock Smart Dress,1
Bradley Smart Journal,Carpenter Vintage Dinner Set,1
Bradley Smart Journal,Edwards Smart Cookbook,1
Bradley Smart Journal,Garza Pro Jacket,1
Bradley Smart Journal,Goodman Modern Dress,1
Bradley Smart Journal,Griffin Portable Wall Clock,1
Bradley Smart Journal,Haynes Essential Speaker,1
Bradley Smart Journal,Herrera Classic Charger,1
Bradley Smart Journal,Lee Compact Socks,1
Bradley Smart Journal,Luna Pro Charger,1
Bradley Smart Journal,Macias Eco Mouse,1
Bradley Smart Journal,Pena Portable Camera,1
Bradley Smart Journal,Schroeder Smart Earbuds,1
Bradley Smart Journal,Sims Ultra Earbuds,1
Bradley Smart Journal,Smith Classic Charger,1
Bradley Smart Journal,Spencer Essential Comic Book,1
Bradley Smart Journal,Todd Ultra Jeans,1
Bradley Smart Journal,Valentine Smart Bookshelf,1
Bradley Smart Journal,Vasquez Ultra Tablet,1
Bradley Smart Journal,Williams Deluxe Novel,1
Branch Modern Comic Book,Anderson Modern Scarf,1
Branch Modern Comic Book,Bennett Smart Bookshelf,1
Branch Modern Comic Book,Cohen Essential Sneakers,1
Branch Modern Comic Book,Gregory Classic Novel,1
Branch Modern Comic Book,Guerrero Pro Headphones,1
Branch Modern Comic Book,Haynes Essential Speaker,1
Branch Modern Comic Book,Hinton Pro Tablet,1
Branch Modern Comic Book,Jackson Eco Textbook,1
Branch Modern Comic Book,Johnston Modern Cushion,1
Branch Modern Comic Book,Joseph Vintage Novel,1
Branch Modern Comic Book,Lambert Smart Charger,1
Branch Modern Comic Book,Lawrence Ultra Coffee Maker,1
Branch Modern Comic Book,Moody Compact Socks,1
Branch Modern Comic Book,Olson Deluxe Laptop,1
Branch Modern Comic Book,Rivera Eco Tablet,1
Branch Modern Comic Book,Robinson Classic Sneakers,1
Branch Modern Comic Book,Serrano Compact Dress,1
Branch Modern Comic Book,Smith Vintage Cushion,1
Branch Modern Comic Book,Stephens Compact Comic Book,1
Branch Modern Comic Book,Ward Pro Bedsheet,1
Branch Modern Comic Book,White Vintage Smartphone,1
Braun Eco Dress,Hinton Pro Tablet,1
Braun Eco Dress,Padilla Premium Bookshelf,1
Braun Eco Dress,Rowe Modern Tablet,1
Braun Eco Dress,Thompson Eco Jeans,1
Brennan Smart Encyclopedia,Bowers Ultra Blazer,1
Brennan Smart Encyclopedia,Coleman Eco Cookbook,1
Brennan Smart Encyclopedia,Hall Modern Cookbook,1
Brennan Smart Encyclopedia,Hartman Compact Webcam,1
Brennan Smart Encyclopedia,Hinton Pro Tablet,1
Brennan Smart Encyclopedia,Jennings Essential T-Shirt,1
Brennan Smart Encyclopedia,Kaufman Essential Comic Book,1
Brennan Smart Encyclopedia,Robinson Classic Sneakers,1
Brennan Smart Encyclopedia,Rodriguez Ultra Hoodie,1
Brennan Smart Encyclopedia,Sanchez Deluxe Power Bank,1
Brennan Smart Encyclopedia,Smith Compact Sneakers,1
Brennan Smart Encyclopedia,Smith Portable Speaker,1
Brewer Modern Jacket,Ayala Premium Journal,1
Brewer Modern Jacket,Baker Ultra Cushion,1
Brewer Modern Jacket,Bennett Smart Bookshelf,1
Brewer Modern Jacket,Black Deluxe Cookbook,1
Brewer Modern Jacket,Fisher Portable Vase,1
Brewer Modern Jacket,Hernandez Eco Camera,1
Brewer Modern Jacket,Maynard Compact Comic Book,1
Brewer Modern Jacket,Mays Portable Comic Book,1
Brewer Modern Jacket,Mitchell Essential Cookware Set,1
Brewer Modern Jacket,Olson Compact Blender,1
Brewer Modern Jacket,Richards Compact Cookware Set,1
Brewer Modern Jacket,Smith Classic Charger,1
Brewer Modern Jacket,Sullivan Vintage T-Shirt,1
Brewer Modern Jacket,Thomas Eco Bookshelf,1
Brewer Modern Jacket,Vincent Compact Biography,1
Brewer Modern Jacket,Wilson Deluxe Dress,1
Brock Deluxe Mouse,Charles Deluxe Novel,1
Brock Deluxe Mouse,Garcia Pro Cookware Set,1
Brock Deluxe Mouse,Mitchell Essential Cookware Set,1
Brock Deluxe Mouse,Spencer Essential Comic Book,1
Brock Smart Dress,Atkins Eco Curtains,1
Brock Smart Dress,Barber Premium Scarf,1
Brock Smart Dress,Hunter Compact Anthology,1
Brock Smart Dress,Miller Vintage Smartwatch,1
Brock Smart Dress,Reyes Essential Monitor,1
Brooks Premium Novel,Gibson Modern Cap,1
Brooks Premium Novel,Gomez Smart Guidebook,1
Brooks Premium Novel,Lee Compact Socks,1
Brooks Premium Novel,Reese Vintage Headphones,1
Brooks Premium Novel,Robinson Eco Novel,1
Brooks Premium Novel,Thompson Eco Jeans,1
Brown Deluxe Coffee Maker,Brennan Smart Encyclopedia,1
Brown Deluxe Coffee Maker,Edwards Smart Cookbook,1
Brown Deluxe Coffee Maker,Harris Ultra Sweater,1
Brown Deluxe Coffee Maker,Hudson Smart Organizer,1
Brown Deluxe Coffee Maker,Johnson Deluxe Charger,1
Brown Deluxe Coffee Maker,Mcbride Eco Anthology,1
Brown Deluxe Coffee Maker,Robinson Eco Curtains,1
Brown Deluxe Coffee Maker,Sanchez Essential Monitor,1
Brown Deluxe Coffee Maker,Sanford Pro Monitor,1
Brown Deluxe Coffee Maker,Shields Portable Vase,1
Brown Deluxe Coffee Maker,Ward Pro Bedsheet,1
Brown Deluxe Coffee Maker,Williams Smart Atlas,1
Brown Modern Organizer,Conrad Classic Tablet,1
Brown Modern Organizer,Gibson Modern Cap,1
Brown Modern Organizer,Goodman Modern Dress,1
Brown Modern Organizer,Hill Smart Mouse,1
Brown Modern Organizer,Lee Compact Socks,1
Brown Modern Organizer,Maldonado Portable T-Shirt,1
Brown Modern Organizer,Maxwell Deluxe Blender,1
Brown Modern Organizer,Rowe Modern Tablet,1
Brown Modern Organizer,Smith Classic Charger,1
Brown Modern Organizer,Watson Eco Sneakers,1
Brown Vintage Guidebook,Aguilar Ultra Hoodie,1
Brown Vintage Guidebook,Castillo Compact Cookware Set,1
Brown Vintage Guidebook,Cox Vintage Router,1
Brown Vintage Guidebook,Davis Deluxe Wall Clock,1
Brown Vintage Guidebook,Edwards Essential Cushion,1
Brown Vintage Guidebook,Garcia Classic Comic Book,1
Brown Vintage Guidebook,Gonzalez Premium Cushion,1
Brown Vintage Guidebook,Hill Portable Bedsheet,1
Brown Vintage Guidebook,Huff Portable Cookware Set,1
Brown Vintage Guidebook,Hunt Classic Monitor,1
Brown Vintage Guidebook,Johnson Deluxe Charger,1
Brown Vintage Guidebook,Jones Essential Shorts,1
Brown Vintage Guidebook,Luna Portable Hoodie,1
Brown Vintage Guidebook,Mendoza Ultra Coffee Maker,1
Brown Vintage Guidebook,Mills Smart Router,1
Brown Vintage Guidebook,Mosley Compact Monitor,1
Brown Vintage Guidebook,Price Portable Novel,1
Brown Vintage Guidebook,Roth Premium T-Shirt,1
Brown Vintage Guidebook,Wilson Deluxe Dress,1
Burke Eco Wall Clock,Gutierrez Portable Earbuds,1
Burke Eco Wall Clock,Haynes Essential Speaker,1
Burke Eco Wall Clock,Wright Vintage Cookbook,1
Caldwell Eco Wall Clock,Mosley Compact Monitor,1
Calhoun Vintage Curtains,Edwards Essential Cushion,1
Calhoun Vintage Curtains,Hansen Premium Monitor,1
Calhoun Vintage Curtains,Haynes Classic Webcam,1
Calhoun Vintage Curtains,Mitchell Essential Cookware Set,1
Calhoun Vintage Curtains,Stewart Modern Novel,1
Camacho Vintage Cookware Set,Gross Deluxe Cap,1
Camacho Vintage Cookware Set,Guzman Smart Coffee Maker,1
Camacho Vintage Cookware Set,Lynn Ultra T-Shirt,1
Camacho Vintage Cookware Set,Morgan Premium Sneakers,1
Camacho Vintage Cookware Set,Valdez Essential Sweater,1
Camacho Vintage Cookware Set,Young Smart Cookbook,1
Cameron Portable Guidebook,Cantrell Compact Organizer,1
Cameron Portable Guidebook,Carpenter Vintage Dinner Set,1
Cameron Portable Guidebook,Green Deluxe Anthology,1
Cameron Portable Guidebook,Gregory Classic Novel,1
Cameron Portable Guidebook,Hansen Premium Monitor,1
Cameron Portable Guidebook,Hansen Vintage Textbook,1
Cameron Portable Guidebook,Hernandez Portable Headphones,1
Cameron Portable Guidebook,Hill Essential Textbook,1
Cameron Portable Guidebook,Huff Portable Cookware Set,1
Cameron Portable Guidebook,Jennings Smart Camera,1
Cameron Portable Guidebook,Juarez Ultra Cap,1
Cameron Portable Guidebook,King Deluxe Smartphone,1
Cameron Portable Guidebook,Knight Pro Cookbook,1
Cameron Portable Guidebook,Luna Portable Hoodie,1
Cameron Portable Guidebook,Luna Pro Charger,1
Cameron Portable Guidebook,Mason Classic Blender,1
Cameron Portable Guidebook,Mccarty Vintage Jacket,1
Cameron Portable Guidebook,Mcintosh Portable Anthology,1
Cameron Portable Guidebook,Medina Classic Jeans,1
Cameron Portable Guidebook,Olson Classic Power Bank,1
Cameron Portable Guidebook,Padilla Premium Bookshelf,1
Cameron Portable Guidebook,Perez Premium Biography,1
Cameron Portable Guidebook,Reese Smart Cookbook,1
Cameron Portable Guidebook,Ruiz Vintage Tablet,1
Cameron Portable Guidebook,Smith Vintage Cushion,1
Cameron Portable Guidebook,Taylor Ultra T-Shirt,1
Cameron Portable Guidebook,Thomas Eco Comic Book,1
Cameron Portable Guidebook,Valenzuela Classic Bedsheet,1
Cameron Portable Guidebook,Vance Essential Headphones,1
Cameron Portable Guidebook,White Essential Vase,1
Cameron Portable Guidebook,Williams Essential Journal,1
Cameron Portable Guidebook,Young Smart Cookbook,1
Campbell Premium Router,Figueroa Portable Coffee Maker,1
Campbell Premium Router,Logan Portable Biography,1
Campbell Premium Router,Mclaughlin Pro Guidebook,1
Campbell Premium Router,Obrien Premium Speaker,1
Campbell Premium Router,Ortiz Eco Cap,1
Campbell Premium Router,Smith Portable Speaker,1
Campbell Premium Router,Sutton Essential Cap,1
Campbell Premium Router,Vasquez Ultra Tablet,1
Campbell Pro Journal,Arias Modern Shorts,1
Campbell Pro Journal,Dunn Vintage Sweater,1
Campbell Pro Journal,Galvan Modern Blazer,1
Campbell Pro Journal,Mclaughlin Pro Guidebook,1
Campbell Pro Journal,Moore Portable Blender,1
Campbell Pro Journal,Powell Portable Dress,1
Campbell Pro Journal,Shields Portable Vase,1
Campbell Pro Journal,Snyder Smart Camera,1
Campbell Pro Journal,Thompson Compact Encyclopedia,1
Cannon Portable Cap,Aguilar Pro Scarf,1
Cannon Portable Cap,Atkins Eco Curtains,1
Cannon Portable Cap,Dixon Premium Coffee Maker,1
Cannon Portable Cap,Galvan Modern Blazer,1
Cannon Portable Cap,Harris Ultra Sweater,1
Cannon Portable Cap,Hartman Compact Webcam,1
Cannon Portable Cap,Reyes Essential Monitor,1
Cannon Portable Cap,Richards Compact Cookware Set,1
Cannon Portable Cap,Sullivan Classic Novel,1
Cantrell Compact Organizer,Hansen Premium Monitor,1
Cantrell Compact Organizer,Padilla Premium Bookshelf,1
Cantrell Compact Organizer,Perez Premium Biography,1
Cantrell Compact Organizer,Smith Portable Speaker,1
Cantrell Compact Organizer,Watson Eco Sneakers,1
Carlson Vintage Curtains,Brooks Premium Novel,1
Carlson Vintage Curtains,George Ultra Coffee Maker,1
Carlson Vintage Curtains,Hopkins Essential Blazer,1
Carlson Vintage Curtains,Jefferson Premium Organizer,1
Carlson Vintage Curtains,Ramsey Pro Jacket,1
Carlson Vintage Curtains,Robinson Eco Novel,1
Carpenter Vintage Dinner Set,Aguilar Pro Scarf,1
Carpenter Vintage Dinner Set,Anderson Modern Scarf,1
Carpenter Vintage Dinner Set,Anderson Modern Speaker,1
Carpenter Vintage Dinner Set,Davis Premium Wall Clock,1
Carpenter Vintage Dinner Set,Dunn Vintage Sweater,1
Carpenter Vintage Dinner Set,Hale Vintage Cookbook,1
Carpenter Vintage Dinner Set,Hartman Compact Webcam,1
Carpenter Vintage Dinner Set,Haynes Classic Webcam,1
Carpenter Vintage Dinner Set,Herrera Classic Charger,1
Carpenter Vintage Dinner Set,Hill Essential Textbook,1
Carpenter Vintage Dinner Set,Hopkins Essential Blazer,1
Carpenter Vintage Dinner Set,Lee Smart Tablet,1
Carpenter Vintage Dinner Set,Mitchell Essential Cookware Set,1
Carpenter Vintage Dinner Set,Montoya Compact Journal,1
Carpenter Vintage Dinner Set,Obrien Premium Speaker,1
Carpenter Vintage Dinner Set,Richards Compact Cookware Set,1
Carpenter Vintage Dinner Set,Smith Classic Charger,1
Carpenter Vintage Dinner Set,Smith Compact Dress,1
Carpenter Vintage Dinner Set,Spencer Essential Comic Book,1
Carpenter Vintage Dinner Set,Taylor Ultra T-Shirt,1
Carpenter Vintage Dinner Set,Valenzuela Classic Bedsheet,1
Carpenter Vintage Dinner Set,Vasquez Ultra Tablet,1
Carr Ultra Textbook,Atkins Eco Curtains,1
Carr Ultra Textbook,Baker Smart Keyboard,1
Carr Ultra Textbook,Barber Premium Scarf,1
Carr Ultra Textbook,Edwards Essential Cushion,1
Carr Ultra Textbook,Hill Smart Mouse,1
Carr Ultra Textbook,Robinson Portable Smartwatch,1
Carr Ultra Textbook,Rowe Modern Tablet,1
Carr Ultra Textbook,Sanchez Deluxe Power Bank,1
Carr Ultra Textbook,Scott Ultra Cookware Set,1
Carter Compact Shorts,Atkinson Ultra Jacket,1
Carter Compact Shorts,Carr Ultra Textbook,1
Carter Compact Shorts,Clements Ultra Dinner Set,1
Carter Compact Shorts,Craig Eco Shorts,1
Carter Compact Shorts,Eaton Classic Wall Clock,1
Carter Compact Shorts,Eaton Ultra Dress,1
Carter Compact Shorts,Frazier Premium Bookshelf,1
Carter Compact Shorts,Gonzalez Premium Cushion,1
Carter Compact Shorts,Hayes Ultra Lamp,1
Carter Compact Shorts,Hernandez Portable Headphones,1
Carter Compact Shorts,Knight Pro Lamp,1
Carter Compact Shorts,Lee Ultra Hoodie,1
Carter Compact Shorts,Macdonald Classic Atlas,1
Carter Compact Shorts,Mack Portable Novel,1
Carter Compact Shorts,Mason Classic Blender,1
Carter Compact Shorts,Mclaughlin Pro Guidebook,1
Carter Compact Shorts,Mitchell Essential Cookware Set,1
Carter Compact Shorts,Morrow Vintage Vase,1
Carter Compact Shorts,Nielsen Eco Journal,1
Carter Compact Shorts,Obrien Premium Speaker,1
Carter Compact Shorts,Olson Classic Power Bank,1
Carter Compact Shorts,Reese Vintage Headphones,1
Carter Compact Shorts,Richards Compact Cookware Set,1
Carter Compact Shorts,Schmidt Pro Comic Book,1
Carter Compact Shorts,Shannon Vintage Keyboard,1
Carter Compact Shorts,Shields Portable Vase,1
Carter Compact Shorts,Sparks Pro Scarf,1
Carter Compact Shorts,Taylor Portable Comic Book,1
Carter Compact Shorts,Tucker Ultra Bedsheet,1
Carter Compact Shorts,Williams Deluxe Novel,1
Carter Compact Shorts,Wolfe Ultra Cap,1
Castillo Compact Cookware Set,Dunn Vintage Sweater,1
Castillo Compact Cookware Set,Gibson Modern Cap,1
Castillo Compact Cookware Set,Gray Deluxe Hoodie,1
Castillo Compact Cookware Set,Moody Compact Socks,1
Castillo Compact Cookware Set,Sullivan Classic Novel,1
Castillo Compact Cookware Set,Sullivan Vintage T-Shirt,1
Castillo Compact Cookware Set,Vasquez Ultra Tablet,1
Castillo Compact Cookware Set,Watson Eco Sneakers,1
Castillo Compact Cookware Set,Wilson Premium Shorts,1
Charles Classic Cookbook,Allen Eco Novel,1
Charles Classic Cookbook,Anderson Modern Speaker,1
Charles Classic Cookbook,Black Deluxe Cookbook,1
Charles Classic Cookbook,Carpenter Vintage Dinner Set,1
Charles Classic Cookbook,Hammond Pro Sneakers,1
Charles Classic Cookbook,Jenkins Modern Scarf,1
Charles Classic Cookbook,Johnson Deluxe Charger,1
Charles Classic Cookbook,Mitchell Essential Cookware Set,1
Charles Classic Cookbook,Mosley Compact Monitor,1
Charles Classic Cookbook,Nicholson Smart Anthology,1
Charles Classic Cookbook,Pena Portable Camera,1
Charles Classic Cookbook,Shannon Vintage Keyboard,1
Charles Classic Cookbook,Smith Eco Blazer,1
Charles Classic Cookbook,Stuart Classic Charger,1
Charles Classic Cookbook,Sullivan Deluxe Dress,1
Charles Classic Cookbook,Thomas Ultra Blender,1
Charles Classic Cookbook,Thompson Essential Curtains,1
Charles Classic Cookbook,Vance Smart Bookshelf,1
Charles Classic Cookbook,Young Eco Curtains,1
Clark Classic Dress,Cortez Classic Socks,1
Clark Classic Dress,Hall Pro T-Shirt,1
Clark Classic Dress,Hampton Classic Encyclopedia,1
Clark Classic Dress,Hansen Premium Scarf,1
Clark Classic Dress,Hood Vintage Wall Clock,1
Clark Classic Dress,Hudson Smart Organizer,1
Clark Classic Dress,Lambert Smart Charger,1
Clark Classic Dress,Lee Compact Socks,1
Clark Classic Dress,Luna Portable Hoodie,1
Clark Classic Dress,Mitchell Vintage Mouse,1
Clark Classic Dress,Moore Compact Textbook,1
Clark Classic Dress,Owen Eco Cap,1
Clark Classic Dress,Padilla Premium Bookshelf,1
Clark Classic Dress,Rivera Modern Bookshelf,1
Clark Classic Dress,Russell Vintage Router,1
Clark Classic Dress,Ryan Eco Mouse,1
Clark Classic Dress,Sanford Pro Monitor,1
Clark Classic Dress,Stuart Classic Charger,1
Clark Classic Dress,Sullivan Classic Curtains,1
Clark Classic Dress,Vasquez Ultra Tablet,1
Clark Classic Dress,Ward Pro Bedsheet,1
Clark Classic Dress,Wilson Eco Guidebook,1
Clark Classic Dress,Wilson Premium Sweater,1
Clark Modern Jeans,Aguirre Compact Power Bank,1
Clark Modern Jeans,Bell Modern Guidebook,1
Clark Modern Jeans,Brock Deluxe Mouse,1
Clark Modern Jeans,Cunningham Compact Bedsheet,1
Clark Modern Jeans,Davis Premium Wall Clock,1
Clark Modern Jeans,Guzman Smart Coffee Maker,1
Clark Modern Jeans,Holmes Eco Atlas,1
Clark Modern Jeans,Sparks Pro Scarf,1
Clark Modern Jeans,Taylor Ultra T-Shirt,1
Clark Modern Jeans,Walker Modern Cookware Set,1
Clark Modern Jeans,Welch Premium Dinner Set,1
Clements Ultra Dinner Set,Bailey Portable Bedsheet,1
Clements Ultra Dinner Set,Branch Modern Comic Book,1
Clements Ultra Dinner Set,Gonzalez Premium Cushion,1
Clements Ultra Dinner Set,Hernandez Portable Headphones,1
Clements Ultra Dinner Set,Kelley Essential Laptop,1
Clements Ultra Dinner Set,Manning Eco Charger,1
Clements Ultra Dinner Set,Mason Classic Blender,1
Clements Ultra Dinner Set,Mills Smart Router,1
Clements Ultra Dinner Set,Moody Compact Socks,1
Clements Ultra Dinner Set,Moore Compact Textbook,1
Clements Ultra Dinner Set,Perez Compact Keyboard,1
Clements Ultra Dinner Set,Robinson Eco Curtains,1
Clements Ultra Dinner Set,Sanchez Essential Monitor,1
Clements Ultra Dinner Set,Scott Ultra Cookware Set,1
Clements Ultra Dinner Set,Stephens Compact Comic Book,1
Clements Ultra Dinner Set,Thomas Eco Comic Book,1
Clements Ultra Dinner Set,Thompson Compact Encyclopedia,1
Clements Ultra Dinner Set,Tucker Ultra Bedsheet,1
Clements Ultra Dinner Set,Vincent Compact Biography,1
Clements Ultra Dinner Set,Williams Deluxe Novel,1
Clements Ultra Dinner Set,Wilson Premium Shorts,1
Cohen Essential Sneakers,Carr Ultra Textbook,1
Cohen Essential Sneakers,Hale Vintage Cookbook,1
Cohen Essential Sneakers,Herrera Classic Charger,1
Cohen Essential Sneakers,Pace Modern Novel,1
Cohen Vintage Textbook,Allen Pro Monitor,1
Cohen Vintage Textbook,Dixon Premium Coffee Maker,1
Cohen Vintage Textbook,Gonzalez Eco Biography,1
Cohen Vintage Textbook,Morales Eco Organizer,1
Cohen Vintage Textbook,Ramsey Pro Jacket,1
Cohen Vintage Textbook,Thompson Essential Curtains,1
Coleman Eco Cookbook,Baker Ultra Cushion,1
Coleman Eco Cookbook,Bowers Ultra Blazer,1
Coleman Eco Cookbook,Davis Premium Wall Clock,1
Coleman Eco Cookbook,Gonzalez Eco Biography,1
Coleman Eco Cookbook,Goodman Modern Dress,1
Coleman Eco Cookbook,Kent Smart Mouse,1
Coleman Eco Cookbook,Leon Classic Speaker,1
Coleman Eco Cookbook,Price Portable Novel,1
Coleman Eco Cookbook,Robinson Portable Smartwatch,1
Coleman Eco Cookbook,Snyder Smart Camera,1
Coleman Eco Cookbook,Sosa Deluxe Sneakers,1
Coleman Eco Cookbook,Stewart Modern Novel,1
Conrad Classic Tablet,Maxwell Deluxe Blender,1
Conrad Classic Tablet,Watson Eco Sneakers,1
Cortez Classic Socks,Charles Deluxe Novel,1
Cortez Classic Socks,Figueroa Portable Coffee Maker,1
Cortez Classic Socks,Fisher Portable Vase,1
Cortez Classic Socks,Lee Smart Tablet,1
Cortez Classic Socks,Luna Portable Hoodie,1
Cortez Classic Socks,Luna Pro Charger,1
Cortez Classic Socks,Moody Compact Socks,1
Cortez Classic Socks,Robertson Pro Charger,1
Cortez Classic Socks,Robinson Classic Sneakers,1
Cortez Classic Socks,Ryan Eco Mouse,1
Cortez Classic Socks,Serrano Essential Organizer,1
Cortez Classic Socks,Shannon Vintage Keyboard,1
Cortez Classic Socks,Thomas Eco Bookshelf,1
Cortez Classic Socks,Vasquez Ultra Tablet,1
Cortez Classic Socks,Walker Modern Cookware Set,1
Cortez Classic Socks,Watson Eco Sneakers,1
Costa Vintage Biography,Cannon Portable Cap,1
Costa Vintage Biography,Cohen Vintage Textbook,1
Costa Vintage Biography,Ramsey Pro Jacket,1
Costa Vintage Biography,Snyder Smart Camera,1
Cox Vintage Router,Arias Modern Shorts,1
Cox Vintage Router,Baker Smart Keyboard,1
Cox Vintage Router,Braun Eco Dress,1
Cox Vintage Router,Campbell Pro Journal,1
Cox Vintage Router,Davis Premium Wall Clock,1
Cox Vintage Router,Gonzales Pro Earbuds,1
Cox Vintage Router,Harris Compact Tablet,1
Cox Vintage Router,Hinton Pro Tablet,1
Cox Vintage Router,Jacobs Essential Curtains,1
Cox Vintage Router,Lane Compact Novel,1
Cox Vintage Router,Mclaughlin Pro Guidebook,1
Cox Vintage Router,Mendez Pro Bedsheet,1
Cox Vintage Router,Mendoza Ultra Coffee Maker,1
Cox Vintage Router,Obrien Premium Speaker,1
Cox Vintage Router,Ochoa Premium Mouse,1
Cox Vintage Router,Smith Portable Speaker,1
Cox Vintage Router,Taylor Portable Comic Book,1
Cox Vintage Router,Thompson Compact Encyclopedia,1
Cox Vintage Router,Vasquez Ultra Tablet,1
Cox Vintage Router,Walker Modern Cookware Set,1
Cox Vintage Router,Wolfe Ultra Cap,1
Cox Vintage Router,Wong Pro Socks,1
Craig Eco Shorts,Charles Deluxe Novel,1
Craig Eco Shorts,Dunn Vintage Sweater,1
Craig Eco Shorts,Haynes Essential Speaker,1
Craig Eco Shorts,Mcbride Eco Anthology,1
Craig Eco Shorts,Miller Classic T-Shirt,1
Craig Eco Shorts,Perez Premium Biography,1
Craig Eco Shorts,Smith Smart Laptop,1
Craig Eco Shorts,White Portable Encyclopedia,1
Craig Eco Shorts,White Vintage Smartphone,1
Crosby Portable Cookbook,Brown Modern Organizer,1
Crosby Portable Cookbook,Davis Portable Textbook,1
Crosby Portable Cookbook,Grant Portable T-Shirt,1
Crosby Portable Cookbook,Herrera Classic Charger,1
Crosby Portable Cookbook,Hill Smart Mouse,1
Crosby Portable Cookbook,Maxwell Deluxe Blender,1
Crosby Portable Cookbook,Padilla Premium Bookshelf,1
Crosby Portable Cookbook,Simmons Deluxe Jacket,1
Crosby Portable Cookbook,Sparks Pro Scarf,1
Crosby Portable Cookbook,Thomas Eco Bookshelf,1
Cunningham Compact Bedsheet,Arias Modern Shorts,1
Cunningham Compact Bedsheet,Avery Smart Organizer,1
Cunningham Compact Bedsheet,Bailey Portable Bedsheet,1
Cunningham Compact Bedsheet,Craig Eco Shorts,1
Cunningham Compact Bedsheet,Grant Portable T-Shirt,1
Cunningham Compact Bedsheet,Holmes Eco Atlas,1
Cunningham Compact Bedsheet,Huff Portable Cookware Set,1
Cunningham Compact Bedsheet,Maldonado Portable T-Shirt,1
Cunningham Compact Bedsheet,Mendez Pro Bedsheet,1
Cunningham Compact Bedsheet,Morgan Vintage Hoodie,1
Cunningham Compact Bedsheet,Owen Eco Cap,1
Cunningham Compact Bedsheet,Schroeder Smart Earbuds,1
Cunningham Compact Bedsheet,Scott Modern Bedsheet,1
Cunningham Compact Bedsheet,Smith Classic Charger,1
Cunningham Compact Bedsheet,Ward Pro Bedsheet,1
Cunningham Compact Bedsheet,Webb Deluxe Dinner Set,1
Daniels Classic Keyboard,Conrad Classic Tablet,1
Daniels Classic Keyboard,Crosby Portable Cookbook,1
Daniels Classic Keyboard,Hicks Ultra Anthology,1
Daniels Classic Keyboard,Jackson Eco Textbook,1
Daniels Classic Keyboard,Knight Portable Speaker,1
Daniels Classic Keyboard,Leonard Ultra Monitor,1
Daniels Classic Keyboard,Montgomery Pro Bedsheet,1
Daniels Classic Keyboard,Olson Classic Power Bank,1
Daniels Classic Keyboard,Olson Compact Blender,1
Daniels Classic Keyboard,Ortiz Eco Cap,1
Daniels Classic Keyboard,Ramos Premium Anthology,1
Daniels Classic Keyboard,Sanders Modern Coffee Maker,1
Daniels Classic Keyboard,Smith Essential Organizer,1
Daniels Classic Keyboard,Smith Ultra Atlas,1
Daniels Classic Keyboard,Wilson Deluxe Dress,1
Davidson Compact Coffee Maker,Arnold Modern Biography,1
Davidson Compact Coffee Maker,Bennett Ultra Jeans,1
Davidson Compact Coffee Maker,Costa Vintage Biography,1
Davidson Compact Coffee Maker,Fernandez Eco Guidebook,1
Davidson Compact Coffee Maker,Garza Pro Jacket,1
Davidson Compact Coffee Maker,Hampton Classic Encyclopedia,1
Davidson Compact Coffee Maker,Haynes Essential Speaker,1
Davidson Compact Coffee Maker,Hunt Classic Monitor,1
Davidson Compact Coffee Maker,Keith Premium Coffee Maker,1
Davidson Compact Coffee Maker,Maxwell Deluxe Blender,1
Davidson Compact Coffee Maker,Morgan Vintage Hoodie,1
Davidson Compact Coffee Maker,Mosley Compact Monitor,1
Davidson Compact Coffee Maker,Smith Essential Speaker,1
Davidson Compact Coffee Maker,Snyder Smart Camera,1
Davis Deluxe Wall Clock,Carr Ultra Textbook,1
Davis Deluxe Wall Clock,Cohen Essential Sneakers,1
Davis Deluxe Wall Clock,Cox Vintage Router,1
Davis Deluxe Wall Clock,Grant Portable T-Shirt,1
Davis Deluxe Wall Clock,Gray Deluxe Hoodie,1
Davis Deluxe Wall Clock,Hansen Premium Monitor,1
Davis Deluxe Wall Clock,Jefferson Premium Organizer,1
Davis Deluxe Wall Clock,Mendoza Ultra Coffee Maker,1
Davis Deluxe Wall Clock,Pace Modern Novel,1
Davis Deluxe Wall Clock,Ross Modern Bookshelf,1
Davis Deluxe Wall Clock,Saunders Pro Cap,1
Davis Deluxe Wall Clock,Smith Eco Blazer,1
Davis Deluxe Wall Clock,Smith Vintage Socks,1
Davis Deluxe Wall Clock,Sparks Pro Scarf,1
Davis Deluxe Wall Clock,Thompson Essential Curtains,1
Davis Portable Textbook,Edwards Essential Cushion,1
Davis Portable Textbook,Gomez Smart Guidebook,1
Davis Portable Textbook,Hinton Pro Tablet,1
Davis Portable Textbook,Mack Portable Novel,1
Davis Portable Textbook,Ross Modern Bookshelf,1
Davis Portable Textbook,Winters Premium Smartphone,1
Davis Premium Sneakers,Avery Smart Organizer,1
Davis Premium Sneakers,Bartlett Modern Atlas,1
Davis Premium Sneakers,Bonilla Smart Sneakers,1
Davis Premium Sneakers,Castillo Compact Cookware Set,1
Davis Premium Sneakers,Graham Essential Wall Clock,1
Davis Premium Sneakers,Green Modern Socks,1
Davis Premium Sneakers,Jenkins Modern Scarf,1
Davis Premium Sneakers,Johnson Premium Webcam,1
Davis Premium Sneakers,Lewis Compact Monitor,1
Davis Premium Sneakers,Mack Portable Novel,1
Davis Premium Sneakers,Mendoza Ultra Coffee Maker,1
Davis Premium Sneakers,Miller Classic T-Shirt,1
Davis Premium Sneakers,Miller Premium Textbook,1
Davis Premium Sneakers,Montoya Compact Journal,1
Davis Premium Sneakers,Price Essential Power Bank,1
Davis Premium Sneakers,Schultz Smart Blazer,1
Davis Premium Sneakers,Serrano Compact Dress,1
Davis Premium Sneakers,Shaw Compact Hoodie,1
Davis Premium Sneakers,Vance Smart Bookshelf,1
Davis Premium Sneakers,White Essential Vase,1
Davis Premium Sneakers,Wilson Deluxe T-Shirt,1
Davis Premium Wall Clock,Aguilar Pro Scarf,1
Davis Premium Wall Clock,Baker Smart Keyboard,1
Davis Premium Wall Clock,Cantrell Compact Organizer,1
Davis Premium Wall Clock,Gonzalez Eco Biography,1
Davis Premium Wall Clock,Goodman Modern Dress,1
Davis Premium Wall Clock,Hale Vintage Cookbook,1
Davis Premium Wall Clock,Lee Ultra Hoodie,1
Davis Premium Wall Clock,Mitchell Essential Cookware Set,1
Davis Premium Wall Clock,Rubio Modern Textbook,1
Davis Premium Wall Clock,Watson Eco Sneakers,1
Dennis Classic Journal,Cohen Vintage Textbook,1
Dennis Classic Journal,Davis Portable Textbook,1
Dennis Classic Journal,Fisher Portable Vase,1
Dennis Classic Journal,George Ultra Coffee Maker,1
Dennis Classic Journal,Gomez Smart Guidebook,1
Dennis Classic Journal,Gordon Ultra Coffee Maker,1
Dennis Classic Journal,Gutierrez Portable Earbuds,1
Dennis Classic Journal,Harris Compact Tablet,1
Dennis Classic Journal,Holmes Eco Atlas,1
Dennis Classic Journal,Hudson Smart Organizer,1
Dennis Classic Journal,Olson Compact Blender,1
Dennis Classic Journal,Reyes Essential Monitor,1
Dennis Classic Journal,Rubio Modern Textbook,1
Dennis Classic Journal,Williams Deluxe Novel,1
Dennis Classic Journal,Wolfe Ultra Cap,1
Dixon Deluxe Cookbook,Craig Eco Shorts,1
Dixon Deluxe Cookbook,Herrera Classic Charger,1
Dixon Deluxe Cookbook,Holmes Eco Atlas,1
Dixon Deluxe Cookbook,Johnston Modern Cushion,1
Dixon Deluxe Cookbook,Lee Ultra Hoodie,1
Dixon Deluxe Cookbook,Ortiz Eco Cap,1
Dixon Deluxe Cookbook,Perez Compact Keyboard,1
Dixon Deluxe Cookbook,Richards Compact Cookware Set,1
Dixon Deluxe Cookbook,Sanders Portable Dinner Set,1
Dixon Deluxe Cookbook,Schmidt Pro Comic Book,1
Dixon Deluxe Cookbook,Smith Smart Laptop,1
Dixon Deluxe Cookbook,Webb Compact Cap,1
Dixon Premium Coffee Maker,Gonzalez Eco Biography,1
Dixon Premium Coffee Maker,Gutierrez Portable Earbuds,1
Dixon Premium Coffee Maker,Kramer Compact Textbook,1
Dixon Premium Coffee Maker,Ross Compact Hoodie,1
Dixon Premium Coffee Maker,Vasquez Ultra Tablet,1
Douglas Vintage Journal,Gordon Ultra Coffee Maker,1
Douglas Vintage Journal,Haynes Classic Webcam,1
Douglas Vintage Journal,Jefferson Premium Organizer,1
Douglas Vintage Journal,Nichols Modern Cookware Set,1
Dunn Pro Coffee Maker,Calhoun Vintage Curtains,1
Dunn Pro Coffee Maker,Castillo Compact Cookware Set,1
Dunn Pro Coffee Maker,Davis Portable Textbook,1
Dunn Pro Coffee Maker,Dunn Vintage Sweater,1
Dunn Pro Coffee Maker,Hanson Compact Vase,1
Dunn Pro Coffee Maker,Harmon Deluxe Vase,1
Dunn Pro Coffee Maker,Herrera Classic Charger,1
Dunn Pro Coffee Maker,Serrano Compact Dress,1
Dunn Pro Coffee Maker,Stuart Classic Charger,1
Dunn Pro Coffee Maker,Sullivan Classic Novel,1
Dunn Pro Coffee Maker,Sullivan Vintage T-Shirt,1
Dunn Pro Coffee Maker,Williams Pro Wall Clock,1
Dunn Pro Coffee Maker,Wilson Premium Shorts,1
Dunn Vintage Sweater,Gutierrez Portable Earbuds,1
Dunn Vintage Sweater,Haynes Essential Speaker,1
Dunn Vintage Sweater,Palmer Classic Router,1
Dunn Vintage Sweater,Smith Smart Laptop,1
Dunn Vintage Sweater,Wilson Premium Shorts,1
Eaton Classic Wall Clock,Anderson Classic Laptop,1
Eaton Classic Wall Clock,Baker Smart Keyboard,1
Eaton Classic Wall Clock,Brooks Premium Novel,1
Eaton Classic Wall Clock,Cox Vintage Router,1
Eaton Classic Wall Clock,Floyd Ultra Dress,1
Eaton Classic Wall Clock,Gilbert Portable Jacket,1
Eaton Classic Wall Clock,Gomez Smart Guidebook,1
Eaton Classic Wall Clock,Harris Compact Tablet,1
Eaton Classic Wall Clock,Johnston Modern Cushion,1
Eaton Classic Wall Clock,Lambert Smart Charger,1
Eaton Classic Wall Clock,Mack Portable Novel,1
Eaton Classic Wall Clock,Mays Portable Comic Book,1
Eaton Classic Wall Clock,Mclaughlin Pro Guidebook,1
Eaton Classic Wall Clock,Miller Premium Textbook,1
Eaton Classic Wall Clock,Moore Compact Textbook,1
Eaton Classic Wall Clock,Olson Classic Power Bank,1
Eaton Classic Wall Clock,Robinson Portable Smartwatch,1
Eaton Classic Wall Clock,Shannon Vintage Keyboard,1
Eaton Classic Wall Clock,Sosa Deluxe Sneakers,1
Eaton Classic Wall Clock,Walker Modern Cookware Set,1
Eaton Classic Wall Clock,White Portable Encyclopedia,1
Eaton Classic Wall Clock,Winters Premium Smartphone,1
Eaton Classic Wall Clock,Young Smart Cookbook,1
Eaton Ultra Dress,Bell Modern Guidebook,1
Eaton Ultra Dress,Brock Deluxe Mouse,1
Eaton Ultra Dress,Burke Eco Wall Clock,1
Eaton Ultra Dress,Craig Eco Shorts,1
Eaton Ultra Dress,Edwards Essential Cushion,1
Eaton Ultra Dress,Gonzalez Eco Biography,1
Eaton Ultra Dress,Green Modern Socks,1
Eaton Ultra Dress,Greene Ultra T-Shirt,1
Eaton Ultra Dress,Miller Modern Wall Clock,1
Eaton Ultra Dress,Owen Eco Cap,1
Eaton Ultra Dress,Palmer Classic Router,1
Eaton Ultra Dress,Ramsey Pro Jacket,1
Eaton Ultra Dress,Ruiz Modern Anthology,1
Eaton Ultra Dress,Shields Portable Vase,1
Eaton Ultra Dress,Smith Eco Blazer,1
Eaton Ultra Dress,Taylor Portable Comic Book,1
Eaton Ultra Dress,Velez Premium Novel,1
Eaton Ultra Dress,Vincent Compact Biography,1
Eaton Ultra Dress,Wilson Compact Smartwatch,1
Edwards Essential Cushion,Baker Smart Keyboard,1
Edwards Essential Cushion,Maxwell Deluxe Blender,1
Edwards Smart Cookbook,Bailey Portable Bedsheet,1
Edwards Smart Cookbook,Craig Eco Shorts,1
Edwards Smart Cookbook,Cunningham Compact Bedsheet,1
Edwards Smart Cookbook,Golden Essential Jeans,1
Edwards Smart Cookbook,Hansen Vintage Textbook,1
Edwards Smart Cookbook,Hardin Pro Cookbook,1
Edwards Smart Cookbook,Johnson Deluxe Charger,1
Edwards Smart Cookbook,Mcbride Eco Anthology,1
Edwards Smart Cookbook,Miller Classic T-Shirt,1
Edwards Smart Cookbook,Morrow Vintage Vase,1
Edwards Smart Cookbook,Pena Portable Camera,1
Edwards Smart Cookbook,Ramirez Modern Bedsheet,1
Edwards Smart Cookbook,Scott Ultra Cookware Set,1
Edwards Smart Cookbook,Shields Portable Vase,1
Edwards Smart Cookbook,Smith Vintage Socks,1
Evans Premium Organizer,Anderson Modern Speaker,1
Evans Premium Organizer,Cohen Essential Sneakers,1
Evans Premium Organizer,Cohen Vintage Textbook,1
Evans Premium Organizer,Dixon Premium Coffee Maker,1
Evans Premium Organizer,Gonzales Pro Earbuds,1
Evans Premium Organizer,Hartman Compact Webcam,1
Evans Premium Organizer,Hernandez Eco Camera,1
Evans Premium Organizer,Jefferson Premium Organizer,1
Evans Premium Organizer,Kelly Classic Vase,1
Evans Premium Organizer,Morrow Vintage Vase,1
Evans Premium Organizer,Rubio Modern Textbook,1
Evans Premium Organizer,Sanchez Deluxe Power Bank,1
Evans Premium Organizer,Scott Ultra Cookware Set,1
Evans Premium Organizer,Serrano Compact Dress,1
Evans Premium Organizer,Thompson Compact Encyclopedia,1
Evans Premium Organizer,Whitehead Compact Camera,1
Ferguson Ultra Cap,Aguirre Compact Power Bank,1
Ferguson Ultra Cap,Harmon Deluxe Vase,1
Ferguson Ultra Cap,Hill Portable Bedsheet,1
Ferguson Ultra Cap,Pena Portable Camera,1
Ferguson Ultra Cap,Ramirez Modern Bedsheet,1
Ferguson Ultra Cap,Reed Classic Textbook,1
Ferguson Ultra Cap,Williams Deluxe Novel,1
Ferguson Ultra Cap,Wilson Eco Guidebook,1
Fernandez Eco Guidebook,Baker Smart Keyboard,1
Fernandez Eco Guidebook,Bennett Smart Bookshelf,1
Fernandez Eco Guidebook,Burke Eco Wall Clock,1
Fernandez Eco Guidebook,Davis Premium Wall Clock,1
Fernandez Eco Guidebook,Goodwin Portable Organizer,1
Fernandez Eco Guidebook,Greene Ultra T-Shirt,1
Fernandez Eco Guidebook,Hill Smart Mouse,1
Fernandez Eco Guidebook,Lee Compact Socks,1
Fernandez Eco Guidebook,Mack Portable Novel,1
Fernandez Eco Guidebook,Maynard Compact Comic Book,1
Fernandez Eco Guidebook,Mclaughlin Pro Guidebook,1
Fernandez Eco Guidebook,Miller Vintage Smartwatch,1
Fernandez Eco Guidebook,Olson Compact Blender,1
Fernandez Eco Guidebook,Ramos Premium Anthology,1
Fernandez Eco Guidebook,Ryan Eco Mouse,1
Fernandez Eco Guidebook,Sanders Portable Dinner Set,1
Fernandez Eco Guidebook,Scott Deluxe Guidebook,1
Fernandez Eco Guidebook,Scott Vintage Textbook,1
Fernandez Eco Guidebook,Spencer Essential Comic Book,1
Fernandez Eco Guidebook,Taylor Ultra T-Shirt,1
Fernandez Eco Guidebook,Williams Pro Wall Clock,1
Fernandez Eco Guidebook,Wilson Compact Smartwatch,1
Fields Premium Wall Clock,Brock Smart Dress,1
Fields Premium Wall Clock,Miller Vintage Smartwatch,1
Fields Premium Wall Clock,Pena Portable Camera,1
Fields Premium Wall Clock,Smith Portable Speaker,1
Figueroa Modern Coffee Maker,Aguilar Ultra Hoodie,1
Figueroa Modern Coffee Maker,Baker Smart Keyboard,1
Figueroa Modern Coffee Maker,Baker Ultra Cushion,1
Figueroa Modern Coffee Maker,Baxter Compact Laptop,1
Figueroa Modern Coffee Maker,Cannon Portable Cap,1
Figueroa Modern Coffee Maker,Hartman Compact Webcam,1
Figueroa Modern Coffee Maker,Knight Portable Speaker,1
Figueroa Modern Coffee Maker,Lee Smart Tablet,1
Figueroa Modern Coffee Maker,Mcclain Eco Biography,1
Figueroa Modern Coffee Maker,Medina Classic Jeans,1
Figueroa Modern Coffee Maker,Rivera Modern Bookshelf,1
Figueroa Modern Coffee Maker,Robles Vintage Dinner Set,1
Figueroa Modern Coffee Maker,Scott Vintage Textbook,1
Figueroa Modern Coffee Maker,Thomas Eco Bookshelf,1
Figueroa Modern Coffee Maker,Thomas Eco Comic Book,1
Figueroa Modern Coffee Maker,Vance Smart Bookshelf,1
Figueroa Modern Coffee Maker,Welch Premium Dinner Set,1
Figueroa Modern Coffee Maker,Williams Essential Journal,1
Figueroa Modern Coffee Maker,Wood Deluxe Vase,1
Figueroa Portable Coffee Maker,Burke Eco Wall Clock,1
Figueroa Portable Coffee Maker,Cox Vintage Router,1
Figueroa Portable Coffee Maker,Gibson Modern Cap,1
Figueroa Portable Coffee Maker,Jackson Classic Jeans,1
Figueroa Portable Coffee Maker,Jefferson Premium Organizer,1
Figueroa Portable Coffee Maker,Morgan Premium Sneakers,1
Figueroa Portable Coffee Maker,Obrien Premium Speaker,1
Figueroa Portable Coffee Maker,Palmer Classic Router,1
Figueroa Portable Coffee Maker,Peterson Eco Sneakers,1
Figueroa Portable Coffee Maker,Ramos Premium Anthology,1
Figueroa Portable Coffee Maker,Reynolds Essential Novel,1
Figueroa Portable Coffee Maker,Spencer Essential Comic Book,1
Figueroa Portable Coffee Maker,Vasquez Ultra Tablet,1
Figueroa Portable Coffee Maker,Webb Deluxe Dinner Set,1
Figueroa Portable Coffee Maker,Wright Vintage Cookbook,1
Fisher Portable Vase,Allen Pro Monitor,1
Fisher Portable Vase,Caldwell Eco Wall Clock,1
Fisher Portable Vase,Charles Deluxe Novel,1
Fisher Portable Vase,Goodman Modern Dress,1
Fisher Portable Vase,Gutierrez Portable Earbuds,1
Fisher Portable Vase,Harris Ultra Sweater,1
Fisher Portable Vase,Holmes Eco Atlas,1
Fisher Portable Vase,Reyes Essential Monitor,1
Fisher Portable Vase,Wood Deluxe Vase,1
Flores Vintage Laptop,Bailey Portable Bedsheet,1
Flores Vintage Laptop,Bernard Modern Router,1
Flores Vintage Laptop,Gonzales Pro Earbuds,1
Flores Vintage Laptop,Gordon Ultra Coffee Maker,1
Flores Vintage Laptop,Hansen Premium Monitor,1
Flores Vintage Laptop,Hansen Vintage Textbook,1
Flores Vintage Laptop,Jennings Smart Camera,1
Flores Vintage Laptop,Jones Smart Shorts,1
Flores Vintage Laptop,Kent Smart Mouse,1
Flores Vintage Laptop,Lee Ultra Hoodie,1
Flores Vintage Laptop,Long Vintage Blender,1
Flores Vintage Laptop,Mason Classic Blender,1
Flores Vintage Laptop,Miller Eco Guidebook,1
Flores Vintage Laptop,Miller Vintage Dinner Set,1
Flores Vintage Laptop,Mitchell Essential Cookware Set,1
Flores Vintage Laptop,Mitchell Pro Encyclopedia,1
Flores Vintage Laptop,Ortiz Eco Cap,1
Flores Vintage Laptop,Powell Portable Dress,1
Flores Vintage Laptop,Robles Vintage Dinner Set,1
Flores Vintage Laptop,Smith Compact Dress,1
Flores Vintage Laptop,White Vintage Smartphone,1
Flores Vintage Laptop,Wolfe Ultra Cap,1
Floyd Ultra Dress,Cantrell Compact Organizer,1
Floyd Ultra Dress,Davis Premium Wall Clock,1
Floyd Ultra Dress,Fernandez Eco Guidebook,1
Floyd Ultra Dress,Fields Premium Wall Clock,1
Floyd Ultra Dress,Goodwin Portable Organizer,1
Floyd Ultra Dress,Green Deluxe Anthology,1
Floyd Ultra Dress,Mays Portable Comic Book,1
Floyd Ultra Dress,Mclaughlin Pro Guidebook,1
Floyd Ultra Dress,Miller Vintage Smartwatch,1
Floyd Ultra Dress,Owen Eco Cap,1
Floyd Ultra Dress,Smith Compact Dress,1
Floyd Ultra Dress,Smith Essential Speaker,1
Floyd Ultra Dress,Smith Vintage Socks,1
Floyd Ultra Dress,Sullivan Classic Novel,1
Floyd Ultra Dress,Taylor Premium Anthology,1
Floyd Ultra Dress,Ward Pro Textbook,1
Floyd Ultra Dress,Watson Eco Sneakers,1
Floyd Ultra Dress,Young Modern Headphones,1
Fox Vintage Webcam,Atkinson Premium Encyclopedia,1
Fox Vintage Webcam,Bernard Modern Router,1
Fox Vintage Webcam,Black Premium Monitor,1
Fox Vintage Webcam,Brown Modern Organizer,1
Fox Vintage Webcam,Carter Compact Shorts,1
Fox Vintage Webcam,Charles Deluxe Novel,1
Fox Vintage Webcam,Craig Eco Shorts,1
Fox Vintage Webcam,Cunningham Compact Bedsheet,1
Fox Vintage Webcam,Goodman Modern Dress,1
Fox Vintage Webcam,Graham Essential Wall Clock,1
Fox Vintage Webcam,Harris Compact Tablet,1
Fox Vintage Webcam,Harris Deluxe Monitor,1
Fox Vintage Webcam,Haynes Essential Speaker,1
Fox Vintage Webcam,Joseph Vintage Novel,1
Fox Vintage Webcam,King Eco Textbook,1
Fox Vintage Webcam,Mays Portable Comic Book,1
Fox Vintage Webcam,Medina Classic Jeans,1
Fox Vintage Webcam,Miller Modern Wall Clock,1
Fox Vintage Webcam,Owen Eco Cap,1
Fox Vintage Webcam,Padilla Premium Bookshelf,1
Fox Vintage Webcam,Perez Premium Biography,1
Fox Vintage Webcam,Price Essential Power Bank,1
Fox Vintage Webcam,Reese Vintage Headphones,1
Fox Vintage Webcam,Rowe Modern Tablet,1
Fox Vintage Webcam,Rubio Modern Textbook,1
Fox Vintage Webcam,Schroeder Smart Earbuds,1
Fox Vintage Webcam,Serrano Compact Dress,1
Fox Vintage Webcam,Short Portable Shorts,1
Fox Vintage Webcam,Sims Classic Headphones,1
Fox Vintage Webcam,Sparks Pro Scarf,1
Fox Vintage Webcam,Spencer Essential Comic Book,1
Fox Vintage Webcam,Townsend Compact Shorts,1
Fox Vintage Webcam,Ware Pro Comic Book,1
Fox Vintage Webcam,Wright Vintage Cookbook,1
Francis Smart Camera,Aguilar Pro Scarf,1
Francis Smart Camera,Anderson Modern Speaker,1
Francis Smart Camera,Davidson Compact Coffee Maker,1
Francis Smart Camera,Davis Premium Wall Clock,1
Francis Smart Camera,Edwards Essential Cushion,1
Francis Smart Camera,Gonzalez Eco Biography,1
Francis Smart Camera,Gonzalez Premium Cushion,1
Francis Smart Camera,Haynes Essential Speaker,1
Francis Smart Camera,King Eco Textbook,1
Francis Smart Camera,Lane Compact Cap,1
Francis Smart Camera,Lee Ultra Hoodie,1
Francis Smart Camera,Long Vintage Blender,1
Francis Smart Camera,Macias Eco Mouse,1
Francis Smart Camera,Reyes Essential Monitor,1
Francis Smart Camera,Rowe Modern Tablet,1
Francis Smart Camera,Ryan Eco Mouse,1
Francis Smart Camera,Smith Essential Speaker,1
Francis Smart Camera,Thomas Eco Comic Book,1
Francis Smart Camera,Velez Premium Novel,1
Francis Smart Camera,Wong Pro Socks,1
Frazier Premium Bookshelf,Brock Deluxe Mouse,1
Frazier Premium Bookshelf,Cannon Portable Cap,1
Frazier Premium Bookshelf,Charles Deluxe Novel,1
Frazier Premium Bookshelf,Craig Eco Shorts,1
Frazier Premium Bookshelf,Gibson Modern Cap,1
Frazier Premium Bookshelf,Hall Ultra Blender,1
Frazier Premium Bookshelf,Hill Essential Textbook,1
Frazier Premium Bookshelf,Hill Smart Mouse,1
Frazier Premium Bookshelf,Hudson Smart Organizer,1
Frazier Premium Bookshelf,Hughes Essential Curtains,1
Frazier Premium Bookshelf,Jenkins Modern Dinner Set,1
Frazier Premium Bookshelf,Keith Premium Coffee Maker,1
Frazier Premium Bookshelf,Lawrence Ultra Coffee Maker,1
Frazier Premium Bookshelf,Leonard Ultra Monitor,1
Frazier Premium Bookshelf,Luna Portable Hoodie,1
Frazier Premium Bookshelf,Matthews Compact Encyclopedia,1
Frazier Premium Bookshelf,Moore Compact Textbook,1
Frazier Premium Bookshelf,Ramsey Pro Jacket,1
Frazier Premium Bookshelf,Rivera Eco Tablet,1
Frazier Premium Bookshelf,Smith Compact Dress,1
Frazier Premium Bookshelf,Sullivan Classic Novel,1
Frazier Premium Bookshelf,Sutton Essential Cap,1
Frazier Premium Bookshelf,Taylor Portable Comic Book,1
Frazier Premium Bookshelf,Valenzuela Classic Bedsheet,1
Frazier Premium Bookshelf,Vincent Compact Biography,1
Frazier Premium Bookshelf,Webb Deluxe Dinner Set,1
Frazier Premium Bookshelf,White Portable Encyclopedia,1
Frazier Premium Bookshelf,White Vintage Smartphone,1
Frazier Premium Bookshelf,Williams Pro Wall Clock,1
Galvan Modern Blazer,Kelly Classic Vase,1
Galvan Modern Blazer,Powell Portable Dress,1
Garcia Classic Comic Book,Baker Ultra Cushion,1
Garcia Classic Comic Book,Bennett Smart Bookshelf,1
Garcia Classic Comic Book,Edwards Essential Cushion,1
Garcia Classic Comic Book,Reynolds Essential Novel,1
Garcia Classic Comic Book,Ross Compact Hoodie,1
Garcia Classic Comic Book,Vargas Eco Cap,1
Garcia Classic Comic Book,Young Modern Headphones,1
Garcia Pro Cookware Set,Conley Smart Blender,1
Garcia Pro Cookware Set,Hale Vintage Cookbook,1
Garcia Pro Cookware Set,Morales Eco Organizer,1
Garcia Pro Cookware Set,Morgan Premium Sneakers,1
Garcia Pro Cookware Set,Spencer Essential Comic Book,1
Garcia Pro Cookware Set,Young Modern Headphones,1
Garrett Smart Sweater,Anderson Modern Speaker,1
Garrett Smart Sweater,Arias Modern Shorts,1
Garrett Smart Sweater,Ayala Ultra T-Shirt,1
Garrett Smart Sweater,Bailey Portable Bedsheet,1
Garrett Smart Sweater,Baker Deluxe Laptop,1
Garrett Smart Sweater,Baker Ultra Encyclopedia,1
Garrett Smart Sweater,Carpenter Vintage Dinner Set,1
Garrett Smart Sweater,Dixon Deluxe Cookbook,1
Garrett Smart Sweater,Dunn Vintage Sweater,1
Garrett Smart Sweater,Fisher Portable Vase,1
Garrett Smart Sweater,Guzman Smart Coffee Maker,1
Garrett Smart Sweater,Hanson Compact Vase,1
Garrett Smart Sweater,Hardin Pro Cookbook,1
Garrett Smart Sweater,Hartman Premium Sweater,1
Garrett Smart Sweater,Hayes Ultra Lamp,1
Garrett Smart Sweater,Holmes Eco Atlas,1
Garrett Smart Sweater,Jackson Eco Textbook,1
Garrett Smart Sweater,Johns Eco Tablet,1
Garrett Smart Sweater,Miller Eco Guidebook,1
Garrett Smart Sweater,Mitchell Vintage Mouse,1
Garrett Smart Sweater,Reed Classic Textbook,1
Garrett Smart Sweater,Richards Compact Cookware Set,1
Garrett Smart Sweater,Rivera Eco Tablet,1
Garrett Smart Sweater,Robinson Classic Sneakers,1
Garrett Smart Sweater,Sanders Portable Dinner Set,1
Garrett Smart Sweater,Schmidt Pro Comic Book,1
Garrett Smart Sweater,Stewart Deluxe Scarf,1
Garrett Smart Sweater,Thompson Eco Jeans,1
Garrett Smart Sweater,Valenzuela Classic Bedsheet,1
Garrett Smart Sweater,Vargas Eco Cap,1
Garrett Smart Sweater,Ward Pro Bedsheet,1
Garrett Smart Sweater,Webb Compact Cap,1
Garrett Smart Sweater,Welch Premium Dinner Set,1
Garrett Smart Sweater,Wood Deluxe Vase,1
Garza Pro Jacket,Goodman Modern Dress,1
Garza Pro Jacket,Mendez Pro Bedsheet,1
Garza Pro Jacket,Price Portable Novel,1
Garza Pro Jacket,Simmons Deluxe Jacket,1
Garza Pro Jacket,Velez Premium Novel,1
George Ultra Coffee Maker,Gomez Smart Guidebook,1
George Ultra Coffee Maker,Harris Compact Tablet,1
George Ultra Coffee Maker,Romero Ultra Biography,1
Gibson Modern Cap,Palmer Classic Router,1
Gilbert Portable Jacket,Spencer Essential Comic Book,1
Gilbert Portable Jacket,Wilson Premium Sweater,1
Golden Essential Jeans,Brooks Premium Novel,1
Golden Essential Jeans,Gordon Ultra Coffee Maker,1
Golden Essential Jeans,Hale Vintage Cookbook,1
Golden Essential Jeans,Lane Compact Novel,1
Golden Essential Jeans,Lee Compact Socks,1
Golden Essential Jeans,Robinson Portable Smartwatch,1
Golden Essential Jeans,Ross Modern Bookshelf,1
Golden Essential Jeans,Smith Classic Charger,1
Gonzales Pro Earbuds,Avery Smart Organizer,1
Gonzales Pro Earbuds,Hansen Vintage Textbook,1
Gonzales Pro Earbuds,Huff Portable Cookware Set,1
Gonzales Pro Earbuds,Nichols Modern Cookware Set,1
Gonzales Pro Earbuds,Price Portable Novel,1
Gonzales Pro Earbuds,Thompson Compact Encyclopedia,1
Gonzalez Compact Jeans,Aguirre Compact Power Bank,1
Gonzalez Compact Jeans,Avery Smart Organizer,1
Gonzalez Compact Jeans,Bailey Portable Bedsheet,1
Gonzalez Compact Jeans,Bennett Ultra Jeans,1
Gonzalez Compact Jeans,Black Deluxe Cookbook,1
Gonzalez Compact Jeans,Davidson Compact Coffee Maker,1
Gonzalez Compact Jeans,Gordon Ultra Coffee Maker,1
Gonzalez Compact Jeans,Guerrero Pro Headphones,1
Gonzalez Compact Jeans,Hess Portable Lamp,1
Gonzalez Compact Jeans,Holden Compact Dinner Set,1
Gonzalez Compact Jeans,Hunt Classic Monitor,1
Gonzalez Compact Jeans,Hunter Compact Anthology,1
Gonzalez Compact Jeans,Jenkins Modern Dinner Set,1
Gonzalez Compact Jeans,Lambert Smart Charger,1
Gonzalez Compact Jeans,Luna Pro Charger,1
Gonzalez Compact Jeans,Mclaughlin Pro Guidebook,1
Gonzalez Compact Jeans,Sosa Deluxe Sneakers,1
Gonzalez Compact Jeans,White Portable Encyclopedia,1
Gonzalez Eco Biography,Atkins Eco Curtains,1
Gonzalez Eco Biography,Kramer Compact Textbook,1
Gonzalez Eco Biography,Lee Ultra Hoodie,1
Gonzalez Eco Biography,Reese Vintage Headphones,1
Gonzalez Eco Biography,Robinson Portable Smartwatch,1
Gonzalez Eco Biography,Smith Smart Laptop,1
Gonzalez Premium Cushion,Aguilar Pro Scarf,1
Gonzalez Premium Cushion,Ayala Premium Journal,1
Gonzalez Premium Cushion,George Ultra Coffee Maker,1
Gonzalez Premium Cushion,Hernandez Portable Headphones,1
Gonzalez Premium Cushion,Huff Portable Cookware Set,1
Gonzalez Premium Cushion,Hughes Essential Curtains,1
Gonzalez Premium Cushion,Jennings Essential T-Shirt,1
Gonzalez Premium Cushion,Johnston Modern Cushion,1
Gonzalez Premium Cushion,Juarez Ultra Cap,1
Gonzalez Premium Cushion,Mosley Compact Monitor,1
Gonzalez Premium Cushion,Nichols Modern Cookware Set,1
Gonzalez Premium Cushion,Obrien Premium Speaker,1
Gonzalez Premium Cushion,Ochoa Premium Mouse,1
Gonzalez Premium Cushion,Scott Ultra Cookware Set,1
Gonzalez Premium Cushion,Williams Deluxe Novel,1
Gonzalez Premium Cushion,Wong Pro Socks,1
Goodman Modern Dress,Lee Ultra Hoodie,1
Goodwin Portable Organizer,Ballard Classic Router,1
Goodwin Portable Organizer,Gonzalez Eco Biography,1
Goodwin Portable Organizer,Kelly Classic Vase,1
Goodwin Portable Organizer,Olson Deluxe Laptop,1
Goodwin Portable Organizer,Reynolds Essential Novel,1
Goodwin Portable Organizer,Stewart Modern Novel,1
Goodwin Pro Power Bank,Arias Modern Shorts,1
Goodwin Pro Power Bank,Bell Modern Guidebook,1
Goodwin Pro Power Bank,Black Premium Monitor,1
Goodwin Pro Power Bank,Brennan Smart Encyclopedia,1
Goodwin Pro Power Bank,Brown Deluxe Coffee Maker,1
Goodwin Pro Power Bank,Flores Vintage Laptop,1
Goodwin Pro Power Bank,Gray Deluxe Hoodie,1
Goodwin Pro Power Bank,Hess Portable Lamp,1
Goodwin Pro Power Bank,Hudson Smart Organizer,1
Goodwin Pro Power Bank,Joseph Vintage Novel,1
Goodwin Pro Power Bank,Long Vintage Blender,1
Goodwin Pro Power Bank,Olson Compact Blender,1
Goodwin Pro Power Bank,Perry Deluxe Hoodie,1
Goodwin Pro Power Bank,Ramsey Pro Jacket,1
Goodwin Pro Power Bank,Ross Modern Bookshelf,1
Goodwin Pro Power Bank,Sanford Pro Monitor,1
Goodwin Pro Power Bank,Smith Compact Dress,1
Goodwin Pro Power Bank,Valenzuela Classic Bedsheet,1
Gordon Ultra Coffee Maker,Goodman Modern Dress,1
Gordon Ultra Coffee Maker,Haynes Classic Webcam,1
Gordon Ultra Coffee Maker,Nichols Modern Cookware Set,1
Gordon Ultra Coffee Maker,Sanchez Deluxe Power Bank,1
Gordon Ultra Coffee Maker,Webb Compact Cap,1
Graham Essential Wall Clock,Anderson Classic Laptop,1
Graham Essential Wall Clock,Baker Ultra Cushion,1
Graham Essential Wall Clock,Charles Classic Cookbook,1
Graham Essential Wall Clock,Cohen Vintage Textbook,1
Graham Essential Wall Clock,Eaton Classic Wall Clock,1
Graham Essential Wall Clock,Garcia Classic Comic Book,1
Graham Essential Wall Clock,Gomez Smart Guidebook,1
Graham Essential Wall Clock,Green Modern Socks,1
Graham Essential Wall Clock,Hale Vintage Cookbook,1
Graham Essential Wall Clock,Hansen Premium Scarf,1
Graham Essential Wall Clock,Holden Compact Dinner Set,1
Graham Essential Wall Clock,Jefferson Premium Organizer,1
Graham Essential Wall Clock,Jennings Essential T-Shirt,1
Graham Essential Wall Clock,Johnson Compact Cookbook,1
Graham Essential Wall Clock,Johnson Premium Webcam,1
Graham Essential Wall Clock,Joseph Vintage Novel,1
Graham Essential Wall Clock,King Eco Textbook,1
Graham Essential Wall Clock,Lambert Smart Charger,1
Graham Essential Wall Clock,Lewis Vintage Textbook,1
Graham Essential Wall Clock,Luna Pro Charger,1
Graham Essential Wall Clock,Maldonado Portable T-Shirt,1
Graham Essential Wall Clock,Mccarty Vintage Jacket,1
Graham Essential Wall Clock,Miller Classic T-Shirt,1
Graham Essential Wall Clock,Miller Premium Textbook,1
Graham Essential Wall Clock,Moore Compact Textbook,1
Graham Essential Wall Clock,Price Essential Power Bank,1
Graham Essential Wall Clock,Rich Smart Textbook,1
Graham Essential Wall Clock,Robinson Portable Smartwatch,1
Graham Essential Wall Clock,Sanchez Essential Monitor,1
Graham Essential Wall Clock,Shannon Vintage Keyboard,1
Graham Essential Wall Clock,Sullivan Classic Curtains,1
Graham Essential Wall Clock,Whitehead Compact Camera,1
Graham Essential Wall Clock,Winters Premium Smartphone,1
Graham Essential Wall Clock,Young Eco Curtains,1
Grant Portable T-Shirt,Morgan Vintage Hoodie,1
Grant Portable T-Shirt,Padilla Premium Bookshelf,1
Grant Portable T-Shirt,Webb Deluxe Dinner Set,1
Gray Deluxe Hoodie,Arias Modern Shorts,1
Gray Deluxe Hoodie,Cohen Essential Sneakers,1
Gray Deluxe Hoodie,Craig Eco Shorts,1
Gray Deluxe Hoodie,Davis Portable Textbook,1
Gray Deluxe Hoodie,Gomez Smart Guidebook,1
Gray Deluxe Hoodie,Jefferson Premium Organizer,1
Gray Deluxe Hoodie,Maldonado Portable T-Shirt,1
Gray Deluxe Hoodie,Medina Classic Jeans,1
Gray Deluxe Hoodie,Owen Eco Cap,1
Gray Deluxe Hoodie,Peterson Eco Sneakers,1
Gray Deluxe Hoodie,Spencer Essential Comic Book,1
Gray Deluxe Hoodie,Thompson Eco Jeans,1
Gray Deluxe Hoodie,Winters Premium Smartphone,1
Gray Smart Dinner Set,Atkins Eco Curtains,1
Gray Smart Dinner Set,Baker Ultra Encyclopedia,1
Gray Smart Dinner Set,Bowers Ultra Blazer,1
Gray Smart Dinner Set,Brock Smart Dress,1
Gray Smart Dinner Set,Cannon Portable Cap,1
Gray Smart Dinner Set,Charles Deluxe Novel,1
Gray Smart Dinner Set,Cunningham Compact Bedsheet,1
Gray Smart Dinner Set,Gonzales Pro Earbuds,1
Gray Smart Dinner Set,Grant Portable T-Shirt,1
Gray Smart Dinner Set,Haynes Classic Webcam,1
Gray Smart Dinner Set,Holmes Eco Atlas,1
Gray Smart Dinner Set,Hood Vintage Wall Clock,1
Gray Smart Dinner Set,Luna Pro Charger,1
Gray Smart Dinner Set,Lynch Deluxe Sweater,1
Gray Smart Dinner Set,Mclaughlin Pro Guidebook,1
Gray Smart Dinner Set,Morgan Vintage Hoodie,1
Gray Smart Dinner Set,Reyes Essential Monitor,1
Gray Smart Dinner Set,Stewart Modern Novel,1
Gray Smart Dinner Set,Webb Deluxe Dinner Set,1
Green Deluxe Anthology,Crosby Portable Cookbook,1
Green Deluxe Anthology,Gordon Ultra Coffee Maker,1
Green Deluxe Anthology,Holmes Pro Vase,1
Green Deluxe Anthology,Peterson Eco Sneakers,1
Green Deluxe Anthology,Ruiz Vintage Tablet,1
Green Deluxe Anthology,Simmons Deluxe Jacket,1
Green Deluxe Anthology,Smith Compact Dress,1
Green Deluxe Anthology,Smith Eco Blazer,1
Green Deluxe Anthology,Thompson Eco Jeans,1
Green Deluxe Anthology,Walker Modern Cookware Set,1
Green Deluxe Anthology,Young Modern Headphones,1
Green Modern Socks,Miller Classic T-Shirt,1
Green Modern Socks,Owen Eco Cap,1
Greene Ultra T-Shirt,Arnold Modern Biography,1
Greene Ultra T-Shirt,Ballard Classic Router,1
Greene Ultra T-Shirt,Bell Modern Guidebook,1
Greene Ultra T-Shirt,Burke Eco Wall Clock,1
Greene Ultra T-Shirt,Cunningham Compact Bedsheet,1
Greene Ultra T-Shirt,Goodwin Portable Organizer,1
Greene Ultra T-Shirt,Miller Classic T-Shirt,1
Greene Ultra T-Shirt,Olson Deluxe Laptop,1
Greene Ultra T-Shirt,Ortiz Eco Cap,1
Greene Ultra T-Shirt,White Vintage Smartphone,1
Greene Ultra T-Shirt,Wilson Deluxe Dress,1
Greene Ultra T-Shirt,Winters Premium Smartphone,1
Gregory Classic Novel,Berry Smart Router,1
Gregory Classic Novel,Brown Modern Organizer,1
Gregory Classic Novel,Galvan Modern Blazer,1
Gregory Classic Novel,Hall Pro T-Shirt,1
Gregory Classic Novel,Velez Premium Novel,1
Gregory Classic Novel,Watson Eco Sneakers,1
Griffin Portable Wall Clock,Coleman Eco Cookbook,1
Griffin Portable Wall Clock,Kent Smart Mouse,1
Griffin Portable Wall Clock,Ross Compact Hoodie,1
Griffin Portable Wall Clock,Roth Premium T-Shirt,1
Griffin Portable Wall Clock,Simmons Deluxe Jacket,1
Griffin Portable Wall Clock,Williams Smart Atlas,1
Griffin Portable Wall Clock,Wood Deluxe Vase,1
Gross Deluxe Cap,Ballard Classic Router,1
Gross Deluxe Cap,Cunningham Compact Bedsheet,1
Gross Deluxe Cap,Davis Deluxe Wall Clock,1
Gross Deluxe Cap,Davis Portable Textbook,1
Gross Deluxe Cap,Gomez Smart Guidebook,1
Gross Deluxe Cap,Goodwin Portable Organizer,1
Gross Deluxe Cap,Gray Deluxe Hoodie,1
Gross Deluxe Cap,Green Deluxe Anthology,1
Gross Deluxe Cap,Greene Ultra T-Shirt,1
Gross Deluxe Cap,Hansen Premium Monitor,1
Gross Deluxe Cap,Leonard Ultra Monitor,1
Gross Deluxe Cap,Maldonado Portable T-Shirt,1
Gross Deluxe Cap,Olson Deluxe Laptop,1
Gross Deluxe Cap,Palmer Classic Router,1
Gross Deluxe Cap,Peterson Eco Sneakers,1
Gross Deluxe Cap,Price Portable Novel,1
Gross Deluxe Cap,Robinson Classic Sneakers,1
Gross Deluxe Cap,Smith Vintage Cushion,1
Gross Deluxe Cap,Sutton Essential Cap,1
Gross Deluxe Cap,Williams Pro Wall Clock,1
Gross Deluxe Cap,Winters Premium Smartphone,1
Guerrero Pro Headphones,Baker Smart Keyboard,1
Guerrero Pro Headphones,Black Deluxe Cookbook,1
Guerrero Pro Headphones,Charles Deluxe Novel,1
Guerrero Pro Headphones,Mclaughlin Pro Guidebook,1
Guerrero Pro Headphones,Mitchell Essential Cookware Set,1
Guerrero Pro Headphones,Saunders Pro Cap,1
Guerrero Pro Headphones,White Portable Encyclopedia,1
Guerrero Pro Headphones,Wilson Deluxe Dress,1
Gutierrez Portable Earbuds,Robinson Eco Novel,1
Guzman Smart Coffee Maker,Goodman Modern Dress,1
Guzman Smart Coffee Maker,Gordon Ultra Coffee Maker,1
Guzman Smart Coffee Maker,Holland Essential Dinner Set,1
Guzman Smart Coffee Maker,Morales Eco Organizer,1
Guzman Smart Coffee Maker,Morgan Premium Sneakers,1
Guzman Smart Coffee Maker,Nichols Modern Cookware Set,1
Guzman Smart Coffee Maker,Palmer Classic Router,1
Guzman Smart Coffee Maker,Ross Modern Bookshelf,1
Guzman Smart Coffee Maker,Smith Ultra Atlas,1
Guzman Smart Coffee Maker,Sullivan Classic Novel,1
Guzman Smart Coffee Maker,Vargas Eco Cap,1
Hale Vintage Cookbook,Aguilar Pro Scarf,1
Hale Vintage Cookbook,Gordon Ultra Coffee Maker,1
Hale Vintage Cookbook,Maldonado Portable T-Shirt,1
Hale Vintage Cookbook,Medina Classic Jeans,1
Hale Vintage Cookbook,Powell Portable Dress,1
Hale Vintage Cookbook,Ward Pro Bedsheet,1
Hall Modern Cookbook,Baker Smart Keyboard,1
Hall Modern Cookbook,Bowers Ultra Blazer,1
Hall Modern Cookbook,Coleman Eco Cookbook,1
Hall Modern Cookbook,Eaton Ultra Dress,1
Hall Modern Cookbook,Gonzalez Eco Biography,1
Hall Modern Cookbook,Jennings Essential T-Shirt,1
Hall Modern Cookbook,Nichols Modern Cookware Set,1
Hall Modern Cookbook,Price Portable Novel,1
Hall Modern Cookbook,Ramsey Pro Jacket,1
Hall Modern Cookbook,Reyes Essential Monitor,1
Hall Modern Cookbook,Ruiz Modern Anthology,1
Hall Modern Cookbook,Smith Ultra Atlas,1
Hall Modern Cookbook,Taylor Portable Comic Book,1
Hall Modern Cookbook,Wilson Premium Sweater,1
Hall Pro T-Shirt,Atkins Eco Curtains,1
Hall Pro T-Shirt,Lee Ultra Hoodie,1
Hall Ultra Blender,Davis Portable Textbook,1
Hall Ultra Blender,Dunn Vintage Sweater,1
Hall Ultra Blender,Gordon Ultra Coffee Maker,1
Hall Ultra Blender,Hall Pro T-Shirt,1
Hall Ultra Blender,Hansen Vintage Textbook,1
Hall Ultra Blender,Hernandez Portable Headphones,1
Hall Ultra Blender,Mack Portable Novel,1
Hall Ultra Blender,Morgan Premium Sneakers,1
Hall Ultra Blender,Ryan Eco Mouse,1
Hall Ultra Blender,Stephens Compact Comic Book,1
Hall Ultra Blender,Vincent Compact Biography,1
Hall Ultra Blender,Williams Smart Atlas,1
Hall Ultra Blender,Wilson Compact Smartwatch,1
Hammond Pro Sneakers,Baker Deluxe Laptop,1
Hammond Pro Sneakers,Baker Ultra Encyclopedia,1
Hammond Pro Sneakers,Black Deluxe Cookbook,1
Hammond Pro Sneakers,Cantrell Compact Organizer,1
Hammond Pro Sneakers,Grant Portable T-Shirt,1
Hammond Pro Sneakers,Juarez Ultra Cap,1
Hammond Pro Sneakers,Lewis Eco Vase,1
Hammond Pro Sneakers,Pena Portable Camera,1
Hammond Pro Sneakers,Saunders Pro Cap,1
Hammond Pro Sneakers,Smith Compact Sneakers,1
Hammond Pro Sneakers,Sullivan Deluxe Dress,1
Hammond Pro Sneakers,Thompson Essential Curtains,1
Hammond Pro Sneakers,White Portable Hoodie,1
Hampton Classic Encyclopedia,Bowers Ultra Blazer,1
Hampton Classic Encyclopedia,Dixon Premium Coffee Maker,1
Hampton Classic Encyclopedia,Guerrero Pro Headphones,1
Hampton Classic Encyclopedia,Jenkins Modern Dinner Set,1
Hampton Classic Encyclopedia,Lane Compact Cap,1
Hampton Classic Encyclopedia,Luna Portable Hoodie,1
Hampton Classic Encyclopedia,Montoya Compact Journal,1
Hampton Classic Encyclopedia,Morgan Vintage Hoodie,1
Hampton Classic Encyclopedia,Mosley Compact Monitor,1
Hampton Classic Encyclopedia,Rodriguez Ultra Hoodie,1
Hampton Classic Encyclopedia,Ryan Eco Mouse,1
Hampton Classic Encyclopedia,Scott Ultra Cookware Set,1
Hansen Premium Monitor,Haynes Classic Webcam,1
Hansen Premium Monitor,Perez Premium Biography,1
Hansen Premium Monitor,Powell Portable Dress,1
Hansen Premium Monitor,Wright Vintage Cookbook,1
Hansen Premium Scarf,Rowe Modern Tablet,1
Hansen Vintage Textbook,Allen Pro Monitor,1
Hansen Vintage Textbook,Bailey Portable Bedsheet,1
Hansen Vintage Textbook,Hall Pro T-Shirt,1
Hansen Vintage Textbook,Hansen Premium Monitor,1
Hansen Vintage Textbook,Morales Eco Organizer,1
Hansen Vintage Textbook,Romero Ultra Biography,1
Hansen Vintage Textbook,Taylor Premium Anthology,1
Hansen Vintage Textbook,Young Modern Headphones,1
Hanson Compact Vase,Calhoun Vintage Curtains,1
Hanson Compact Vase,Davis Portable Textbook,1
Hanson Compact Vase,George Ultra Coffee Maker,1
Hanson Compact Vase,Kelly Classic Vase,1
Hanson Compact Vase,Logan Portable Biography,1
Hanson Compact Vase,Olson Deluxe Laptop,1
Hanson Compact Vase,Palmer Classic Router,1
Hardin Pro Cookbook,Dixon Deluxe Cookbook,1
Hardin Pro Cookbook,Gregory Classic Novel,1
Hardin Pro Cookbook,Guerrero Pro Headphones,1
Hardin Pro Cookbook,Johnston Modern Cushion,1
Hardin Pro Cookbook,Mosley Compact Monitor,1
Hardin Pro Cookbook,Nichols Modern Cookware Set,1
Hardin Pro Cookbook,Nielsen Eco Journal,1
Hardin Pro Cookbook,Palmer Classic Router,1
Hardin Pro Cookbook,Richards Compact Cookware Set,1
Hardin Pro Cookbook,Robinson Eco Novel,1
Hardin Pro Cookbook,Robinson Vintage Earbuds,1
Hardin Pro Cookbook,Rowe Modern Tablet,1
Hardin Pro Cookbook,Schmidt Pro Comic Book,1
Hardin Pro Cookbook,Snyder Smart Camera,1
Hardin Pro Cookbook,Thomas Ultra Bedsheet,1
Hardin Pro Cookbook,Webb Compact Cap,1
Hardin Pro Cookbook,Wilson Compact Smartwatch,1
Hardin Pro Cookbook,Wilson Premium Sweater,1
Harmon Deluxe Vase,Arnold Modern Biography,1
Harmon Deluxe Vase,Baker Smart Keyboard,1
Harmon Deluxe Vase,Black Deluxe Cookbook,1
Harmon Deluxe Vase,Brooks Premium Novel,1
Harmon Deluxe Vase,Calhoun Vintage Curtains,1
Harmon Deluxe Vase,Dixon Premium Coffee Maker,1
Harmon Deluxe Vase,Ochoa Premium Mouse,1
Harmon Deluxe Vase,Reese Vintage Headphones,1
Harmon Deluxe Vase,Reynolds Essential Novel,1
Harmon Deluxe Vase,Saunders Pro Cap,1
Harmon Deluxe Vase,Valenzuela Classic Bedsheet,1
Harris Compact Tablet,Gomez Smart Guidebook,1
Harris Compact Tablet,Jefferson Premium Organizer,1
Harris Compact Tablet,Padilla Premium Bookshelf,1
Harris Compact Tablet,Sosa Deluxe Sneakers,1
Harris Deluxe Monitor,Bradley Smart Journal,1
Harris Deluxe Monitor,Lee Compact Socks,1
Harris Deluxe Monitor,Leonard Ultra Monitor,1
Harris Deluxe Monitor,Price Essential Power Bank,1
Harris Deluxe Monitor,Short Portable Shorts,1
Harris Deluxe Monitor,Sims Ultra Earbuds,1
Harris Deluxe Monitor,Tucker Modern Blender,1
Harris Ultra Sweater,Ayala Premium Journal,1
Harris Ultra Sweater,Caldwell Eco Wall Clock,1
Harris Ultra Sweater,Conley Smart Blender,1
Harris Ultra Sweater,Garcia Pro Cookware Set,1
Harris Ultra Sweater,Logan Portable Biography,1
Harris Ultra Sweater,Romero Ultra Biography,1
Harris Ultra Sweater,Rowe Modern Tablet,1
Harris Ultra Sweater,Smith Classic Charger,1
Harris Ultra Sweater,Wood Deluxe Vase,1
Hartman Compact Webcam,Kelly Classic Vase,1
Hartman Compact Webcam,Lee Ultra Hoodie,1
Hartman Compact Webcam,Miller Vintage Smartwatch,1
Hartman Compact Webcam,Mitchell Pro Encyclopedia,1
Hartman Premium Sweater,Avery Smart Organizer,1
Hartman Premium Sweater,Bailey Portable Bedsheet,1
Hartman Premium Sweater,Baxter Compact Laptop,1
Hartman Premium Sweater,Bowers Ultra Blazer,1
Hartman Premium Sweater,Camacho Vintage Cookware Set,1
Hartman Premium Sweater,Carlson Vintage Curtains,1
Hartman Premium Sweater,Dixon Premium Coffee Maker,1
Hartman Premium Sweater,George Ultra Coffee Maker,1
Hartman Premium Sweater,Gonzalez Compact Jeans,1
Hartman Premium Sweater,Gray Smart Dinner Set,1
Hartman Premium Sweater,Gross Deluxe Cap,1
Hartman Premium Sweater,Herrera Classic Charger,1
Hartman Premium Sweater,Hopkins Essential Blazer,1
Hartman Premium Sweater,Hopkins Essential Camera,1
Hartman Premium Sweater,Jackson Eco Textbook,1
Hartman Premium Sweater,Jenkins Modern Dinner Set,1
Hartman Premium Sweater,Kent Smart Mouse,1
Hartman Premium Sweater,King Smart Camera,1
Hartman Premium Sweater,Luna Pro Charger,1
Hartman Premium Sweater,Lynch Deluxe Sweater,1
Hartman Premium Sweater,Montoya Vintage Biography,1
Hartman Premium Sweater,Newman Premium Webcam,1
Hartman Premium Sweater,Pearson Ultra Bedsheet,1
Hartman Premium Sweater,Reed Vintage Scarf,1
Hartman Premium Sweater,Rowe Modern Tablet,1
Hartman Premium Sweater,Schmidt Pro Comic Book,1
Hartman Premium Sweater,Thomas Ultra Blender,1
Hartman Premium Sweater,Valenzuela Classic Bedsheet,1
Hartman Premium Sweater,Wilson Deluxe T-Shirt,1
Hartman Premium Sweater,Wood Deluxe Vase,1
Hartman Premium Sweater,Young Smart Cookbook,1
Hayes Ultra Lamp,Fisher Portable Vase,1
Hayes Ultra Lamp,Hanson Compact Vase,1
Hayes Ultra Lamp,Holland Essential Dinner Set,1
Hayes Ultra Lamp,Lynn Ultra T-Shirt,1
Hayes Ultra Lamp,Mclaughlin Pro Guidebook,1
Hayes Ultra Lamp,Miller Vintage Smartwatch,1
Hayes Ultra Lamp,Morrow Vintage Vase,1
Hayes Ultra Lamp,Schmidt Pro Comic Book,1
Hayes Ultra Lamp,Sullivan Deluxe Dress,1
Haynes Classic Webcam,Nichols Modern Cookware Set,1
Haynes Essential Speaker,Huff Portable Cookware Set,1
Haynes Essential Speaker,Ross Modern Bookshelf,1
Hernandez Eco Camera,Anderson Modern Speaker,1
Hernandez Eco Camera,Gonzales Pro Earbuds,1
Hernandez Eco Camera,Goodman Modern Dress,1
Hernandez Eco Camera,Jenkins Modern Scarf,1
Hernandez Eco Camera,Mays Portable Comic Book,1
Hernandez Eco Camera,Miller Modern Wall Clock,1
Hernandez Eco Camera,Sanchez Deluxe Power Bank,1
Hernandez Eco Camera,Saunders Pro Cap,1
Hernandez Eco Camera,Schmitt Pro Smartphone,1
Hernandez Eco Camera,Smith Classic Charger,1
Hernandez Eco Camera,Thomas Ultra Blender,1
Hernandez Eco Camera,Vance Smart Bookshelf,1
Hernandez Portable Cookbook,Ayala Premium Journal,1
Hernandez Portable Cookbook,Dunn Vintage Sweater,1
Hernandez Portable Cookbook,Gonzalez Premium Cushion,1
Hernandez Portable Cookbook,Lawrence Ultra Coffee Maker,1
Hernandez Portable Cookbook,Padilla Premium Bookshelf,1
Hernandez Portable Cookbook,Robinson Vintage Earbuds,1
Hernandez Portable Cookbook,Saunders Pro Cap,1
Hernandez Portable Cookbook,Smith Essential Speaker,1
Hernandez Portable Cookbook,Ward Pro Textbook,1
Hernandez Portable Headphones,Anderson Classic Laptop,1
Hernandez Portable Headphones,Anderson Modern Speaker,1
Hernandez Portable Headphones,Atkins Eco Curtains,1
Hernandez Portable Headphones,Dixon Premium Coffee Maker,1
Hernandez Portable Headphones,Dunn Vintage Sweater,1
Hernandez Portable Headphones,Gordon Ultra Coffee Maker,1
Hernandez Portable Headphones,Gutierrez Portable Earbuds,1
Hernandez Portable Headphones,Ross Modern Bookshelf,1
Hernandez Portable Headphones,Smith Classic Charger,1
Hernandez Portable Headphones,Stuart Classic Charger,1
Hernandez Portable Headphones,Sullivan Classic Novel,1
Hernandez Portable Headphones,Valenzuela Classic Bedsheet,1
Hernandez Portable Headphones,Wilson Premium Sweater,1
Hernandez Portable Headphones,Winters Premium Smartphone,1
Herrera Classic Charger,Allen Pro Monitor,1
Herrera Classic Charger,Braun Eco Dress,1
Herrera Classic Charger,Lee Ultra Hoodie,1
Herrera Classic Charger,Robinson Eco Novel,1
Herrera Classic Charger,Smith Classic Charger,1
Herrera Classic Charger,Spencer Essential Comic Book,1
Herrera Classic Charger,Vasquez Ultra Tablet,1
Hess Portable Lamp,Aguilar Pro Scarf,1
Hess Portable Lamp,Arias Modern Shorts,1
Hess Portable Lamp,Baker Smart Keyboard,1
Hess Portable Lamp,Berry Smart Router,1
Hess Portable Lamp,Bowers Ultra Blazer,1
Hess Portable Lamp,Brennan Smart Encyclopedia,1
Hess Portable Lamp,Coleman Eco Cookbook,1
Hess Portable Lamp,Davis Premium Wall Clock,1
Hess Portable Lamp,Fernandez Eco Guidebook,1
Hess Portable Lamp,Gordon Ultra Coffee Maker,1
Hess Portable Lamp,Hall Modern Cookbook,1
Hess Portable Lamp,Hall Ultra Blender,1
Hess Portable Lamp,Hernandez Portable Headphones,1
Hess Portable Lamp,Jennings Essential T-Shirt,1
Hess Portable Lamp,Kent Smart Mouse,1
Hess Portable Lamp,Nielsen Eco Journal,1
Hess Portable Lamp,Ortiz Eco Cap,1
Hess Portable Lamp,Perez Compact Keyboard,1
Hess Portable Lamp,Ramsey Pro Jacket,1
Hess Portable Lamp,Richards Compact Cookware Set,1
Hess Portable Lamp,Ross Modern Bookshelf,1
Hess Portable Lamp,Ryan Eco Mouse,1
Hess Portable Lamp,Schultz Smart Blazer,1
Hess Portable Lamp,Scott Vintage Textbook,1
Hess Portable Lamp,Sosa Deluxe Sneakers,1
Hess Portable Lamp,Valenzuela Classic Bedsheet,1
Hess Portable Lamp,Winters Premium Smartphone,1
Hicks Ultra Anthology,Anderson Modern Speaker,1
Hicks Ultra Anthology,Braun Eco Dress,1
Hicks Ultra Anthology,Gibson Modern Cap,1
Hicks Ultra Anthology,Haynes Classic Webcam,1
Hicks Ultra Anthology,Jenkins Modern Dinner Set,1
Hicks Ultra Anthology,Jones Essential Shorts,1
Hicks Ultra Anthology,Joseph Vintage Novel,1
Hicks Ultra Anthology,King Eco Textbook,1
Hicks Ultra Anthology,Leonard Ultra Monitor,1
Hicks Ultra Anthology,Miller Vintage Smartwatch,1
Hicks Ultra Anthology,Moore Portable Blender,1
Hicks Ultra Anthology,Nicholson Smart Anthology,1
Hicks Ultra Anthology,Olson Compact Blender,1
Hicks Ultra Anthology,Rich Smart Textbook,1
Hicks Ultra Anthology,Robinson Portable Smartwatch,1
Hicks Ultra Anthology,Rubio Modern Textbook,1
Hicks Ultra Anthology,Ruiz Vintage Tablet,1
Hicks Ultra Anthology,Sanders Modern Coffee Maker,1
Hicks Ultra Anthology,Scott Vintage Textbook,1
Hicks Ultra Anthology,Soto Deluxe Power Bank,1
Hicks Ultra Anthology,Taylor Ultra T-Shirt,1
Hicks Ultra Anthology,Watson Eco Sneakers,1
Hill Essential Textbook,Brock Deluxe Mouse,1
Hill Essential Textbook,Cunningham Compact Bedsheet,1
Hill Essential Textbook,Hudson Smart Organizer,1
Hill Essential Textbook,Jenkins Modern Scarf,1
Hill Essential Textbook,Luna Pro Charger,1
Hill Essential Textbook,Richards Compact Cookware Set,1
Hill Essential Textbook,White Vintage Smartphone,1
Hill Portable Bedsheet,Allen Eco Novel,1
Hill Portable Bedsheet,Carr Ultra Textbook,1
Hill Portable Bedsheet,Harmon Deluxe Vase,1
Hill Portable Bedsheet,Jackson Ultra Comic Book,1
Hill Portable Bedsheet,Lee Compact Socks,1
Hill Portable Bedsheet,Lynch Deluxe Sweater,1
Hill Portable Bedsheet,Miller Classic T-Shirt,1
Hill Portable Bedsheet,Romero Ultra Biography,1
Hill Portable Bedsheet,Sosa Deluxe Sneakers,1
Hill Portable Bedsheet,Williams Deluxe Novel,1
Hill Smart Mouse,Atkins Eco Curtains,1
Hill Smart Mouse,Conrad Classic Tablet,1
Hill Smart Mouse,Gonzalez Eco Biography,1
Hill Smart Mouse,Leon Classic Speaker,1
Hill Smart Mouse,Maxwell Deluxe Blender,1
Hill Smart Mouse,Olson Compact Blender,1
Hill Smart Mouse,Rubio Modern Textbook,1
Hinton Pro Tablet,Gutierrez Portable Earbuds,1
Hinton Pro Tablet,Kramer Compact Textbook,1
Hinton Pro Tablet,Robinson Portable Smartwatch,1
Hinton Pro Tablet,Rowe Modern Tablet,1
Hinton Pro Tablet,Wilson Premium Shorts,1
Hoffman Deluxe Coffee Maker,Aguilar Pro Scarf,1
Hoffman Deluxe Coffee Maker,Aguirre Compact Power Bank,1
Hoffman Deluxe Coffee Maker,Arias Modern Shorts,1
Hoffman Deluxe Coffee Maker,Black Premium Monitor,1
Hoffman Deluxe Coffee Maker,Clark Modern Jeans,1
Hoffman Deluxe Coffee Maker,Coleman Eco Cookbook,1
Hoffman Deluxe Coffee Maker,Cunningham Compact Bedsheet,1
Hoffman Deluxe Coffee Maker,Edwards Smart Cookbook,1
Hoffman Deluxe Coffee Maker,Garcia Pro Cookware Set,1
Hoffman Deluxe Coffee Maker,Howard Pro Encyclopedia,1
Hoffman Deluxe Coffee Maker,Jennings Smart Camera,1
Hoffman Deluxe Coffee Maker,Logan Portable Biography,1
Hoffman Deluxe Coffee Maker,Mcclain Eco Biography,1
Hoffman Deluxe Coffee Maker,Roberts Eco Textbook,1
Hoffman Deluxe Coffee Maker,Sparks Pro Scarf,1
Hoffman Deluxe Coffee Maker,Welch Premium Dinner Set,1
Hoffman Deluxe Coffee Maker,Williams Premium Mouse,1
Hogan Premium Camera,Aguilar Ultra Hoodie,1
Hogan Premium Camera,Anderson Modern Scarf,1
Hogan Premium Camera,Brown Vintage Guidebook,1
Hogan Premium Camera,Caldwell Eco Wall Clock,1
Hogan Premium Camera,Hartman Compact Webcam,1
Hogan Premium Camera,Hill Essential Textbook,1
Hogan Premium Camera,Hopkins Essential Blazer,1
Hogan Premium Camera,Houston Pro Charger,1
Hogan Premium Camera,Hunt Classic Monitor,1
Hogan Premium Camera,James Classic Bedsheet,1
Hogan Premium Camera,Jefferson Premium Organizer,1
Hogan Premium Camera,Jenkins Modern Scarf,1
Hogan Premium Camera,Kelley Essential Laptop,1
Hogan Premium Camera,Mack Portable Novel,1
Hogan Premium Camera,Mcintosh Portable Anthology,1
Hogan Premium Camera,Mosley Compact Monitor,1
Hogan Premium Camera,Sanford Pro Monitor,1
Hogan Premium Camera,Saunders Pro Cap,1
Hogan Premium Camera,Thomas Eco Comic Book,1
Hogan Premium Camera,Tucker Pro Organizer,1
Hogan Premium Camera,Walsh Eco Jeans,1
Hogan Premium Camera,Williams Deluxe Novel,1
Holden Compact Dinner Set,Barber Premium Scarf,1
Holden Compact Dinner Set,Barnett Classic Novel,1
Holden Compact Dinner Set,Brock Smart Dress,1
Holden Compact Dinner Set,Fields Premium Wall Clock,1
Holden Compact Dinner Set,Gordon Ultra Coffee Maker,1
Holden Compact Dinner Set,Hall Modern Cookbook,1
Holden Compact Dinner Set,Harris Compact Tablet,1
Holden Compact Dinner Set,Hunter Compact Anthology,1
Holden Compact Dinner Set,Jennings Essential T-Shirt,1
Holden Compact Dinner Set,Johnston Modern Cushion,1
Holden Compact Dinner Set,Lane Compact Novel,1
Holden Compact Dinner Set,Moore Compact Textbook,1
Holden Compact Dinner Set,Obrien Premium Speaker,1
Holden Compact Dinner Set,Pena Portable Camera,1
Holden Compact Dinner Set,Ruiz Modern Anthology,1
Holden Compact Dinner Set,Schmidt Pro Comic Book,1
Holden Compact Dinner Set,Wilson Premium Sweater,1
Holland Essential Dinner Set,Bailey Portable Bedsheet,1
Holland Essential Dinner Set,Gordon Ultra Coffee Maker,1
Holland Essential Dinner Set,Mclaughlin Pro Guidebook,1
Holland Essential Dinner Set,Morgan Premium Sneakers,1
Holland Essential Dinner Set,Romero Ultra Biography,1
Holland Essential Dinner Set,Sullivan Deluxe Dress,1
Holland Essential Dinner Set,Webb Compact Cap,1
Holmes Eco Atlas,Baker Ultra Encyclopedia,1
Holmes Eco Atlas,Calhoun Vintage Curtains,1
Holmes Eco Atlas,Gordon Ultra Coffee Maker,1
Holmes Eco Atlas,Gutierrez Portable Earbuds,1
Holmes Eco Atlas,Mclaughlin Pro Guidebook,1
Holmes Pro Vase,Aguilar Ultra Hoodie,1
Holmes Pro Vase,Baker Ultra Cushion,1
Holmes Pro Vase,Brown Modern Organizer,1
Holmes Pro Vase,Gordon Ultra Coffee Maker,1
Holmes Pro Vase,Hanson Compact Vase,1
Holmes Pro Vase,Hill Essential Textbook,1
Holmes Pro Vase,Hopkins Essential Blazer,1
Holmes Pro Vase,Hughes Essential Curtains,1
Holmes Pro Vase,Miller Vintage Smartwatch,1
Holmes Pro Vase,Ruiz Vintage Tablet,1
Holmes Pro Vase,Schroeder Smart Earbuds,1
Holmes Pro Vase,Serrano Essential Organizer,1
Holmes Pro Vase,Sullivan Classic Novel,1
Holmes Pro Vase,Sullivan Deluxe Dress,1
Holmes Pro Vase,Walsh Eco Jeans,1
Holmes Pro Vase,Wilson Compact Smartwatch,1
Hood Vintage Wall Clock,Atkins Eco Curtains,1
Hood Vintage Wall Clock,Brock Smart Dress,1
Hood Vintage Wall Clock,Cannon Portable Cap,1
Hood Vintage Wall Clock,Galvan Modern Blazer,1
Hood Vintage Wall Clock,Hall Pro T-Shirt,1
Hood Vintage Wall Clock,Hartman Compact Webcam,1
Hood Vintage Wall Clock,Morgan Premium Sneakers,1
Hood Vintage Wall Clock,Owen Eco Cap,1
Hood Vintage Wall Clock,Reyes Essential Monitor,1
Hood Vintage Wall Clock,Williams Smart Atlas,1
Hopkins Essential Blazer,Conley Smart Blender,1
Hopkins Essential Blazer,George Ultra Coffee Maker,1
Hopkins Essential Blazer,Hall Pro T-Shirt,1
Hopkins Essential Blazer,Jefferson Premium Organizer,1
Hopkins Essential Blazer,Johnston Modern Cushion,1
Hopkins Essential Blazer,Lee Ultra Hoodie,1
Hopkins Essential Blazer,Schroeder Smart Earbuds,1
Hopkins Essential Camera,Allen Eco Novel,1
Hopkins Essential Camera,Bowers Ultra Blazer,1
Hopkins Essential Camera,Gray Smart Dinner Set,1
Hopkins Essential Camera,Luna Pro Charger,1
Hopkins Essential Camera,Miller Premium Textbook,1
Hopkins Essential Camera,Mills Smart Router,1
Hopkins Essential Camera,Rowe Modern Tablet,1
Hopkins Essential Camera,Scott Ultra Cookware Set,1
Hopkins Essential Camera,Taylor Ultra T-Shirt,1
Hopkins Essential Camera,Tucker Ultra Bedsheet,1
Hopkins Essential Camera,Wilson Premium Sweater,1
Houston Pro Charger,Anderson Modern Scarf,1
Houston Pro Charger,Baker Deluxe Laptop,1
Houston Pro Charger,Benjamin Vintage Curtains,1
Houston Pro Charger,Brewer Modern Jacket,1
Houston Pro Charger,Burke Eco Wall Clock,1
Houston Pro Charger,Cox Vintage Router,1
Houston Pro Charger,Dixon Deluxe Cookbook,1
Houston Pro Charger,Harris Ultra Sweater,1
Houston Pro Charger,Hill Essential Textbook,1
Houston Pro Charger,Jacobs Essential Curtains,1
Houston Pro Charger,James Classic Bedsheet,1
Houston Pro Charger,Jenkins Modern Scarf,1
Houston Pro Charger,Johnson Premium Webcam,1
Houston Pro Charger,Lane Compact Novel,1
Houston Pro Charger,Lynn Ultra T-Shirt,1
Houston Pro Charger,Mendez Pro Bedsheet,1
Houston Pro Charger,Miller Vintage Dinner Set,1
Houston Pro Charger,Mitchell Essential Cookware Set,1
Houston Pro Charger,Newman Premium Webcam,1
Houston Pro Charger,Reynolds Essential Novel,1
Houston Pro Charger,Rodriguez Vintage Smartwatch,1
Houston Pro Charger,Romero Ultra Biography,1
Houston Pro Charger,Sanford Pro Monitor,1
Houston Pro Charger,Sosa Deluxe Sneakers,1
Houston Pro Charger,Vargas Eco Cap,1
Howard Pro Encyclopedia,Arias Modern Shorts,1
Howard Pro Encyclopedia,Barber Premium Scarf,1
Howard Pro Encyclopedia,Cunningham Compact Bedsheet,1
Howard Pro Encyclopedia,Jacobs Essential Curtains,1
Howard Pro Encyclopedia,Johnston Modern Cushion,1
Howard Pro Encyclopedia,Mccarty Vintage Jacket,1
Howard Pro Encyclopedia,Miller Premium Textbook,1
Howard Pro Encyclopedia,Nichols Modern Cookware Set,1
Howard Pro Encyclopedia,Palmer Classic Router,1
Howard Pro Encyclopedia,Rodriguez Ultra Hoodie,1
Howard Pro Encyclopedia,Ruiz Vintage Tablet,1
Howard Pro Encyclopedia,Sims Ultra Earbuds,1
Howard Pro Encyclopedia,Smith Vintage Socks,1
Howard Pro Encyclopedia,Velez Premium Novel,1
Howard Pro Encyclopedia,White Portable Encyclopedia,1
Howard Ultra Speaker,Aguilar Pro Scarf,1
Howard Ultra Speaker,Cannon Portable Cap,1
Howard Ultra Speaker,Cunningham Compact Bedsheet,1
Howard Ultra Speaker,Gonzalez Compact Jeans,1
Howard Ultra Speaker,Hansen Premium Monitor,1
Howard Ultra Speaker,Hanson Compact Vase,1
Howard Ultra Speaker,Hill Essential Textbook,1
Howard Ultra Speaker,Hill Smart Mouse,1
Howard Ultra Speaker,Hunt Classic Monitor,1
Howard Ultra Speaker,King Deluxe Smartphone,1
Howard Ultra Speaker,Luna Pro Charger,1
Howard Ultra Speaker,Miller Modern Wall Clock,1
Howard Ultra Speaker,Nielsen Eco Journal,1
Howard Ultra Speaker,Obrien Premium Speaker,1
Howard Ultra Speaker,Palmer Classic Router,1
Howard Ultra Speaker,Robinson Eco Curtains,1
Howard Ultra Speaker,Serrano Compact Dress,1
Howard Ultra Speaker,Valdez Essential Sweater,1
Howard Ultra Speaker,Vincent Eco Smartwatch,1
Howard Ultra Speaker,Walters Compact Atlas,1
Hudson Smart Organizer,Brock Deluxe Mouse,1
Hudson Smart Organizer,Brown Modern Organizer,1
Hudson Smart Organizer,George Ultra Coffee Maker,1
Hudson Smart Organizer,Gomez Smart Guidebook,1
Hudson Smart Organizer,Harris Compact Tablet,1
Hudson Smart Organizer,Morales Eco Organizer,1
Hudson Smart Organizer,Owen Eco Cap,1
Hudson Smart Organizer,Palmer Classic Router,1
Hudson Smart Organizer,Smith Classic Charger,1
Huff Portable Cookware Set,Kelly Classic Vase,1
Hughes Essential Curtains,Charles Deluxe Novel,1
Hughes Essential Curtains,Craig Eco Shorts,1
Hughes Essential Curtains,Harmon Deluxe Vase,1
Hughes Essential Curtains,Leonard Ultra Monitor,1
Hughes Essential Curtains,Miller Vintage Smartwatch,1
Hughes Essential Curtains,Nichols Modern Cookware Set,1
Hughes Essential Curtains,Reynolds Essential Novel,1
Hughes Essential Curtains,Rich Smart Textbook,1
Hughes Essential Curtains,Smith Essential Speaker,1
Hughes Essential Curtains,Smith Vintage Socks,1
Hughes Essential Curtains,White Portable Encyclopedia,1
Hughes Essential Curtains,White Vintage Smartphone,1
Hunt Classic Monitor,Aguilar Ultra Hoodie,1
Hunt Classic Monitor,Bailey Portable Bedsheet,1
Hunt Classic Monitor,Bennett Ultra Jeans,1
Hunt Classic Monitor,Cohen Vintage Textbook,1
Hunt Classic Monitor,Hansen Vintage Textbook,1
Hunt Classic Monitor,Huff Portable Cookware Set,1
Hunt Classic Monitor,Mcbride Eco Anthology,1
Hunt Classic Monitor,Miller Modern Wall Clock,1
Hunt Classic Monitor,Morales Eco Organizer,1
Hunt Classic Monitor,Saunders Pro Cap,1
Hunt Classic Monitor,Smith Eco Blazer,1
Hunt Classic Monitor,Spencer Essential Comic Book,1
Hunt Classic Monitor,Stuart Classic Charger,1
Hunter Compact Anthology,Gordon Ultra Coffee Maker,1
Jackson Classic Jeans,Allen Pro Monitor,1
Jackson Classic Jeans,Hansen Vintage Textbook,1
Jackson Classic Jeans,Patterson Compact Cookware Set,1
Jackson Classic Jeans,Peterson Eco Sneakers,1
Jackson Classic Jeans,Ruiz Vintage Tablet,1
Jackson Classic Jeans,Sanders Portable Dinner Set,1
Jackson Classic Jeans,Simmons Deluxe Jacket,1
Jackson Classic Jeans,Thomas Eco Bookshelf,1
Jackson Classic Jeans,Young Modern Headphones,1
Jackson Eco Textbook,Brock Deluxe Mouse,1
Jackson Eco Textbook,Castillo Compact Cookware Set,1
Jackson Eco Textbook,Charles Deluxe Novel,1
Jackson Eco Textbook,Coleman Eco Cookbook,1
Jackson Eco Textbook,Gregory Classic Novel,1
Jackson Eco Textbook,Gross Deluxe Cap,1
Jackson Eco Textbook,Hall Modern Cookbook,1
Jackson Eco Textbook,Jennings Essential T-Shirt,1
Jackson Eco Textbook,Moody Compact Socks,1
Jackson Eco Textbook,Olson Classic Power Bank,1
Jackson Eco Textbook,Price Portable Novel,1
Jackson Eco Textbook,Reyes Essential Monitor,1
Jackson Eco Textbook,Snyder Smart Camera,1
Jackson Eco Textbook,Sutton Essential Cap,1
Jackson Eco Textbook,Wood Deluxe Vase,1
Jackson Ultra Comic Book,Blankenship Smart Router,1
Jackson Ultra Comic Book,Calhoun Vintage Curtains,1
Jackson Ultra Comic Book,Gilbert Portable Jacket,1
Jackson Ultra Comic Book,Mack Portable Novel,1
Jackson Ultra Comic Book,Pace Modern Novel,1
Jackson Ultra Comic Book,Rich Smart Textbook,1
Jackson Ultra Comic Book,Robinson Portable Smartwatch,1
Jackson Ultra Comic Book,Ruiz Modern Anthology,1
Jackson Ultra Comic Book,Wilson Premium Sweater,1
Jacobs Essential Curtains,Baker Smart Keyboard,1
Jacobs Essential Curtains,Lane Compact Novel,1
Jacobs Essential Curtains,Lynch Deluxe Sweater,1
Jacobs Essential Curtains,Mendez Pro Bedsheet,1
Jacobs Essential Curtains,Ochoa Premium Mouse,1
Jacobs Essential Curtains,Pace Modern Novel,1
Jacobs Essential Curtains,Sosa Deluxe Sneakers,1
James Classic Bedsheet,Allen Eco Novel,1
James Classic Bedsheet,Anderson Modern Scarf,1
James Classic Bedsheet,Anderson Modern Speaker,1
James Classic Bedsheet,Branch Modern Comic Book,1
James Classic Bedsheet,Garcia Classic Comic Book,1
James Classic Bedsheet,Haynes Essential Speaker,1
James Classic Bedsheet,Hill Essential Textbook,1
James Classic Bedsheet,Hill Smart Mouse,1
James Classic Bedsheet,Jenkins Modern Scarf,1
James Classic Bedsheet,Montoya Compact Journal,1
James Classic Bedsheet,Olson Deluxe Laptop,1
James Classic Bedsheet,Robles Vintage Dinner Set,1
James Classic Bedsheet,Sanchez Deluxe Power Bank,1
James Classic Bedsheet,Sanford Pro Monitor,1
James Classic Bedsheet,Saunders Pro Cap,1
James Classic Bedsheet,Serrano Compact Dress,1
James Classic Bedsheet,Smith Essential Organizer,1
James Classic Bedsheet,Swanson Premium Blazer,1
James Classic Bedsheet,Thomas Ultra Blender,1
James Premium Guidebook,Ayala Ultra T-Shirt,1
James Premium Guidebook,Baker Ultra Encyclopedia,1
James Premium Guidebook,Bartlett Modern Atlas,1
James Premium Guidebook,Bradley Smart Journal,1
James Premium Guidebook,Cantrell Compact Organizer,1
James Premium Guidebook,Edwards Smart Cookbook,1
James Premium Guidebook,Golden Essential Jeans,1
James Premium Guidebook,Harris Compact Tablet,1
James Premium Guidebook,Haynes Essential Speaker,1
James Premium Guidebook,Pace Modern Novel,1
James Premium Guidebook,Saunders Pro Cap,1
James Premium Guidebook,Schmidt Pro Comic Book,1
James Premium Guidebook,Schultz Smart Blazer,1
James Premium Guidebook,Sims Classic Headphones,1
James Premium Guidebook,Smith Compact Sneakers,1
James Premium Guidebook,Walters Compact Atlas,1
James Premium Guidebook,White Portable Hoodie,1
James Premium Guidebook,Williams Deluxe Novel,1
James Premium Guidebook,York Compact Cushion,1
Jefferson Premium Organizer,Gibson Modern Cap,1
Jefferson Premium Organizer,Hale Vintage Cookbook,1
Jefferson Premium Organizer,Maldonado Portable T-Shirt,1
Jefferson Premium Organizer,Palmer Classic Router,1
Jenkins Modern Dinner Set,Avery Smart Organizer,1
Jenkins Modern Dinner Set,Bailey Portable Bedsheet,1
Jenkins Modern Dinner Set,Brock Smart Dress,1
Jenkins Modern Dinner Set,Craig Eco Shorts,1
Jenkins Modern Dinner Set,Dixon Premium Coffee Maker,1
Jenkins Modern Dinner Set,Gibson Modern Cap,1
Jenkins Modern Dinner Set,Gonzalez Eco Biography,1
Jenkins Modern Dinner Set,Hunter Compact Anthology,1
Jenkins Modern Dinner Set,Lee Ultra Hoodie,1
Jenkins Modern Dinner Set,Lynch Deluxe Sweater,1
Jenkins Modern Dinner Set,Manning Eco Charger,1
Jenkins Modern Dinner Set,Miller Vintage Smartwatch,1
Jenkins Modern Dinner Set,Schmidt Pro Comic Book,1
Jenkins Modern Dinner Set,Scott Vintage Textbook,1
Jenkins Modern Dinner Set,Thomas Eco Bookshelf,1
Jenkins Modern Scarf,Brock Deluxe Mouse,1
Jenkins Modern Scarf,Huff Portable Cookware Set,1
Jenkins Modern Scarf,Jackson Classic Jeans,1
Jenkins Modern Scarf,Miller Modern Wall Clock,1
Jenkins Modern Scarf,Sanders Portable Dinner Set,1
Jenkins Modern Scarf,Simmons Deluxe Jacket,1
Jennings Essential T-Shirt,Bell Modern Guidebook,1
Jennings Essential T-Shirt,Bowers Ultra Blazer,1
Jennings Essential T-Shirt,Coleman Eco Cookbook,1
Jennings Essential T-Shirt,Cunningham Compact Bedsheet,1
Jennings Essential T-Shirt,Herrera Classic Charger,1
Jennings Essential T-Shirt,Lane Compact Novel,1
Jennings Essential T-Shirt,Miller Modern Wall Clock,1
Jennings Essential T-Shirt,Morrow Vintage Vase,1
Jennings Essential T-Shirt,Pena Portable Camera,1
Jennings Essential T-Shirt,Ross Modern Bookshelf,1
Jennings Essential T-Shirt,Rubio Modern Textbook,1
Jennings Essential T-Shirt,Snyder Smart Camera,1
Jennings Smart Camera,Calhoun Vintage Curtains,1
Jennings Smart Camera,Charles Classic Cookbook,1
Jennings Smart Camera,Edwards Smart Cookbook,1
Jennings Smart Camera,Green Deluxe Anthology,1
Jennings Smart Camera,Hall Pro T-Shirt,1
Jennings Smart Camera,Jones Compact Bedsheet,1
Jennings Smart Camera,Kent Smart Mouse,1
Jennings Smart Camera,Moody Compact Socks,1
Jennings Smart Camera,Roberts Eco Textbook,1
Jennings Smart Camera,Robles Vintage Dinner Set,1
Jennings Smart Camera,Ruiz Vintage Tablet,1
Jennings Smart Camera,Smith Eco Blazer,1
Jennings Smart Camera,White Essential Vase,1
Jennings Vintage Cap,Benjamin Vintage Curtains,1
Jennings Vintage Cap,Bennett Smart Bookshelf,1
Jennings Vintage Cap,Brock Deluxe Mouse,1
Jennings Vintage Cap,Burke Eco Wall Clock,1
Jennings Vintage Cap,Garcia Classic Comic Book,1
Jennings Vintage Cap,Hampton Classic Encyclopedia,1
Jennings Vintage Cap,Hill Portable Bedsheet,1
Jennings Vintage Cap,Jenkins Modern Scarf,1
Jennings Vintage Cap,King Eco Textbook,1
Jennings Vintage Cap,Knight Pro Cookbook,1
Jennings Vintage Cap,Long Vintage Blender,1
Jennings Vintage Cap,Morrow Vintage Vase,1
Jennings Vintage Cap,Romero Ultra Biography,1
Jennings Vintage Cap,Scott Ultra Cookware Set,1
Jennings Vintage Cap,Sosa Deluxe Sneakers,1
Jennings Vintage Cap,Thomas Eco Bookshelf,1
Jennings Vintage Cap,Vargas Eco Cap,1
Jennings Vintage Cap,Young Modern Headphones,1
Jensen Modern Router,Baker Ultra Encyclopedia,1
Jensen Modern Router,Branch Modern Comic Book,1
Jensen Modern Router,Campbell Pro Journal,1
Jensen Modern Router,Charles Deluxe Novel,1
Jensen Modern Router,Fields Premium Wall Clock,1
Jensen Modern Router,Goodman Modern Dress,1
Jensen Modern Router,Jennings Essential T-Shirt,1
Jensen Modern Router,Kaufman Essential Comic Book,1
Jensen Modern Router,Knight Portable Speaker,1
Jensen Modern Router,Mosley Compact Monitor,1
Jensen Modern Router,Nielsen Premium Smartphone,1
Jensen Modern Router,Pena Portable Camera,1
Jensen Modern Router,Reese Vintage Headphones,1
Jensen Modern Router,Scott Ultra Cookware Set,1
Jensen Modern Router,Serrano Compact Dress,1
Jensen Modern Router,Snyder Smart Camera,1
Jensen Modern Router,Young Eco Curtains,1
Johns Eco Tablet,Anderson Modern Speaker,1
Johns Eco Tablet,Armstrong Deluxe Bookshelf,1
Johns Eco Tablet,Baker Smart Keyboard,1
Johns Eco Tablet,Lane Compact Cap,1
Johns Eco Tablet,Palmer Classic Router,1
Johns Eco Tablet,Robinson Classic Sneakers,1
Johns Eco Tablet,Wilson Deluxe T-Shirt,1
Johns Portable Textbook,Anderson Modern Speaker,1
Johns Portable Textbook,Jackson Ultra Comic Book,1
Johns Portable Textbook,Lynch Deluxe Sweater,1
Johns Portable Textbook,Mack Portable Novel,1
Johns Portable Textbook,Powell Portable Dress,1
Johns Portable Textbook,Ross Compact Hoodie,1
Johns Portable Textbook,Schmidt Pro Comic Book,1
Johns Portable Textbook,Vincent Compact Biography,1
Johnson Compact Cookbook,Anderson Modern Speaker,1
Johnson Compact Cookbook,Baker Ultra Cushion,1
Johnson Compact Cookbook,Brennan Smart Encyclopedia,1
Johnson Compact Cookbook,Cannon Portable Cap,1
Johnson Compact Cookbook,Costa Vintage Biography,1
Johnson Compact Cookbook,Evans Premium Organizer,1
Johnson Compact Cookbook,Garcia Classic Comic Book,1
Johnson Compact Cookbook,Gross Deluxe Cap,1
Johnson Compact Cookbook,Hall Modern Cookbook,1
Johnson Compact Cookbook,Hinton Pro Tablet,1
Johnson Compact Cookbook,Huff Portable Cookware Set,1
Johnson Compact Cookbook,Knight Pro Lamp,1
Johnson Compact Cookbook,Mack Portable Novel,1
Johnson Compact Cookbook,Matthews Compact Encyclopedia,1
Johnson Compact Cookbook,Mcintosh Portable Anthology,1
Johnson Compact Cookbook,Price Portable Novel,1
Johnson Compact Cookbook,Reese Smart Cookbook,1
Johnson Compact Cookbook,Robinson Classic Sneakers,1
Johnson Compact Cookbook,Ryan Eco Mouse,1
Johnson Compact Cookbook,Steele Pro Webcam,1
Johnson Compact Cookbook,Thompson Compact Encyclopedia,1
Johnson Compact Cookbook,Tucker Modern Blender,1
Johnson Deluxe Charger,Braun Eco Dress,1
Johnson Deluxe Charger,Burke Eco Wall Clock,1
Johnson Deluxe Charger,Garcia Classic Comic Book,1
Johnson Deluxe Charger,Hardin Pro Cookbook,1
Johnson Deluxe Charger,Hernandez Eco Camera,1
Johnson Deluxe Charger,Lee Ultra Hoodie,1
Johnson Deluxe Charger,Miller Vintage Smartwatch,1
Johnson Deluxe Charger,Reed Classic Textbook,1
Johnson Deluxe Charger,Saunders Pro Cap,1
Johnson Deluxe Charger,Scott Deluxe Guidebook,1
Johnson Deluxe Charger,Scott Ultra Cookware Set,1
Johnson Deluxe Charger,Shields Portable Vase,1
Johnson Deluxe Charger,Sutton Essential Cap,1
Johnson Deluxe Charger,Vance Smart Bookshelf,1
Johnson Deluxe Charger,Wilson Premium Sweater,1
Johnson Deluxe Charger,Young Eco Curtains,1
Johnson Eco Earbuds,Clark Modern Jeans,1
Johnson Eco Earbuds,Floyd Ultra Dress,1
Johnson Eco Earbuds,Golden Essential Jeans,1
Johnson Eco Earbuds,Hansen Premium Scarf,1
Johnson Eco Earbuds,Hanson Compact Vase,1
Johnson Eco Earbuds,Harris Compact Tablet,1
Johnson Eco Earbuds,Holland Essential Dinner Set,1
Johnson Eco Earbuds,Jones Essential Shorts,1
Johnson Eco Earbuds,Miller Classic T-Shirt,1
Johnson Eco Earbuds,Miller Vintage Dinner Set,1
Johnson Eco Earbuds,Morgan Premium Sneakers,1
Johnson Eco Earbuds,Robinson Portable Smartwatch,1
Johnson Eco Earbuds,Rowe Modern Tablet,1
Johnson Eco Earbuds,Sullivan Classic Novel,1
Johnson Eco Earbuds,Sullivan Deluxe Dress,1
Johnson Eco Earbuds,Thompson Compact Encyclopedia,1
Johnson Eco Earbuds,Tucker Modern Blender,1
Johnson Eco Earbuds,Tucker Ultra Bedsheet,1
Johnson Eco Earbuds,Wright Vintage Cookbook,1
Johnson Premium Anthology,Ayala Ultra T-Shirt,1
Johnson Premium Anthology,Baker Deluxe Laptop,1
Johnson Premium Anthology,Baker Smart Keyboard,1
Johnson Premium Anthology,Braun Eco Dress,1
Johnson Premium Anthology,Brock Smart Dress,1
Johnson Premium Anthology,Davis Premium Wall Clock,1
Johnson Premium Anthology,Fields Premium Wall Clock,1
Johnson Premium Anthology,Garza Pro Jacket,1
Johnson Premium Anthology,Guerrero Pro Headphones,1
Johnson Premium Anthology,Hernandez Portable Cookbook,1
Johnson Premium Anthology,Kelly Classic Vase,1
Johnson Premium Anthology,Maynard Compact Comic Book,1
Johnson Premium Anthology,Miller Compact Earbuds,1
Johnson Premium Anthology,Mosley Compact Monitor,1
Johnson Premium Anthology,Newman Premium Webcam,1
Johnson Premium Anthology,Nielsen Premium Smartphone,1
Johnson Premium Anthology,Rivera Eco Tablet,1
Johnson Premium Anthology,Rodriguez Ultra Hoodie,1
Johnson Premium Anthology,Smith Essential Speaker,1
Johnson Premium Anthology,Spencer Essential Comic Book,1
Johnson Premium Anthology,Sullivan Vintage T-Shirt,1
Johnson Premium Anthology,Thomas Eco Bookshelf,1
Johnson Premium Anthology,Tucker Modern Blender,1
Johnson Premium Anthology,Vance Smart Bookshelf,1
Johnson Premium Anthology,Ward Pro Textbook,1
Johnson Premium Anthology,Whitehead Compact Camera,1
Johnson Premium Anthology,Wilson Deluxe Dress,1
Johnson Premium Webcam,Fernandez Eco Guidebook,1
Johnson Premium Webcam,Green Modern Socks,1
Johnson Premium Webcam,Jackson Eco Textbook,1
Johnson Premium Webcam,Jennings Essential T-Shirt,1
Johnson Premium Webcam,Kelley Essential Laptop,1
Johnson Premium Webcam,Knight Pro Cookbook,1
Johnson Premium Webcam,Miller Classic T-Shirt,1
Johnson Premium Webcam,Potter Deluxe Cookbook,1
Johnson Premium Webcam,Swanson Premium Blazer,1
Johnson Premium Webcam,Vargas Eco Cap,1
Johnson Premium Webcam,Williams Pro Wall Clock,1
Johnston Modern Cushion,Arnold Modern Biography,1
Johnston Modern Cushion,Carr Ultra Textbook,1
Johnston Modern Cushion,Hall Pro T-Shirt,1
Johnston Modern Cushion,Herrera Classic Charger,1
Johnston Modern Cushion,Huff Portable Cookware Set,1
Johnston Modern Cushion,Lee Compact Socks,1
Johnston Modern Cushion,Leon Classic Speaker,1
Johnston Modern Cushion,Mccarty Vintage Jacket,1
Johnston Modern Cushion,Nichols Modern Cookware Set,1
Johnston Modern Cushion,Rowe Modern Tablet,1
Johnston Modern Cushion,Scott Ultra Cookware Set,1
Johnston Modern Cushion,White Portable Encyclopedia,1
Jones Compact Bedsheet,Brown Vintage Guidebook,1
Jones Compact Bedsheet,Calhoun Vintage Curtains,1
Jones Compact Bedsheet,Dixon Premium Coffee Maker,1
Jones Compact Bedsheet,Gonzalez Compact Jeans,1
Jones Compact Bedsheet,Kent Smart Mouse,1
Jones Compact Bedsheet,Knight Pro Cookbook,1
Jones Compact Bedsheet,Kramer Compact Textbook,1
Jones Compact Bedsheet,Moody Compact Socks,1
Jones Compact Bedsheet,Ross Compact Hoodie,1
Jones Compact Bedsheet,Taylor Portable Comic Book,1
Jones Compact Bedsheet,Taylor Ultra T-Shirt,1
Jones Compact Bedsheet,Vasquez Ultra Tablet,1
Jones Compact Bedsheet,Williams Premium Mouse,1
Jones Compact Biography,Aguilar Pro Scarf,1
Jones Compact Biography,Atkins Eco Curtains,1
Jones Compact Biography,Baker Smart Keyboard,1
Jones Compact Biography,Bennett Ultra Jeans,1
Jones Compact Biography,Carpenter Vintage Dinner Set,1
Jones Compact Biography,Davidson Compact Coffee Maker,1
Jones Compact Biography,Davis Premium Wall Clock,1
Jones Compact Biography,Eaton Classic Wall Clock,1
Jones Compact Biography,Gonzalez Compact Jeans,1
Jones Compact Biography,Gonzalez Premium Cushion,1
Jones Compact Biography,Greene Ultra T-Shirt,1
Jones Compact Biography,Hale Vintage Cookbook,1
Jones Compact Biography,Harmon Deluxe Vase,1
Jones Compact Biography,Hunt Classic Monitor,1
Jones Compact Biography,Jackson Classic Jeans,1
Jones Compact Biography,Joseph Vintage Novel,1
Jones Compact Biography,Kelley Essential Laptop,1
Jones Compact Biography,Leon Classic Speaker,1
Jones Compact Biography,Macias Eco Mouse,1
Jones Compact Biography,Miller Classic T-Shirt,1
Jones Compact Biography,Mitchell Essential Cookware Set,1
Jones Compact Biography,Montoya Compact Journal,1
Jones Compact Biography,Potter Deluxe Cookbook,1
Jones Compact Biography,Robinson Eco Novel,1
Jones Compact Biography,Ruiz Vintage Tablet,1
Jones Compact Biography,Sanders Portable Dinner Set,1
Jones Compact Biography,Saunders Pro Cap,1
Jones Compact Biography,Smith Essential Organizer,1
Jones Compact Biography,Smith Smart Laptop,1
Jones Compact Biography,Smith Ultra Atlas,1
Jones Compact Biography,Taylor Ultra T-Shirt,1
Jones Compact Biography,Tucker Modern Blender,1
Jones Compact Biography,Valenzuela Classic Bedsheet,1
Jones Compact Biography,Walters Compact Atlas,1
Jones Compact Biography,Ward Pro Textbook,1
Jones Compact Biography,Young Smart Cookbook,1
Jones Eco Scarf,Burke Eco Wall Clock,1
Jones Eco Scarf,Crosby Portable Cookbook,1
Jones Eco Scarf,Dixon Premium Coffee Maker,1
Jones Eco Scarf,Hampton Classic Encyclopedia,1
Jones Eco Scarf,Jennings Vintage Cap,1
Jones Eco Scarf,Lambert Smart Charger,1
Jones Eco Scarf,Lewis Compact Monitor,1
Jones Eco Scarf,Macdonald Classic Atlas,1
Jones Eco Scarf,Mack Portable Novel,1
Jones Eco Scarf,Mitchell Essential Cookware Set,1
Jones Eco Scarf,Morgan Premium Sneakers,1
Jones Eco Scarf,Morrow Vintage Vase,1
Jones Eco Scarf,Parks Portable Anthology,1
Jones Eco Scarf,Reese Smart Cookbook,1
Jones Eco Scarf,Stewart Deluxe Scarf,1
Jones Eco Scarf,Thomas Eco Bookshelf,1
Jones Eco Scarf,Thomas Ultra Bedsheet,1
Jones Eco Scarf,Watson Eco Sneakers,1
Jones Essential Biography,Brooks Premium Novel,1
Jones Essential Biography,Galvan Modern Blazer,1
Jones Essential Biography,Mitchell Pro Encyclopedia,1
Jones Essential Biography,Powell Portable Dress,1
Jones Essential Biography,Ross Compact Hoodie,1
Jones Essential Shorts,Berry Smart Router,1
Jones Essential Shorts,Black Deluxe Cookbook,1
Jones Essential Shorts,Dixon Premium Coffee Maker,1
Jones Essential Shorts,Garcia Pro Cookware Set,1
Jones Essential Shorts,Gibson Modern Cap,1
Jones Essential Shorts,Hill Portable Bedsheet,1
Jones Essential Shorts,Jenkins Modern Dinner Set,1
Jones Essential Shorts,Joseph Vintage Novel,1
Jones Essential Shorts,Lynch Deluxe Sweater,1
Jones Essential Shorts,Meyer Eco Laptop,1
Jones Essential Shorts,Nielsen Eco Journal,1
Jones Essential Shorts,Reynolds Essential Novel,1
Jones Essential Shorts,Robinson Vintage Earbuds,1
Jones Essential Shorts,Ross Compact Hoodie,1
Jones Essential Shorts,Saunders Pro Cap,1
Jones Essential Shorts,Schmidt Pro Comic Book,1
Jones Essential Shorts,Scott Vintage Textbook,1
Jones Essential Shorts,Serrano Essential Organizer,1
Jones Essential Shorts,Thomas Eco Bookshelf,1
Jones Essential Shorts,White Portable Encyclopedia,1
Jones Pro Biography,Avery Smart Organizer,1
Jones Pro Biography,Brock Smart Dress,1
Jones Pro Biography,Cunningham Compact Bedsheet,1
Jones Pro Biography,Mendez Pro Bedsheet,1
Jones Pro Biography,Olson Classic Power Bank,1
Jones Pro Biography,Schroeder Smart Earbuds,1
Jones Pro Biography,Sosa Deluxe Sneakers,1
Jones Pro Biography,Taylor Portable Comic Book,1
Jones Pro Biography,Webb Compact Cap,1
Jones Pro Biography,Wilson Compact Smartwatch,1
Jones Smart Shorts,Bailey Portable Bedsheet,1
Jones Smart Shorts,Bennett Smart Bookshelf,1
Jones Smart Shorts,Cortez Classic Socks,1
Jones Smart Shorts,Hill Essential Textbook,1
Jones Smart Shorts,Luna Pro Charger,1
Jones Smart Shorts,Sanchez Deluxe Power Bank,1
Jones Smart Shorts,Serrano Essential Organizer,1
Jones Smart Shorts,Smith Classic Charger,1
Jones Smart Shorts,Vasquez Ultra Tablet,1
Jones Smart Shorts,Webb Deluxe Dinner Set,1
Joseph Vintage Novel,Gibson Modern Cap,1
Joseph Vintage Novel,Guerrero Pro Headphones,1
Joseph Vintage Novel,Hansen Premium Scarf,1
Joseph Vintage Novel,Jenkins Modern Dinner Set,1
Joseph Vintage Novel,Mcclain Eco Biography,1
Joseph Vintage Novel,Miller Classic T-Shirt,1
Joseph Vintage Novel,Ochoa Premium Mouse,1
Joseph Vintage Novel,Scott Vintage Textbook,1
Joseph Vintage Novel,White Vintage Smartphone,1
Joseph Vintage Novel,Wilson Deluxe Dress,1
Joseph Vintage Novel,Wright Vintage Cookbook,1
Juarez Ultra Cap,Burke Eco Wall Clock,1
Juarez Ultra Cap,Hernandez Portable Headphones,1
Juarez Ultra Cap,Mills Compact Monitor,1
Juarez Ultra Cap,Pace Modern Novel,1
Juarez Ultra Cap,Roth Premium T-Shirt,1
Juarez Ultra Cap,Snyder Smart Camera,1
Juarez Ultra Cap,Taylor Premium Anthology,1
Juarez Ultra Cap,Valenzuela Classic Bedsheet,1
Juarez Ultra Cap,Winters Premium Smartphone,1
Juarez Ultra Cap,Wong Pro Socks,1
Juarez Ultra Cap,Wright Vintage Cookbook,1
Kaufman Essential Comic Book,Barber Premium Scarf,1
Kaufman Essential Comic Book,Olson Deluxe Laptop,1
Kaufman Essential Comic Book,Robinson Vintage Earbuds,1
Kaufman Essential Comic Book,Spencer Essential Comic Book,1
Keith Premium Coffee Maker,Cohen Vintage Textbook,1
Keith Premium Coffee Maker,Gibson Modern Cap,1
Keith Premium Coffee Maker,Valenzuela Classic Bedsheet,1
Kelley Essential Laptop,Aguilar Ultra Hoodie,1
Kelley Essential Laptop,Bailey Portable Bedsheet,1
Kelley Essential Laptop,Baker Deluxe Laptop,1
Kelley Essential Laptop,Bennett Ultra Jeans,1
Kelley Essential Laptop,Brown Vintage Guidebook,1
Kelley Essential Laptop,Davidson Compact Coffee Maker,1
Kelley Essential Laptop,Gonzalez Compact Jeans,1
Kelley Essential Laptop,Hartman Compact Webcam,1
Kelley Essential Laptop,Hood Vintage Wall Clock,1
Kelley Essential Laptop,Jensen Modern Router,1
Kelley Essential Laptop,Knight Pro Cookbook,1
Kelley Essential Laptop,Manning Eco Charger,1
Kelley Essential Laptop,Mccarty Vintage Jacket,1
Kelley Essential Laptop,Olson Classic Power Bank,1
Kelley Essential Laptop,Richards Compact Cookware Set,1
Kelley Essential Laptop,Saunders Pro Cap,1
Kelley Essential Laptop,Scott Ultra Cookware Set,1
Kelley Essential Laptop,White Essential Vase,1
Kelley Essential Laptop,Williams Pro Wall Clock,1
Kent Smart Mouse,Gutierrez Portable Earbuds,1
Kent Smart Mouse,Haynes Essential Speaker,1
Kent Smart Mouse,Hinton Pro Tablet,1
Kent Smart Mouse,Kramer Compact Textbook,1
Kent Smart Mouse,Lynch Deluxe Sweater,1
Kent Smart Mouse,Ortiz Eco Cap,1
Kent Smart Mouse,Ross Compact Hoodie,1
Kent Smart Mouse,Vasquez Ultra Tablet,1
King Deluxe Smartphone,Baker Smart Keyboard,1
King Deluxe Smartphone,Baker Ultra Cushion,1
King Deluxe Smartphone,Brewer Modern Jacket,1
King Deluxe Smartphone,Fernandez Eco Guidebook,1
King Deluxe Smartphone,Hinton Pro Tablet,1
King Deluxe Smartphone,Holmes Pro Vase,1
King Deluxe Smartphone,Mccarty Vintage Jacket,1
King Deluxe Smartphone,Mosley Compact Monitor,1
King Deluxe Smartphone,Nielsen Eco Journal,1
King Deluxe Smartphone,Richards Compact Cookware Set,1
King Deluxe Smartphone,Robinson Portable Smartwatch,1
King Deluxe Smartphone,Sanders Portable Dinner Set,1
King Deluxe Smartphone,Schultz Smart Blazer,1
King Deluxe Smartphone,Smith Ultra Atlas,1
King Deluxe Smartphone,Steele Pro Webcam,1
King Eco Textbook,Carr Ultra Textbook,1
King Eco Textbook,Haynes Classic Webcam,1
King Eco Textbook,Hill Portable Bedsheet,1
King Eco Textbook,Holden Compact Dinner Set,1
King Eco Textbook,Juarez Ultra Cap,1
King Eco Textbook,Macias Eco Mouse,1
King Eco Textbook,Newman Premium Webcam,1
King Eco Textbook,Nicholson Smart Anthology,1
King Eco Textbook,Romero Ultra Biography,1
King Eco Textbook,Ruiz Vintage Tablet,1
King Eco Textbook,Scott Vintage Textbook,1
King Eco Textbook,Sosa Deluxe Sneakers,1
King Eco Textbook,Wilson Deluxe Dress,1
King Eco Textbook,Winters Premium Smartphone,1
King Pro Curtains,Dunn Vintage Sweater,1
King Pro Curtains,Golden Essential Jeans,1
King Pro Curtains,Hale Vintage Cookbook,1
King Pro Curtains,Hill Smart Mouse,1
King Pro Curtains,Leon Classic Speaker,1
King Pro Curtains,Logan Portable Biography,1
King Pro Curtains,Luna Pro Charger,1
King Pro Curtains,Montoya Compact Journal,1
King Pro Curtains,Morales Eco Organizer,1
King Pro Curtains,Olson Compact Blender,1
King Pro Curtains,Powell Portable Dress,1
King Pro Curtains,Reed Classic Textbook,1
King Pro Curtains,Robertson Pro Charger,1
King Pro Curtains,Ruiz Modern Anthology,1
King Pro Curtains,Smith Portable Speaker,1
King Smart Camera,Avery Smart Organizer,1
King Smart Camera,Baker Smart Keyboard,1
King Smart Camera,Bowers Ultra Blazer,1
King Smart Camera,Cunningham Compact Bedsheet,1
King Smart Camera,Davis Deluxe Wall Clock,1
King Smart Camera,George Ultra Coffee Maker,1
King Smart Camera,Gray Deluxe Hoodie,1
King Smart Camera,Gray Smart Dinner Set,1
King Smart Camera,Hall Pro T-Shirt,1
King Smart Camera,Hess Portable Lamp,1
King Smart Camera,Hopkins Essential Camera,1
King Smart Camera,Jefferson Premium Organizer,1
King Smart Camera,Jones Pro Biography,1
King Smart Camera,Luna Pro Charger,1
King Smart Camera,Mendez Pro Bedsheet,1
King Smart Camera,Mendoza Ultra Coffee Maker,1
King Smart Camera,Miller Classic T-Shirt,1
King Smart Camera,Richards Compact Cookware Set,1
King Smart Camera,Romero Ultra Biography,1
King Smart Camera,Ryan Eco Mouse,1
King Smart Camera,Schroeder Smart Earbuds,1
King Smart Camera,Vincent Eco Smartwatch,1
King Smart Camera,Williams Essential Journal,1
King Smart Camera,Young Eco Curtains,1
Knight Portable Speaker,Carr Ultra Textbook,1
Knight Portable Speaker,Castillo Compact Cookware Set,1
Knight Portable Speaker,Conrad Classic Tablet,1
Knight Portable Speaker,Crosby Portable Cookbook,1
Knight Portable Speaker,Macias Eco Mouse,1
Knight Portable Speaker,Mitchell Pro Encyclopedia,1
Knight Portable Speaker,Nielsen Premium Smartphone,1
Knight Portable Speaker,Robinson Portable Smartwatch,1
Knight Portable Speaker,Williams Deluxe Novel,1
Knight Portable Speaker,Young Modern Headphones,1
Knight Pro Cookbook,Cantrell Compact Organizer,1
Knight Pro Cookbook,Garcia Pro Cookware Set,1
Knight Pro Cookbook,Hale Vintage Cookbook,1
Knight Pro Cookbook,Hansen Premium Monitor,1
Knight Pro Cookbook,Huff Portable Cookware Set,1
Knight Pro Cookbook,Hunt Classic Monitor,1
Knight Pro Cookbook,Kent Smart Mouse,1
Knight Pro Cookbook,Olson Classic Power Bank,1
Knight Pro Cookbook,Padilla Premium Bookshelf,1
Knight Pro Cookbook,Perez Premium Biography,1
Knight Pro Cookbook,Rubio Modern Textbook,1
Knight Pro Cookbook,Sanders Modern Coffee Maker,1
Knight Pro Cookbook,Smith Classic Charger,1
Knight Pro Cookbook,Smith Eco Blazer,1
Knight Pro Cookbook,Thomas Eco Bookshelf,1
Knight Pro Cookbook,Walker Modern Cookware Set,1
Knight Pro Cookbook,Williams Pro Wall Clock,1
Knight Pro Cookbook,Wong Pro Socks,1
Knight Pro Lamp,Bowers Ultra Blazer,1
Knight Pro Lamp,Craig Eco Shorts,1
Knight Pro Lamp,Eaton Ultra Dress,1
Knight Pro Lamp,Hood Vintage Wall Clock,1
Knight Pro Lamp,Huff Portable Cookware Set,1
Knight Pro Lamp,Schmitt Pro Smartphone,1
Knight Pro Lamp,Sparks Pro Scarf,1
Kramer Compact Textbook,Vasquez Ultra Tablet,1
Kramer Compact Textbook,Wilson Premium Shorts,1
Krueger Essential Encyclopedia,Braun Eco Dress,1
Krueger Essential Encyclopedia,Carpenter Vintage Dinner Set,1
Krueger Essential Encyclopedia,Davis Deluxe Wall Clock,1
Krueger Essential Encyclopedia,Hartman Compact Webcam,1
Krueger Essential Encyclopedia,Haynes Classic Webcam,1
Krueger Essential Encyclopedia,Hinton Pro Tablet,1
Krueger Essential Encyclopedia,Juarez Ultra Cap,1
Krueger Essential Encyclopedia,Kramer Compact Textbook,1
Krueger Essential Encyclopedia,Morgan Premium Sneakers,1
Krueger Essential Encyclopedia,Powell Smart Lamp,1
Krueger Essential Encyclopedia,Reed Vintage Scarf,1
Krueger Essential Encyclopedia,Roth Premium T-Shirt,1
Krueger Essential Encyclopedia,Saunders Pro Cap,1
Krueger Essential Encyclopedia,Smith Vintage Socks,1
Krueger Essential Encyclopedia,Taylor Premium Anthology,1
Krueger Essential Encyclopedia,Thomas Eco Comic Book,1
Krueger Essential Encyclopedia,Thompson Essential Curtains,1
Krueger Essential Encyclopedia,Wilson Premium Shorts,1
Krueger Essential Encyclopedia,Young Smart Cookbook,1
Lambert Smart Charger,Aguilar Pro Scarf,1
Lambert Smart Charger,Anderson Modern Scarf,1
Lambert Smart Charger,Charles Deluxe Novel,1
Lambert Smart Charger,Cohen Vintage Textbook,1
Lambert Smart Charger,Craig Eco Shorts,1
Lambert Smart Charger,Crosby Portable Cookbook,1
Lambert Smart Charger,Frazier Premium Bookshelf,1
Lambert Smart Charger,George Ultra Coffee Maker,1
Lambert Smart Charger,Hinton Pro Tablet,1
Lambert Smart Charger,Hughes Essential Curtains,1
Lambert Smart Charger,Johnston Modern Cushion,1
Lambert Smart Charger,Lawrence Ultra Coffee Maker,1
Lambert Smart Charger,Leonard Ultra Monitor,1
Lambert Smart Charger,Maynard Compact Comic Book,1
Lambert Smart Charger,Moore Compact Textbook,1
Lambert Smart Charger,Robinson Classic Sneakers,1
Lambert Smart Charger,Scott Deluxe Guidebook,1
Lambert Smart Charger,Shannon Vintage Keyboard,1
Lambert Smart Charger,Thomas Eco Bookshelf,1
Lambert Smart Charger,Tucker Ultra Bedsheet,1
Lambert Smart Charger,White Vintage Smartphone,1
Lambert Smart Charger,Wood Deluxe Vase,1
Lambert Ultra Socks,Avery Smart Organizer,1
Lambert Ultra Socks,Bell Modern Guidebook,1
Lambert Ultra Socks,Branch Modern Comic Book,1
Lambert Ultra Socks,Campbell Pro Journal,1
Lambert Ultra Socks,Craig Eco Shorts,1
Lambert Ultra Socks,Edwards Smart Cookbook,1
Lambert Ultra Socks,Golden Essential Jeans,1
Lambert Ultra Socks,Haynes Essential Speaker,1
Lambert Ultra Socks,Hudson Smart Organizer,1
Lambert Ultra Socks,Huff Portable Cookware Set,1
Lambert Ultra Socks,Jennings Essential T-Shirt,1
Lambert Ultra Socks,Jones Essential Shorts,1
Lambert Ultra Socks,Matthews Compact Encyclopedia,1
Lambert Ultra Socks,Mcbride Eco Anthology,1
Lambert Ultra Socks,Miller Classic T-Shirt,1
Lambert Ultra Socks,Miller Modern Wall Clock,1
Lambert Ultra Socks,Moore Portable Blender,1
Lambert Ultra Socks,Robinson Classic Sneakers,1
Lambert Ultra Socks,Smith Classic Charger,1
Lambert Ultra Socks,Smith Vintage Cushion,1
Lambert Ultra Socks,Ward Pro Bedsheet,1
Lane Compact Cap,Anderson Modern Speaker,1
Lane Compact Cap,Baker Smart Keyboard,1
Lane Compact Cap,Gilbert Portable Jacket,1
Lane Compact Cap,Gonzales Pro Earbuds,1
Lane Compact Cap,Haynes Essential Speaker,1
Lane Compact Cap,Jenkins Modern Dinner Set,1
Lane Compact Cap,Palmer Classic Router,1
Lane Compact Cap,Thompson Compact Encyclopedia,1
Lane Compact Novel,Fields Premium Wall Clock,1
Lane Compact Novel,Mendez Pro Bedsheet,1
Lane Compact Novel,Pena Portable Camera,1
Lane Compact Novel,Sosa Deluxe Sneakers,1
Lawrence Ultra Coffee Maker,Barnett Classic Novel,1
Lawrence Ultra Coffee Maker,Bell Modern Guidebook,1
Lawrence Ultra Coffee Maker,Charles Deluxe Novel,1
Lawrence Ultra Coffee Maker,Craig Eco Shorts,1
Lawrence Ultra Coffee Maker,Dunn Vintage Sweater,1
Lawrence Ultra Coffee Maker,Garcia Classic Comic Book,1
Lawrence Ultra Coffee Maker,George Ultra Coffee Maker,1
Lawrence Ultra Coffee Maker,Gordon Ultra Coffee Maker,1
Lawrence Ultra Coffee Maker,Hughes Essential Curtains,1
Lawrence Ultra Coffee Maker,Leonard Ultra Monitor,1
Lawrence Ultra Coffee Maker,Manning Eco Charger,1
Lawrence Ultra Coffee Maker,Matthews Compact Encyclopedia,1
Lawrence Ultra Coffee Maker,Miller Vintage Smartwatch,1
Lawrence Ultra Coffee Maker,Moore Portable Blender,1
Lawrence Ultra Coffee Maker,Owen Eco Cap,1
Lawrence Ultra Coffee Maker,Robinson Vintage Earbuds,1
Lawrence Ultra Coffee Maker,Scott Vintage Textbook,1
Lawrence Ultra Coffee Maker,White Portable Encyclopedia,1
Lawrence Ultra Coffee Maker,White Vintage Smartphone,1
Lee Compact Socks,Baker Smart Keyboard,1
Lee Compact Socks,Miller Classic T-Shirt,1
Lee Compact Socks,Padilla Premium Bookshelf,1
Lee Compact Socks,Ward Pro Bedsheet,1
Lee Compact Socks,White Vintage Smartphone,1
Lee Smart Tablet,Aguilar Ultra Hoodie,1
Lee Smart Tablet,Baker Smart Keyboard,1
Lee Smart Tablet,Bennett Smart Bookshelf,1
Lee Smart Tablet,Frazier Premium Bookshelf,1
Lee Smart Tablet,Gonzales Pro Earbuds,1
Lee Smart Tablet,Guzman Smart Coffee Maker,1
Lee Smart Tablet,Huff Portable Cookware Set,1
Lee Smart Tablet,Luna Portable Hoodie,1
Lee Smart Tablet,Matthews Compact Encyclopedia,1
Lee Smart Tablet,Moody Compact Socks,1
Lee Smart Tablet,Nichols Modern Cookware Set,1
Lee Smart Tablet,Price Portable Novel,1
Lee Smart Tablet,Ramsey Pro Jacket,1
Lee Smart Tablet,Ross Modern Bookshelf,1
Lee Smart Tablet,Shannon Vintage Keyboard,1
Lee Smart Tablet,Smith Compact Dress,1
Lee Smart Tablet,Wilson Premium Shorts,1
Leon Classic Speaker,Rowe Modern Tablet,1
Leon Classic Speaker,Smith Smart Laptop,1
Leon Classic Speaker,Sosa Deluxe Sneakers,1
Leonard Ultra Monitor,Charles Deluxe Novel,1
Leonard Ultra Monitor,Craig Eco Shorts,1
Leonard Ultra Monitor,Cunningham Compact Bedsheet,1
Leonard Ultra Monitor,Golden Essential Jeans,1
Leonard Ultra Monitor,Lane Compact Novel,1
Leonard Ultra Monitor,Mays Portable Comic Book,1
Leonard Ultra Monitor,Nicholson Smart Anthology,1
Leonard Ultra Monitor,Owen Eco Cap,1
Leonard Ultra Monitor,Rubio Modern Textbook,1
Leonard Ultra Monitor,Smith Ultra Atlas,1
Leonard Ultra Monitor,White Portable Encyclopedia,1
Leonard Ultra Monitor,White Vintage Smartphone,1
Lewis Compact Monitor,Baker Ultra Cushion,1
Lewis Compact Monitor,Castillo Compact Cookware Set,1
Lewis Compact Monitor,Figueroa Modern Coffee Maker,1
Lewis Compact Monitor,Long Vintage Blender,1
Lewis Compact Monitor,Mack Portable Novel,1
Lewis Compact Monitor,Medina Classic Jeans,1
Lewis Compact Monitor,Olson Compact Blender,1
Lewis Compact Monitor,Powell Portable Dress,1
Lewis Compact Monitor,Smith Essential Speaker,1
Lewis Compact Monitor,Smith Vintage Cushion,1
Lewis Compact Monitor,Stewart Deluxe Scarf,1
Lewis Compact Monitor,Thomas Eco Bookshelf,1
Lewis Compact Monitor,Vincent Compact Biography,1
Lewis Compact Monitor,White Essential Vase,1
Lewis Eco Vase,Brooks Premium Novel,1
Lewis Eco Vase,Carlson Vintage Curtains,1
Lewis Eco Vase,Grant Portable T-Shirt,1
Lewis Eco Vase,Hughes Essential Curtains,1
Lewis Eco Vase,Hunt Classic Monitor,1
Lewis Eco Vase,Mack Portable Novel,1
Lewis Eco Vase,Mcbride Eco Anthology,1
Lewis Eco Vase,Ramos Premium Anthology,1
Lewis Eco Vase,Rich Smart Textbook,1
Lewis Eco Vase,Todd Ultra Jeans,1
Lewis Eco Vase,Valenzuela Classic Bedsheet,1
Lewis Vintage Textbook,Anderson Modern Speaker,1
Lewis Vintage Textbook,Brock Smart Dress,1
Lewis Vintage Textbook,Coleman Eco Cookbook,1
Lewis Vintage Textbook,Gilbert Portable Jacket,1
Lewis Vintage Textbook,Hansen Premium Scarf,1
Lewis Vintage Textbook,Hudson Smart Organizer,1
Lewis Vintage Textbook,Johns Portable Textbook,1
Lewis Vintage Textbook,Jones Pro Biography,1
Lewis Vintage Textbook,Joseph Vintage Novel,1
Lewis Vintage Textbook,Miller Classic T-Shirt,1
Lewis Vintage Textbook,Mills Smart Router,1
Lewis Vintage Textbook,Nielsen Premium Smartphone,1
Lewis Vintage Textbook,Smith Classic Charger,1
Lewis Vintage Textbook,Wilson Compact Smartwatch,1
Lewis Vintage Textbook,Wolfe Ultra Cap,1
Logan Portable Biography,Aguilar Pro Scarf,1
Logan Portable Biography,Ayala Premium Journal,1
Logan Portable Biography,Gomez Smart Guidebook,1
Logan Portable Biography,Goodman Modern Dress,1
Logan Portable Biography,Hill Smart Mouse,1
Logan Portable Biography,Kelly Classic Vase,1
Logan Portable Biography,Morgan Vintage Hoodie,1
Logan Portable Biography,Scott Modern Bedsheet,1
Long Smart Blazer,Gregory Classic Novel,1
Long Smart Blazer,Hardin Pro Cookbook,1
Long Smart Blazer,Jenkins Modern Dinner Set,1
Long Smart Blazer,Luna Pro Charger,1
Long Smart Blazer,Mclaughlin Pro Guidebook,1
Long Smart Blazer,Miller Modern Wall Clock,1
Long Smart Blazer,Mitchell Pro Encyclopedia,1
Long Smart Blazer,Nielsen Eco Journal,1
Long Smart Blazer,Vance Smart Bookshelf,1
Long Vintage Blender,Anderson Modern Speaker,1
Long Vintage Blender,Baker Deluxe Laptop,1
Long Vintage Blender,Burke Eco Wall Clock,1
Long Vintage Blender,Cantrell Compact Organizer,1
Long Vintage Blender,Eaton Ultra Dress,1
Long Vintage Blender,Haynes Essential Speaker,1
Long Vintage Blender,Hood Vintage Wall Clock,1
Long Vintage Blender,Jones Essential Shorts,1
Long Vintage Blender,Lane Compact Cap,1
Long Vintage Blender,Montoya Compact Journal,1
Long Vintage Blender,Moody Compact Socks,1
Long Vintage Blender,Moore Portable Blender,1
Long Vintage Blender,Morgan Premium Sneakers,1
Long Vintage Blender,Newman Premium Webcam,1
Long Vintage Blender,Palmer Classic Router,1
Long Vintage Blender,Powell Portable Dress,1
Long Vintage Blender,Ruiz Vintage Tablet,1
Long Vintage Blender,Scott Vintage Textbook,1
Long Vintage Blender,Smith Compact Dress,1
Long Vintage Blender,Smith Essential Speaker,1
Long Vintage Blender,Smith Portable Speaker,1
Long Vintage Blender,Ward Pro Bedsheet,1
Long Vintage Blender,Williams Smart Atlas,1
Long Vintage Blender,Young Smart Cookbook,1
Love Premium Biography,Cortez Classic Socks,1
Love Premium Biography,Gibson Modern Cap,1
Love Premium Biography,Jacobs Essential Curtains,1
Love Premium Biography,Jones Compact Biography,1
Love Premium Biography,Mitchell Essential Cookware Set,1
Love Premium Biography,Pace Modern Novel,1
Love Premium Biography,Thomas Eco Smartwatch,1
Love Premium Biography,Walker Modern Cookware Set,1
Love Premium Biography,Ward Pro Textbook,1
Luna Portable Hoodie,Arias Modern Shorts,1
Luna Portable Hoodie,Baker Smart Keyboard,1
Luna Portable Hoodie,Cantrell Compact Organizer,1
Luna Portable Hoodie,Edwards Essential Cushion,1
Luna Portable Hoodie,Hansen Premium Monitor,1
Luna Portable Hoodie,Jacobs Essential Curtains,1
Luna Portable Hoodie,Knight Pro Cookbook,1
Luna Portable Hoodie,Lynch Deluxe Sweater,1
Luna Portable Hoodie,Miller Eco Guidebook,1
Luna Portable Hoodie,Moody Compact Socks,1
Luna Portable Hoodie,Olson Classic Power Bank,1
Luna Portable Hoodie,Padilla Premium Bookshelf,1
Luna Portable Hoodie,Perez Premium Biography,1
Luna Portable Hoodie,Saunders Pro Cap,1
Luna Portable Hoodie,Shannon Vintage Keyboard,1
Luna Portable Hoodie,Smith Vintage Cushion,1
Luna Portable Hoodie,Valentine Smart Bookshelf,1
Luna Portable Hoodie,Villanueva Modern Cookware Set,1
Luna Pro Charger,Bowers Ultra Blazer,1
Luna Pro Charger,Conrad Classic Tablet,1
Luna Pro Charger,Cunningham Compact Bedsheet,1
Luna Pro Charger,Gomez Smart Guidebook,1
Luna Pro Charger,Hansen Vintage Textbook,1
Luna Pro Charger,Miller Modern Wall Clock,1
Luna Pro Charger,Mills Smart Router,1
Luna Pro Charger,Scott Deluxe Guidebook,1
Luna Pro Charger,Serrano Essential Organizer,1
Luna Pro Charger,Valentine Smart Bookshelf,1
Lynch Deluxe Sweater,Baker Smart Keyboard,1
Lynch Deluxe Sweater,Charles Deluxe Novel,1
Lynch Deluxe Sweater,Dixon Premium Coffee Maker,1
Lynch Deluxe Sweater,Holmes Eco Atlas,1
Lynch Deluxe Sweater,Huff Portable Cookware Set,1
Lynch Deluxe Sweater,Lee Compact Socks,1
Lynch Deluxe Sweater,Morales Eco Organizer,1
Lynn Ultra T-Shirt,Craig Eco Shorts,1
Lynn Ultra T-Shirt,Dixon Deluxe Cookbook,1
Lynn Ultra T-Shirt,Gonzales Pro Earbuds,1
Lynn Ultra T-Shirt,Guzman Smart Coffee Maker,1
Lynn Ultra T-Shirt,Hammond Pro Sneakers,1
Lynn Ultra T-Shirt,Hernandez Eco Camera,1
Lynn Ultra T-Shirt,Holden Compact Dinner Set,1
Lynn Ultra T-Shirt,Holland Essential Dinner Set,1
Lynn Ultra T-Shirt,Moody Compact Socks,1
Lynn Ultra T-Shirt,Morgan Premium Sneakers,1
Lynn Ultra T-Shirt,Riley Smart Cap,1
Lynn Ultra T-Shirt,Ryan Eco Mouse,1
Lynn Ultra T-Shirt,Schmidt Pro Comic Book,1
Lynn Ultra T-Shirt,Smith Smart Laptop,1
Lynn Ultra T-Shirt,Valdez Essential Sweater,1
Macdonald Classic Atlas,Blankenship Smart Router,1
Macdonald Classic Atlas,Burke Eco Wall Clock,1
Macdonald Classic Atlas,Jackson Ultra Comic Book,1
Macdonald Classic Atlas,Smith Classic Charger,1
Macias Eco Mouse,Garza Pro Jacket,1
Macias Eco Mouse,Goodman Modern Dress,1
Macias Eco Mouse,Miller Classic T-Shirt,1
Macias Eco Mouse,Robinson Eco Novel,1
Macias Eco Mouse,Simmons Deluxe Jacket,1
Macias Eco Mouse,Smith Compact Sneakers,1
Mack Portable Novel,Brooks Premium Novel,1
Mack Portable Novel,Gomez Smart Guidebook,1
Mack Portable Novel,Mcbride Eco Anthology,1
Mack Portable Novel,Padilla Premium Bookshelf,1
Mack Portable Novel,Perez Compact Keyboard,1
Mack Portable Novel,Ramos Premium Anthology,1
Mack Portable Novel,Robinson Eco Novel,1
Mack Portable Novel,Scott Deluxe Guidebook,1
Mack Portable Novel,Webb Deluxe Dinner Set,1
Manning Eco Charger,Craig Eco Shorts,1
Manning Eco Charger,Gordon Ultra Coffee Maker,1
Manning Eco Charger,Hale Vintage Cookbook,1
Manning Eco Charger,Medina Classic Jeans,1
Manning Eco Charger,Mitchell Pro Encyclopedia,1
Manning Eco Charger,Perez Compact Keyboard,1
Mason Classic Blender,Atkins Eco Curtains,1
Mason Classic Blender,Bailey Portable Bedsheet,1
Mason Classic Blender,Hansen Vintage Textbook,1
Mason Classic Blender,Luna Pro Charger,1
Mason Classic Blender,Schmidt Pro Comic Book,1
Mason Classic Blender,Shields Portable Vase,1
Mason Classic Blender,Smith Essential Speaker,1
Mason Classic Blender,Wolfe Ultra Cap,1
Matthews Compact Encyclopedia,Avery Smart Organizer,1
Matthews Compact Encyclopedia,Carlson Vintage Curtains,1
Matthews Compact Encyclopedia,Dixon Deluxe Cookbook,1
Matthews Compact Encyclopedia,George Ultra Coffee Maker,1
Matthews Compact Encyclopedia,Ortiz Eco Cap,1
Matthews Compact Encyclopedia,Ramsey Pro Jacket,1
Matthews Compact Encyclopedia,Ryan Eco Mouse,1
Matthews Compact Encyclopedia,Sanders Portable Dinner Set,1
Matthews Compact Encyclopedia,Smith Compact Dress,1
May Portable Keyboard,Brown Vintage Guidebook,1
May Portable Keyboard,Burke Eco Wall Clock,1
May Portable Keyboard,Craig Eco Shorts,1
May Portable Keyboard,Gutierrez Portable Earbuds,1
May Portable Keyboard,Jefferson Premium Organizer,1
May Portable Keyboard,Jenkins Modern Dinner Set,1
May Portable Keyboard,Jennings Essential T-Shirt,1
May Portable Keyboard,King Smart Camera,1
May Portable Keyboard,Knight Pro Cookbook,1
May Portable Keyboard,Manning Eco Charger,1
May Portable Keyboard,Mills Smart Router,1
May Portable Keyboard,Moore Compact Textbook,1
May Portable Keyboard,Morrow Vintage Vase,1
May Portable Keyboard,Murphy Essential Biography,1
May Portable Keyboard,Olson Classic Power Bank,1
May Portable Keyboard,Ramos Premium Anthology,1
May Portable Keyboard,Rivera Eco Tablet,1
May Portable Keyboard,Schultz Smart Blazer,1
May Portable Keyboard,Smith Compact Dress,1
May Portable Keyboard,Wilson Deluxe Dress,1
May Portable Keyboard,Wilson Deluxe T-Shirt,1
May Portable Keyboard,Wilson Eco Guidebook,1
Maynard Compact Comic Book,Bennett Smart Bookshelf,1
Maynard Compact Comic Book,Haynes Essential Speaker,1
Maynard Compact Comic Book,Hinton Pro Tablet,1
Maynard Compact Comic Book,Hunt Classic Monitor,1
Maynard Compact Comic Book,Nielsen Premium Smartphone,1
Maynard Compact Comic Book,Rodriguez Ultra Hoodie,1
Maynard Compact Comic Book,Smith Compact Dress,1
Maynard Compact Comic Book,Sullivan Vintage T-Shirt,1
Maynard Compact Comic Book,Thomas Eco Bookshelf,1
Mays Portable Comic Book,Bowers Ultra Blazer,1
Mays Portable Comic Book,Cunningham Compact Bedsheet,1
Mays Portable Comic Book,Leon Classic Speaker,1
Mays Portable Comic Book,Mclaughlin Pro Guidebook,1
Mays Portable Comic Book,Morales Eco Organizer,1
Mays Portable Comic Book,Owen Eco Cap,1
Mays Portable Comic Book,Smith Classic Charger,1
Mcbride Eco Anthology,Miller Classic T-Shirt,1
Mcbride Eco Anthology,Robinson Eco Novel,1
Mccarty Vintage Jacket,Nichols Modern Cookware Set,1
Mccarty Vintage Jacket,Robinson Portable Smartwatch,1
Mcclain Eco Biography,Anderson Modern Speaker,1
Mcclain Eco Biography,Cannon Portable Cap,1
Mcclain Eco Biography,Charles Deluxe Novel,1
Mcclain Eco Biography,Coleman Eco Cookbook,1
Mcclain Eco Biography,Greene Ultra T-Shirt,1
Mcclain Eco Biography,Hartman Compact Webcam,1
Mcclain Eco Biography,Leonard Ultra Monitor,1
Mcclain Eco Biography,Mclaughlin Pro Guidebook,1
Mcclain Eco Biography,Rivera Modern Bookshelf,1
Mcclain Eco Biography,Robertson Pro Charger,1
Mcclain Eco Biography,Stuart Classic Charger,1
Mcclain Eco Biography,White Vintage Smartphone,1
Mcclain Eco Biography,Wilson Deluxe Dress,1
Mcintosh Portable Anthology,Arias Modern Shorts,1
Mcintosh Portable Anthology,Baker Smart Keyboard,1
Mcintosh Portable Anthology,Cantrell Compact Organizer,1
Mcintosh Portable Anthology,Edwards Essential Cushion,1
Mcintosh Portable Anthology,George Ultra Coffee Maker,1
Mcintosh Portable Anthology,Goodman Modern Dress,1
Mcintosh Portable Anthology,Gray Smart Dinner Set,1
Mcintosh Portable Anthology,Hall Modern Cookbook,1
Mcintosh Portable Anthology,Hansen Premium Monitor,1
Mcintosh Portable Anthology,Harmon Deluxe Vase,1
Mcintosh Portable Anthology,Holmes Eco Atlas,1
Mcintosh Portable Anthology,Knight Pro Cookbook,1
Mcintosh Portable Anthology,Leonard Ultra Monitor,1
Mcintosh Portable Anthology,Mack Portable Novel,1
Mcintosh Portable Anthology,Mclaughlin Pro Guidebook,1
Mcintosh Portable Anthology,Miller Eco Guidebook,1
Mcintosh Portable Anthology,Moore Deluxe Biography,1
Mcintosh Portable Anthology,Obrien Premium Speaker,1
Mcintosh Portable Anthology,Olson Classic Power Bank,1
Mcintosh Portable Anthology,Olson Compact Blender,1
Mcintosh Portable Anthology,Padilla Premium Bookshelf,1
Mcintosh Portable Anthology,Perez Premium Biography,1
Mcintosh Portable Anthology,Powers Pro Comic Book,1
Mcintosh Portable Anthology,Rodriguez Vintage Smartwatch,1
Mcintosh Portable Anthology,Scott Ultra Cookware Set,1
Mcintosh Portable Anthology,Serrano Essential Organizer,1
Mcintosh Portable Anthology,Sims Ultra Earbuds,1
Mcintosh Portable Anthology,Smith Essential Organizer,1
Mcintosh Portable Anthology,Smith Vintage Cushion,1
Mcintosh Portable Anthology,Thomas Eco Comic Book,1
Mcintosh Portable Anthology,Valentine Smart Bookshelf,1
Mcintosh Portable Anthology,Vincent Eco Smartwatch,1
Mcintosh Portable Anthology,Wilson Deluxe T-Shirt,1
Medina Classic Jeans,Charles Deluxe Novel,1
Medina Classic Jeans,Conley Smart Blender,1
Medina Classic Jeans,Ramos Premium Anthology,1
Medina Classic Jeans,Wright Vintage Cookbook,1
Mendez Pro Bedsheet,Bowers Ultra Blazer,1
Mendez Pro Bedsheet,Cantrell Compact Organizer,1
Mendez Pro Bedsheet,Robinson Portable Smartwatch,1
Mendez Pro Bedsheet,Sosa Deluxe Sneakers,1
Mendez Pro Bedsheet,Young Modern Headphones,1
Mendoza Ultra Coffee Maker,Ayala Premium Journal,1
Mendoza Ultra Coffee Maker,Hanson Compact Vase,1
Mendoza Ultra Coffee Maker,Mack Portable Novel,1
Mendoza Ultra Coffee Maker,Olson Deluxe Laptop,1
Meyer Eco Laptop,Calhoun Vintage Curtains,1
Meyer Eco Laptop,Dixon Premium Coffee Maker,1
Meyer Eco Laptop,Holmes Eco Atlas,1
Meyer Eco Laptop,Lynch Deluxe Sweater,1
Meyer Vintage Smartwatch,Bernard Modern Router,1
Meyer Vintage Smartwatch,Blackwell Portable Scarf,1
Meyer Vintage Smartwatch,Burke Eco Wall Clock,1
Meyer Vintage Smartwatch,Edwards Smart Cookbook,1
Meyer Vintage Smartwatch,Jefferson Premium Organizer,1
Meyer Vintage Smartwatch,Juarez Ultra Cap,1
Meyer Vintage Smartwatch,Moore Portable Blender,1
Meyer Vintage Smartwatch,Morales Eco Organizer,1
Meyer Vintage Smartwatch,Morrow Vintage Vase,1
Meyer Vintage Smartwatch,Phillips Vintage Jacket,1
Meyer Vintage Smartwatch,Rich Smart Textbook,1
Meyer Vintage Smartwatch,Rivera Ultra Organizer,1
Meyer Vintage Smartwatch,Sellers Compact Cap,1
Meyer Vintage Smartwatch,Snyder Smart Camera,1
Meyer Vintage Smartwatch,Wright Vintage Cookbook,1
Meyer Vintage Smartwatch,Young Modern Headphones,1
Miller Compact Earbuds,Anderson Modern Scarf,1
Miller Compact Earbuds,Arias Modern Shorts,1
Miller Compact Earbuds,Baxter Compact Laptop,1
Miller Compact Earbuds,Goodwin Portable Organizer,1
Miller Compact Earbuds,Graham Essential Wall Clock,1
Miller Compact Earbuds,Haynes Classic Webcam,1
Miller Compact Earbuds,Huff Portable Cookware Set,1
Miller Compact Earbuds,Jones Smart Shorts,1
Miller Compact Earbuds,Maynard Compact Comic Book,1
Miller Compact Earbuds,Nielsen Premium Smartphone,1
Miller Compact Earbuds,Padilla Premium Bookshelf,1
Miller Compact Earbuds,Parks Portable Anthology,1
Miller Compact Earbuds,Reynolds Essential Novel,1
Miller Compact Earbuds,Rich Smart Textbook,1
Miller Compact Earbuds,Robertson Pro Charger,1
Miller Compact Earbuds,Robinson Classic Sneakers,1
Miller Compact Earbuds,Robinson Eco Curtains,1
Miller Compact Earbuds,Rodriguez Ultra Hoodie,1
Miller Compact Earbuds,Rodriguez Vintage Smartwatch,1
Miller Compact Earbuds,Saunders Pro Cap,1
Miller Compact Earbuds,Serrano Compact Dress,1
Miller Compact Earbuds,Sims Ultra Earbuds,1
Miller Compact Earbuds,Smith Classic Charger,1
Miller Compact Earbuds,Smith Essential Organizer,1
Miller Compact Earbuds,Sullivan Vintage T-Shirt,1
Miller Compact Earbuds,Vasquez Ultra Tablet,1
Miller Compact Earbuds,Wright Vintage Cookbook,1
Miller Compact Earbuds,Young Eco Curtains,1
Miller Eco Guidebook,Arias Modern Shorts,1
Miller Eco Guidebook,Bowers Ultra Blazer,1
Miller Eco Guidebook,Cantrell Compact Organizer,1
Miller Eco Guidebook,Dixon Deluxe Cookbook,1
Miller Eco Guidebook,Gregory Classic Novel,1
Miller Eco Guidebook,Hall Pro T-Shirt,1
Miller Eco Guidebook,Mendez Pro Bedsheet,1
Miller Eco Guidebook,Scott Ultra Cookware Set,1
Miller Eco Guidebook,Valentine Smart Bookshelf,1
Miller Modern Wall Clock,Carr Ultra Textbook,1
Miller Modern Wall Clock,Hill Smart Mouse,1
Miller Modern Wall Clock,Mitchell Pro Encyclopedia,1
Miller Modern Wall Clock,Ramsey Pro Jacket,1
Miller Modern Wall Clock,Rubio Modern Textbook,1
Miller Modern Wall Clock,Schroeder Smart Earbuds,1
Miller Premium Textbook,Anderson Classic Laptop,1
Miller Premium Textbook,Avery Smart Organizer,1
Miller Premium Textbook,Davis Premium Wall Clock,1
Miller Premium Textbook,Eaton Ultra Dress,1
Miller Premium Textbook,Edwards Essential Cushion,1
Miller Premium Textbook,Mitchell Pro Encyclopedia,1
Miller Premium Textbook,Moore Compact Textbook,1
Miller Premium Textbook,Olson Classic Power Bank,1
Miller Premium Textbook,Robertson Pro Charger,1
Miller Premium Textbook,Robinson Portable Smartwatch,1
Miller Premium Textbook,Ruiz Vintage Tablet,1
Miller Premium Textbook,Wilson Premium Sweater,1
Miller Premium Textbook,Winters Premium Smartphone,1
Miller Vintage Dinner Set,Baker Deluxe Laptop,1
Miller Vintage Dinner Set,Bennett Smart Bookshelf,1
Miller Vintage Dinner Set,Craig Eco Shorts,1
Miller Vintage Dinner Set,Gordon Ultra Coffee Maker,1
Miller Vintage Dinner Set,Guzman Smart Coffee Maker,1
Miller Vintage Dinner Set,Lee Smart Tablet,1
Miller Vintage Dinner Set,Nichols Modern Cookware Set,1
Miller Vintage Dinner Set,Ross Modern Bookshelf,1
Miller Vintage Smartwatch,Hunter Compact Anthology,1
Miller Vintage Smartwatch,Lee Ultra Hoodie,1
Miller Vintage Smartwatch,Olson Compact Blender,1
Miller Vintage Smartwatch,Ramos Premium Anthology,1
Miller Vintage Smartwatch,Robinson Portable Smartwatch,1
Miller Vintage Smartwatch,Scott Ultra Cookware Set,1
Mills Compact Monitor,Huff Portable Cookware Set,1
Mills Compact Monitor,Lynch Deluxe Sweater,1
Mills Compact Monitor,Mitchell Pro Encyclopedia,1
Mills Smart Router,Ballard Classic Router,1
Mills Smart Router,Conrad Classic Tablet,1
Mills Smart Router,Edwards Essential Cushion,1
Mills Smart Router,Goodwin Portable Organizer,1
Mills Smart Router,Mosley Compact Monitor,1
Mills Smart Router,Olson Deluxe Laptop,1
Mills Smart Router,Padilla Premium Bookshelf,1
Mills Smart Router,Ross Compact Hoodie,1
Mills Smart Router,Ross Modern Bookshelf,1
Mills Smart Router,Velez Premium Novel,1
Mills Smart Router,Vincent Compact Biography,1
Mills Smart Router,Wilson Deluxe Dress,1
Mitchell Pro Encyclopedia,Conley Smart Blender,1
Mitchell Pro Encyclopedia,Hale Vintage Cookbook,1
Mitchell Pro Encyclopedia,Hansen Premium Monitor,1
Mitchell Pro Encyclopedia,Mclaughlin Pro Guidebook,1
Mitchell Pro Encyclopedia,Medina Classic Jeans,1
Mitchell Pro Encyclopedia,Thompson Essential Curtains,1
Mitchell Vintage Mouse,Dixon Deluxe Cookbook,1
Mitchell Vintage Mouse,Green Deluxe Anthology,1
Mitchell Vintage Mouse,Hansen Premium Scarf,1
Mitchell Vintage Mouse,Hardin Pro Cookbook,1
Mitchell Vintage Mouse,Richards Compact Cookware Set,1
Mitchell Vintage Mouse,Schmidt Pro Comic Book,1
Mitchell Vintage Mouse,Smith Eco Blazer,1
Mitchell Vintage Mouse,Webb Compact Cap,1
Mitchell Vintage Mouse,Welch Premium Dinner Set,1
Montgomery Pro Bedsheet,Aguilar Pro Scarf,1
Montgomery Pro Bedsheet,Bailey Portable Bedsheet,1
Montgomery Pro Bedsheet,Ballard Classic Router,1
Montgomery Pro Bedsheet,Benjamin Vintage Curtains,1
Montgomery Pro Bedsheet,Bonilla Smart Sneakers,1
Montgomery Pro Bedsheet,Cohen Vintage Textbook,1
Montgomery Pro Bedsheet,Davis Premium Wall Clock,1
Montgomery Pro Bedsheet,Dunn Vintage Sweater,1
Montgomery Pro Bedsheet,Fernandez Eco Guidebook,1
Montgomery Pro Bedsheet,Goodwin Portable Organizer,1
Montgomery Pro Bedsheet,Greene Ultra T-Shirt,1
Montgomery Pro Bedsheet,Gross Deluxe Cap,1
Montgomery Pro Bedsheet,Guzman Smart Coffee Maker,1
Montgomery Pro Bedsheet,Hansen Vintage Textbook,1
Montgomery Pro Bedsheet,Hess Portable Lamp,1
Montgomery Pro Bedsheet,Hunt Classic Monitor,1
Montgomery Pro Bedsheet,Jennings Essential T-Shirt,1
Montgomery Pro Bedsheet,Jones Compact Bedsheet,1
Montgomery Pro Bedsheet,Kelly Classic Vase,1
Montgomery Pro Bedsheet,Lambert Smart Charger,1
Montgomery Pro Bedsheet,Miller Eco Guidebook,1
Montgomery Pro Bedsheet,Moore Compact Textbook,1
Montgomery Pro Bedsheet,Olson Deluxe Laptop,1
Montgomery Pro Bedsheet,Owen Eco Cap,1
Montgomery Pro Bedsheet,Ross Modern Bookshelf,1
Montgomery Pro Bedsheet,Ryan Eco Mouse,1
Montgomery Pro Bedsheet,Scott Deluxe Guidebook,1
Montgomery Pro Bedsheet,Scott Vintage Textbook,1
Montgomery Pro Bedsheet,Sellers Compact Cap,1
Montgomery Pro Bedsheet,Shaw Compact Hoodie,1
Montgomery Pro Bedsheet,Snyder Smart Camera,1
Montgomery Pro Bedsheet,Thomas Eco Bookshelf,1
Montgomery Pro Bedsheet,Ward Pro Textbook,1
Montgomery Pro Bedsheet,Young Smart Cookbook,1
Montoya Compact Journal,Aguilar Pro Scarf,1
Montoya Compact Journal,Cannon Portable Cap,1
Montoya Compact Journal,Cantrell Compact Organizer,1
Montoya Compact Journal,Davis Premium Wall Clock,1
Montoya Compact Journal,Guerrero Pro Headphones,1
Montoya Compact Journal,Hale Vintage Cookbook,1
Montoya Compact Journal,Maldonado Portable T-Shirt,1
Montoya Compact Journal,Mitchell Essential Cookware Set,1
Montoya Compact Journal,Obrien Premium Speaker,1
Montoya Compact Journal,Olson Compact Blender,1
Montoya Compact Journal,Schmidt Pro Comic Book,1
Montoya Compact Journal,Velez Premium Novel,1
Montoya Vintage Biography,Bowers Ultra Blazer,1
Montoya Vintage Biography,Dunn Pro Coffee Maker,1
Montoya Vintage Biography,Garcia Classic Comic Book,1
Montoya Vintage Biography,Goodwin Portable Organizer,1
Montoya Vintage Biography,Gray Smart Dinner Set,1
Montoya Vintage Biography,Huff Portable Cookware Set,1
Montoya Vintage Biography,King Deluxe Smartphone,1
Montoya Vintage Biography,King Smart Camera,1
Montoya Vintage Biography,Luna Pro Charger,1
Montoya Vintage Biography,Obrien Portable Webcam,1
Montoya Vintage Biography,Sanchez Deluxe Power Bank,1
Montoya Vintage Biography,Stewart Modern Novel,1
Montoya Vintage Biography,Stuart Classic Charger,1
Montoya Vintage Biography,Sullivan Classic Curtains,1
Montoya Vintage Biography,Thomas Eco Comic Book,1
Montoya Vintage Biography,Williams Pro Wall Clock,1
Montoya Vintage Biography,Williams Smart Atlas,1
Moody Compact Socks,Calhoun Vintage Curtains,1
Moody Compact Socks,Garcia Classic Comic Book,1
Moody Compact Socks,Logan Portable Biography,1
Moody Compact Socks,Ryan Eco Mouse,1
Moody Compact Socks,Schroeder Smart Earbuds,1
Moody Compact Socks,Scott Modern Bedsheet,1
Moody Compact Socks,Scott Vintage Textbook,1
Moody Compact Socks,Stephens Compact Comic Book,1
Moody Compact Socks,Walsh Eco Jeans,1
Moody Compact Socks,White Vintage Smartphone,1
Moore Compact Textbook,Aguilar Pro Scarf,1
Moore Compact Textbook,Bell Modern Guidebook,1
Moore Compact Textbook,Carlson Vintage Curtains,1
Moore Compact Textbook,Garza Pro Jacket,1
Moore Compact Textbook,Knight Pro Cookbook,1
Moore Compact Textbook,Lee Compact Socks,1
Moore Compact Textbook,Nielsen Eco Journal,1
Moore Compact Textbook,Padilla Premium Bookshelf,1
Moore Compact Textbook,Perez Premium Biography,1
Moore Compact Textbook,Richards Compact Cookware Set,1
Moore Compact Textbook,Robinson Portable Smartwatch,1
Moore Compact Textbook,Scott Deluxe Guidebook,1
Moore Compact Textbook,Velez Premium Novel,1
Moore Compact Textbook,Ward Pro Bedsheet,1
Moore Compact Textbook,White Vintage Smartphone,1
Moore Compact Textbook,Winters Premium Smartphone,1
Moore Deluxe Biography,Avery Smart Organizer,1
Moore Deluxe Biography,Baker Smart Keyboard,1
Moore Deluxe Biography,Bennett Smart Bookshelf,1
Moore Deluxe Biography,Bowers Ultra Blazer,1
Moore Deluxe Biography,Fields Premium Wall Clock,1
Moore Deluxe Biography,Figueroa Portable Coffee Maker,1
Moore Deluxe Biography,George Ultra Coffee Maker,1
Moore Deluxe Biography,Gibson Modern Cap,1
Moore Deluxe Biography,Johnston Modern Cushion,1
Moore Deluxe Biography,Lee Compact Socks,1
Moore Deluxe Biography,Luna Pro Charger,1
Moore Deluxe Biography,Ramos Premium Anthology,1
Moore Deluxe Biography,Smith Portable Speaker,1
Moore Deluxe Biography,Steele Pro Webcam,1
Moore Deluxe Biography,Sullivan Vintage T-Shirt,1
Moore Deluxe Biography,Valentine Smart Bookshelf,1
Moore Portable Blender,Bell Modern Guidebook,1
Moore Portable Blender,Dunn Vintage Sweater,1
Moore Portable Blender,Golden Essential Jeans,1
Moore Portable Blender,Gordon Ultra Coffee Maker,1
Moore Portable Blender,Herrera Classic Charger,1
Moore Portable Blender,Manning Eco Charger,1
Moore Portable Blender,Reese Vintage Headphones,1
Moore Portable Blender,Ross Modern Bookshelf,1
Moore Portable Blender,Ruiz Vintage Tablet,1
Moore Portable Blender,Smith Classic Charger,1
Moore Portable Blender,Ward Pro Bedsheet,1
Moore Portable Headphones,Ayala Ultra T-Shirt,1
Moore Portable Headphones,Bailey Portable Bedsheet,1
Moore Portable Headphones,Barber Premium Scarf,1
Moore Portable Headphones,Campbell Pro Journal,1
Moore Portable Headphones,Davidson Compact Coffee Maker,1
Moore Portable Headphones,Edwards Smart Cookbook,1
Moore Portable Headphones,Fernandez Eco Guidebook,1
Moore Portable Headphones,Gordon Ultra Coffee Maker,1
Moore Portable Headphones,Hall Modern Cookbook,1
Moore Portable Headphones,Hicks Ultra Anthology,1
Moore Portable Headphones,Hinton Pro Tablet,1
Moore Portable Headphones,Jackson Classic Jeans,1
Moore Portable Headphones,Jackson Eco Textbook,1
Moore Portable Headphones,Jensen Modern Router,1
Moore Portable Headphones,Johnson Compact Cookbook,1
Moore Portable Headphones,Johnson Premium Webcam,1
Moore Portable Headphones,Mendez Pro Bedsheet,1
Moore Portable Headphones,Miller Compact Earbuds,1
Moore Portable Headphones,Olson Classic Power Bank,1
Moore Portable Headphones,Padilla Premium Bookshelf,1
Moore Portable Headphones,Price Portable Novel,1
Moore Portable Headphones,Reese Smart Cookbook,1
Moore Portable Headphones,Rich Smart Textbook,1
Moore Portable Headphones,Richards Compact Cookware Set,1
Moore Portable Headphones,Robertson Deluxe Textbook,1
Moore Portable Headphones,Robertson Pro Charger,1
Moore Portable Headphones,Robinson Classic Sneakers,1
Moore Portable Headphones,Rodriguez Ultra Hoodie,1
Moore Portable Headphones,Sanchez Deluxe Power Bank,1
Moore Portable Headphones,Snyder Smart Camera,1
Moore Portable Headphones,Soto Deluxe Power Bank,1
Moore Portable Headphones,Stewart Deluxe Scarf,1
Moore Portable Headphones,Swanson Premium Blazer,1
Moore Portable Headphones,Young Modern Headphones,1
Morales Eco Organizer,Bailey Portable Bedsheet,1
Morales Eco Organizer,Gordon Ultra Coffee Maker,1
Morales Eco Organizer,Hale Vintage Cookbook,1
Morales Eco Organizer,Holmes Eco Atlas,1
Morales Eco Organizer,Powell Portable Dress,1
Morgan Vintage Hoodie,Mosley Compact Monitor,1
Morgan Vintage Hoodie,White Vintage Smartphone,1
Morrow Vintage Vase,Gomez Smart Guidebook,1
Morrow Vintage Vase,Haynes Classic Webcam,1
Morrow Vintage Vase,Leon Classic Speaker,1
Morrow Vintage Vase,Mclaughlin Pro Guidebook,1
Morrow Vintage Vase,Mitchell Essential Cookware Set,1
Morrow Vintage Vase,Scott Ultra Cookware Set,1
Morrow Vintage Vase,Watson Eco Sneakers,1
Mosley Compact Monitor,Edwards Essential Cushion,1
Mosley Compact Monitor,Ross Modern Bookshelf,1
Mosley Compact Monitor,Scott Ultra Cookware Set,1
Murphy Essential Biography,Allen Eco Novel,1
Murphy Essential Biography,Charles Deluxe Novel,1
Murphy Essential Biography,Eaton Ultra Dress,1
Murphy Essential Biography,Edwards Essential Cushion,1
Murphy Essential Biography,Mays Portable Comic Book,1
Murphy Essential Biography,Miller Premium Textbook,1
Murphy Essential Biography,Morales Eco Organizer,1
Murphy Essential Biography,Rivera Eco Tablet,1
Murphy Essential Biography,Schultz Smart Blazer,1
Murphy Essential Biography,Sosa Deluxe Sneakers,1
Murphy Essential Biography,Vance Smart Bookshelf,1
Newman Premium Webcam,Brennan Smart Encyclopedia,1
Newman Premium Webcam,Davis Premium Wall Clock,1
Newman Premium Webcam,Haynes Classic Webcam,1
Newman Premium Webcam,Herrera Classic Charger,1
Newman Premium Webcam,Lynn Ultra T-Shirt,1
Newman Premium Webcam,Moore Portable Blender,1
Newman Premium Webcam,Ruiz Vintage Tablet,1
Newman Premium Webcam,Scott Vintage Textbook,1
Newman Premium Webcam,Smith Portable Speaker,1
Newman Premium Webcam,Ward Pro Bedsheet,1
Nichols Modern Cookware Set,Ross Modern Bookshelf,1
Nicholson Smart Anthology,Arnold Modern Biography,1
Nicholson Smart Anthology,Calhoun Vintage Curtains,1
Nicholson Smart Anthology,Conrad Classic Tablet,1
Nicholson Smart Anthology,Haynes Classic Webcam,1
Nicholson Smart Anthology,Holmes Eco Atlas,1
Nicholson Smart Anthology,Mosley Compact Monitor,1
Nicholson Smart Anthology,Pace Modern Novel,1
Nicholson Smart Anthology,Ruiz Vintage Tablet,1
Nicholson Smart Anthology,Stuart Classic Charger,1
Nicholson Smart Anthology,Thomas Eco Bookshelf,1
Nielsen Eco Journal,Arias Modern Shorts,1
Nielsen Eco Journal,Ayala Premium Journal,1
Nielsen Eco Journal,Gilbert Portable Jacket,1
Nielsen Eco Journal,Gregory Classic Novel,1
Nielsen Eco Journal,Lynch Deluxe Sweater,1
Nielsen Eco Journal,Mack Portable Novel,1
Nielsen Premium Smartphone,Douglas Vintage Journal,1
Nielsen Premium Smartphone,Palmer Classic Router,1
Nielsen Premium Smartphone,Pena Portable Camera,1
Nielsen Premium Smartphone,Rodriguez Ultra Hoodie,1
Obrien Portable Webcam,Aguilar Ultra Hoodie,1
Obrien Portable Webcam,Armstrong Deluxe Bookshelf,1
Obrien Portable Webcam,Clark Modern Jeans,1
Obrien Portable Webcam,Holden Compact Dinner Set,1
Obrien Portable Webcam,Hopkins Essential Camera,1
Obrien Portable Webcam,Huff Portable Cookware Set,1
Obrien Portable Webcam,Jenkins Modern Scarf,1
Obrien Portable Webcam,Johns Portable Textbook,1
Obrien Portable Webcam,Morgan Vintage Hoodie,1
Obrien Portable Webcam,Murphy Essential Biography,1
Obrien Portable Webcam,Nielsen Eco Journal,1
Obrien Portable Webcam,Ross Compact Hoodie,1
Obrien Portable Webcam,Thomas Eco Comic Book,1
Obrien Portable Webcam,Vincent Compact Biography,1
Obrien Premium Speaker,Brock Deluxe Mouse,1
Obrien Premium Speaker,Garcia Pro Cookware Set,1
Obrien Premium Speaker,Hanson Compact Vase,1
Obrien Premium Speaker,Hopkins Essential Blazer,1
Obrien Premium Speaker,Lee Ultra Hoodie,1
Obrien Premium Speaker,Maldonado Portable T-Shirt,1
Obrien Premium Speaker,Mitchell Essential Cookware Set,1
Obrien Premium Speaker,Olson Classic Power Bank,1
Obrien Premium Speaker,Palmer Classic Router,1
Obrien Premium Speaker,Spencer Essential Comic Book,1
Obrien Premium Speaker,Vasquez Ultra Tablet,1
Ochoa Premium Mouse,Robinson Portable Smartwatch,1
Ochoa Premium Mouse,Wright Vintage Cookbook,1
Olson Classic Power Bank,Cantrell Compact Organizer,1
Olson Classic Power Bank,Hansen Premium Monitor,1
Olson Classic Power Bank,Mclaughlin Pro Guidebook,1
Olson Classic Power Bank,Morrow Vintage Vase,1
Olson Classic Power Bank,Padilla Premium Bookshelf,1
Olson Classic Power Bank,Perez Premium Biography,1
Olson Classic Power Bank,Reyes Essential Monitor,1
Olson Classic Power Bank,Smith Compact Dress,1
Olson Compact Blender,Baker Ultra Encyclopedia,1
Olson Compact Blender,Edwards Essential Cushion,1
Olson Compact Blender,Reyes Essential Monitor,1
Olson Compact Blender,Robinson Portable Smartwatch,1
Olson Compact Blender,Rubio Modern Textbook,1
Olson Compact Blender,Spencer Essential Comic Book,1
Olson Compact Blender,Vincent Compact Biography,1
Olson Deluxe Laptop,Ballard Classic Router,1
Olson Deluxe Laptop,Haynes Essential Speaker,1
Ortiz Eco Cap,Barber Premium Scarf,1
Ortiz Eco Cap,Carr Ultra Textbook,1
Ortiz Eco Cap,Hansen Premium Monitor,1
Ortiz Eco Cap,Mitchell Pro Encyclopedia,1
Ortiz Eco Cap,Olson Compact Blender,1
Ortiz Eco Cap,Powell Portable Dress,1
Ortiz Eco Cap,Price Portable Novel,1
Ortiz Eco Cap,Reyes Essential Monitor,1
Ortiz Eco Cap,Sanders Portable Dinner Set,1
Ortiz Eco Cap,Wilson Deluxe Dress,1
Owen Eco Cap,Calhoun Vintage Curtains,1
Owen Eco Cap,Cantrell Compact Organizer,1
Owen Eco Cap,Craig Eco Shorts,1
Owen Eco Cap,Davis Premium Wall Clock,1
Owen Eco Cap,Dunn Vintage Sweater,1
Owen Eco Cap,Morgan Premium Sneakers,1
Owen Eco Cap,Scott Ultra Cookware Set,1
Owen Eco Cap,Watson Eco Sneakers,1
Pace Modern Novel,Calhoun Vintage Curtains,1
Pace Modern Novel,Carr Ultra Textbook,1
Pace Modern Novel,Gomez Smart Guidebook,1
Pace Modern Novel,Harris Compact Tablet,1
Pace Modern Novel,Mills Compact Monitor,1
Pace Modern Novel,Morrow Vintage Vase,1
Pace Modern Novel,Smith Ultra Atlas,1
Padilla Premium Bookshelf,Hansen Premium Monitor,1
Padilla Premium Bookshelf,Palmer Classic Router,1
Padilla Premium Bookshelf,Perez Compact Keyboard,1
Padilla Premium Bookshelf,Perez Premium Biography,1
Palmer Classic Router,Baker Smart Keyboard,1
Palmer Classic Router,Mosley Compact Monitor,1
Parks Portable Anthology,Brown Deluxe Coffee Maker,1
Parks Portable Anthology,Burke Eco Wall Clock,1
Parks Portable Anthology,Calhoun Vintage Curtains,1
Parks Portable Anthology,Conrad Classic Tablet,1
Parks Portable Anthology,Davis Portable Textbook,1
Parks Portable Anthology,Eaton Classic Wall Clock,1
Parks Portable Anthology,Edwards Smart Cookbook,1
Parks Portable Anthology,George Ultra Coffee Maker,1
Parks Portable Anthology,Gilbert Portable Jacket,1
Parks Portable Anthology,Haynes Essential Speaker,1
Parks Portable Anthology,Hinton Pro Tablet,1
Parks Portable Anthology,Johnson Deluxe Charger,1
Parks Portable Anthology,Nicholson Smart Anthology,1
Parks Portable Anthology,Shields Portable Vase,1
Parks Portable Anthology,Smith Essential Organizer,1
Parks Portable Anthology,Thomas Ultra Bedsheet,1
Parks Portable Anthology,Thompson Essential Curtains,1
Parks Portable Anthology,Valentine Smart Bookshelf,1
Parks Portable Anthology,Wilson Deluxe T-Shirt,1
Parks Portable Anthology,Young Eco Curtains,1
Patterson Compact Cookware Set,Douglas Vintage Journal,1
Pearson Ultra Bedsheet,Calhoun Vintage Curtains,1
Pearson Ultra Bedsheet,Figueroa Portable Coffee Maker,1
Pearson Ultra Bedsheet,Golden Essential Jeans,1
Pearson Ultra Bedsheet,Herrera Classic Charger,1
Pearson Ultra Bedsheet,Holland Essential Dinner Set,1
Pearson Ultra Bedsheet,Jackson Classic Jeans,1
Pearson Ultra Bedsheet,Jackson Ultra Comic Book,1
Pearson Ultra Bedsheet,Johnson Eco Earbuds,1
Pearson Ultra Bedsheet,Newman Premium Webcam,1
Pearson Ultra Bedsheet,Palmer Classic Router,1
Pearson Ultra Bedsheet,Parks Portable Anthology,1
Pearson Ultra Bedsheet,Peterson Eco Sneakers,1
Pearson Ultra Bedsheet,Romero Ultra Biography,1
Pearson Ultra Bedsheet,Smith Compact Dress,1
Pearson Ultra Bedsheet,Tucker Modern Blender,1
Pearson Ultra Bedsheet,Velez Premium Novel,1
Pearson Ultra Bedsheet,Wilson Eco Guidebook,1
Pena Portable Camera,Baker Ultra Encyclopedia,1
Pena Portable Camera,Charles Deluxe Novel,1
Pena Portable Camera,Dunn Vintage Sweater,1
Pena Portable Camera,Palmer Classic Router,1
Perez Compact Keyboard,Berry Smart Router,1
Perez Compact Keyboard,Hansen Premium Scarf,1
Perez Compact Keyboard,Reese Vintage Headphones,1
Perez Compact Keyboard,Scott Ultra Cookware Set,1
Perry Deluxe Hoodie,Morgan Premium Sneakers,1
Perry Deluxe Hoodie,Olson Compact Blender,1
Perry Deluxe Hoodie,Reynolds Essential Novel,1
Perry Deluxe Hoodie,Stephens Compact Comic Book,1
Perry Deluxe Hoodie,Stewart Modern Novel,1
Perry Deluxe Hoodie,Thomas Eco Bookshelf,1
Perry Deluxe Hoodie,Webb Compact Cap,1
Perry Deluxe Hoodie,White Portable Hoodie,1
Peterson Eco Sneakers,White Vintage Smartphone,1
Phillips Compact Coffee Maker,Atkinson Ultra Jacket,1
Phillips Compact Coffee Maker,Blankenship Smart Router,1
Phillips Compact Coffee Maker,Carr Ultra Textbook,1
Phillips Compact Coffee Maker,Dixon Premium Coffee Maker,1
Phillips Compact Coffee Maker,Gonzalez Eco Biography,1
Phillips Compact Coffee Maker,Gutierrez Portable Earbuds,1
Phillips Compact Coffee Maker,Hampton Classic Encyclopedia,1
Phillips Compact Coffee Maker,Hernandez Portable Headphones,1
Phillips Compact Coffee Maker,Jackson Ultra Comic Book,1
Phillips Compact Coffee Maker,Jennings Vintage Cap,1
Phillips Compact Coffee Maker,Johnson Premium Webcam,1
Phillips Compact Coffee Maker,King Eco Textbook,1
Phillips Compact Coffee Maker,Leon Classic Speaker,1
Phillips Compact Coffee Maker,Logan Portable Biography,1
Phillips Compact Coffee Maker,Macdonald Classic Atlas,1
Phillips Compact Coffee Maker,Morrow Vintage Vase,1
Phillips Compact Coffee Maker,Robinson Portable Smartwatch,1
Phillips Compact Coffee Maker,Scott Ultra Cookware Set,1
Phillips Compact Coffee Maker,Smith Classic Charger,1
Phillips Compact Coffee Maker,Sullivan Deluxe Dress,1
Phillips Compact Coffee Maker,Williams Pro Wall Clock,1
Phillips Vintage Jacket,Aguirre Compact Power Bank,1
Phillips Vintage Jacket,Baxter Compact Laptop,1
Phillips Vintage Jacket,Bernard Modern Router,1
Phillips Vintage Jacket,Braun Eco Dress,1
Phillips Vintage Jacket,Eaton Ultra Dress,1
Phillips Vintage Jacket,Edwards Smart Cookbook,1
Phillips Vintage Jacket,Herrera Classic Charger,1
Phillips Vintage Jacket,Holmes Pro Vase,1
Phillips Vintage Jacket,Hood Vintage Wall Clock,1
Phillips Vintage Jacket,Hughes Essential Curtains,1
Phillips Vintage Jacket,Long Vintage Blender,1
Phillips Vintage Jacket,Miller Vintage Smartwatch,1
Phillips Vintage Jacket,Moore Portable Blender,1
Phillips Vintage Jacket,Morgan Premium Sneakers,1
Phillips Vintage Jacket,Morrow Vintage Vase,1
Phillips Vintage Jacket,Murphy Essential Biography,1
Phillips Vintage Jacket,Owen Eco Cap,1
Phillips Vintage Jacket,Palmer Classic Router,1
Phillips Vintage Jacket,Sosa Deluxe Sneakers,1
Phillips Vintage Jacket,Sullivan Classic Novel,1
Phillips Vintage Jacket,York Compact Cushion,1
Pierce Pro Journal,Barber Premium Scarf,1
Pierce Pro Journal,Cox Vintage Router,1
Pierce Pro Journal,Craig Eco Shorts,1
Pierce Pro Journal,Dixon Deluxe Cookbook,1
Pierce Pro Journal,Gray Deluxe Hoodie,1
Pierce Pro Journal,Harris Ultra Sweater,1
Pierce Pro Journal,Holmes Eco Atlas,1
Pierce Pro Journal,Kaufman Essential Comic Book,1
Pierce Pro Journal,Lambert Smart Charger,1
Pierce Pro Journal,Ochoa Premium Mouse,1
Pierce Pro Journal,Owen Eco Cap,1
Pierce Pro Journal,Price Portable Novel,1
Pierce Pro Journal,Ramsey Vintage Cushion,1
Pierce Pro Journal,Robinson Vintage Earbuds,1
Pierce Pro Journal,Smith Classic Charger,1
Pierce Pro Journal,Sullivan Deluxe Dress,1
Pierce Pro Journal,Vance Essential Headphones,1
Pierce Pro Journal,Williams Premium Mouse,1
Pierce Pro Journal,Wolfe Ultra Cap,1
Poole Pro Power Bank,Brock Deluxe Mouse,1
Poole Pro Power Bank,Brooks Premium Novel,1
Poole Pro Power Bank,Golden Essential Jeans,1
Poole Pro Power Bank,Gonzales Pro Earbuds,1
Poole Pro Power Bank,Lee Compact Socks,1
Poole Pro Power Bank,Lewis Eco Vase,1
Poole Pro Power Bank,Lynn Ultra T-Shirt,1
Poole Pro Power Bank,Miller Modern Wall Clock,1
Poole Pro Power Bank,Mills Compact Monitor,1
Poole Pro Power Bank,Montoya Compact Journal,1
Poole Pro Power Bank,Ramsey Pro Jacket,1
Poole Pro Power Bank,Reed Classic Textbook,1
Poole Pro Power Bank,Robles Vintage Dinner Set,1
Poole Pro Power Bank,Roth Premium T-Shirt,1
Poole Pro Power Bank,Sanford Pro Monitor,1
Poole Pro Power Bank,Scott Vintage Textbook,1
Poole Pro Power Bank,Sims Ultra Earbuds,1
Poole Pro Power Bank,Smith Eco Blazer,1
Poole Pro Power Bank,Swanson Premium Blazer,1
Poole Pro Power Bank,Valentine Smart Bookshelf,1
Poole Pro Power Bank,Velez Premium Novel,1
Poole Pro Power Bank,Williams Essential Journal,1
Potter Deluxe Cookbook,Barber Premium Scarf,1
Potter Deluxe Cookbook,Brock Smart Dress,1
Potter Deluxe Cookbook,Cannon Portable Cap,1
Potter Deluxe Cookbook,Charles Deluxe Novel,1
Potter Deluxe Cookbook,Dixon Premium Coffee Maker,1
Potter Deluxe Cookbook,Holden Compact Dinner Set,1
Potter Deluxe Cookbook,Jackson Classic Jeans,1
Potter Deluxe Cookbook,Jackson Eco Textbook,1
Potter Deluxe Cookbook,Jennings Essential T-Shirt,1
Potter Deluxe Cookbook,Juarez Ultra Cap,1
Potter Deluxe Cookbook,Mcclain Eco Biography,1
Potter Deluxe Cookbook,Robertson Pro Charger,1
Potter Deluxe Cookbook,Ruiz Vintage Tablet,1
Potter Deluxe Cookbook,Webb Compact Cap,1
Powell Portable Dress,Gordon Ultra Coffee Maker,1
Powell Portable Dress,Sosa Deluxe Sneakers,1
Powell Smart Lamp,Banks Compact Wall Clock,1
Powell Smart Lamp,Berry Smart Router,1
Powell Smart Lamp,Blankenship Smart Router,1
Powell Smart Lamp,Carlson Vintage Curtains,1
Powell Smart Lamp,Davis Deluxe Wall Clock,1
Powell Smart Lamp,Dennis Classic Journal,1
Powell Smart Lamp,Miller Compact Earbuds,1
Powell Smart Lamp,Robinson Eco Curtains,1
Powell Smart Lamp,Saunders Pro Cap,1
Powell Smart Lamp,Smith Vintage Socks,1
Powell Smart Lamp,Thompson Essential Curtains,1
Powell Smart Lamp,Tucker Modern Blender,1
Powell Smart Lamp,Walsh Eco Jeans,1
Powell Smart Lamp,Wright Vintage Cookbook,1
Powers Pro Comic Book,Arnold Modern Biography,1
Powers Pro Comic Book,Dennis Classic Journal,1
Powers Pro Comic Book,King Deluxe Smartphone,1
Powers Pro Comic Book,Obrien Premium Speaker,1
Powers Pro Comic Book,Schultz Smart Blazer,1
Powers Pro Comic Book,Steele Pro Webcam,1
Price Essential Power Bank,Anderson Classic Laptop,1
Price Essential Power Bank,Anderson Modern Scarf,1
Price Essential Power Bank,Brock Smart Dress,1
Price Essential Power Bank,Carr Ultra Textbook,1
Price Essential Power Bank,Coleman Eco Cookbook,1
Price Essential Power Bank,Eaton Classic Wall Clock,1
Price Essential Power Bank,Guzman Smart Coffee Maker,1
Price Essential Power Bank,Holland Essential Dinner Set,1
Price Essential Power Bank,Jones Pro Biography,1
Price Essential Power Bank,Leonard Ultra Monitor,1
Price Essential Power Bank,Lewis Vintage Textbook,1
Price Essential Power Bank,Miller Premium Textbook,1
Price Essential Power Bank,Moore Compact Textbook,1
Price Essential Power Bank,Robinson Portable Smartwatch,1
Price Essential Power Bank,Robles Vintage Dinner Set,1
Price Essential Power Bank,Sanchez Deluxe Power Bank,1
Price Essential Power Bank,Shaw Compact Hoodie,1
Price Essential Power Bank,Short Portable Shorts,1
Price Essential Power Bank,Stephens Compact Comic Book,1
Price Essential Power Bank,Wilson Compact Smartwatch,1
Price Essential Power Bank,Winters Premium Smartphone,1
Price Portable Novel,Brown Modern Organizer,1
Price Portable Novel,Hansen Premium Monitor,1
Price Portable Novel,Hansen Premium Scarf,1
Price Portable Novel,Huff Portable Cookware Set,1
Price Portable Novel,Robinson Portable Smartwatch,1
Price Portable Novel,Spencer Essential Comic Book,1
Ramirez Modern Bedsheet,Bailey Portable Bedsheet,1
Ramirez Modern Bedsheet,Black Deluxe Cookbook,1
Ramirez Modern Bedsheet,Conrad Classic Tablet,1
Ramirez Modern Bedsheet,Cunningham Compact Bedsheet,1
Ramirez Modern Bedsheet,Fields Premium Wall Clock,1
Ramirez Modern Bedsheet,Gray Smart Dinner Set,1
Ramirez Modern Bedsheet,Luna Pro Charger,1
Ramirez Modern Bedsheet,Price Portable Novel,1
Ramirez Modern Bedsheet,Sanchez Deluxe Power Bank,1
Ramirez Modern Bedsheet,Snyder Smart Camera,1
Ramirez Modern Bedsheet,White Portable Encyclopedia,1
Ramirez Modern Bedsheet,Wilson Premium Shorts,1
Ramos Premium Anthology,Mcbride Eco Anthology,1
Ramos Premium Anthology,Robinson Eco Novel,1
Ramos Premium Anthology,Spencer Essential Comic Book,1
Ramsey Pro Jacket,Brown Modern Organizer,1
Ramsey Pro Jacket,Jefferson Premium Organizer,1
Ramsey Pro Jacket,Lee Compact Socks,1
Ramsey Pro Jacket,Nichols Modern Cookware Set,1
Ramsey Pro Jacket,Ross Modern Bookshelf,1
Ramsey Pro Jacket,Ward Pro Bedsheet,1
Ramsey Vintage Cushion,Ayala Premium Journal,1
Ramsey Vintage Cushion,Ayala Ultra T-Shirt,1
Ramsey Vintage Cushion,Carr Ultra Textbook,1
Ramsey Vintage Cushion,Dixon Premium Coffee Maker,1
Ramsey Vintage Cushion,Edwards Essential Cushion,1
Ramsey Vintage Cushion,Gonzalez Premium Cushion,1
Ramsey Vintage Cushion,Harris Ultra Sweater,1
Ramsey Vintage Cushion,Hunt Classic Monitor,1
Ramsey Vintage Cushion,Johnson Deluxe Charger,1
Ramsey Vintage Cushion,Lambert Smart Charger,1
Ramsey Vintage Cushion,Logan Portable Biography,1
Ramsey Vintage Cushion,Mcbride Eco Anthology,1
Ramsey Vintage Cushion,Obrien Premium Speaker,1
Ramsey Vintage Cushion,Perez Compact Keyboard,1
Ramsey Vintage Cushion,Rowe Modern Tablet,1
Ramsey Vintage Cushion,Saunders Pro Cap,1
Reed Classic Textbook,Berry Smart Router,1
Reed Classic Textbook,Braun Eco Dress,1
Reed Classic Textbook,Campbell Pro Journal,1
Reed Classic Textbook,Cohen Vintage Textbook,1
Reed Classic Textbook,Dunn Vintage Sweater,1
Reed Classic Textbook,Green Modern Socks,1
Reed Classic Textbook,Gregory Classic Novel,1
Reed Classic Textbook,Gutierrez Portable Earbuds,1
Reed Classic Textbook,Guzman Smart Coffee Maker,1
Reed Classic Textbook,Robinson Portable Smartwatch,1
Reed Classic Textbook,Shields Portable Vase,1
Reed Vintage Scarf,Ayala Ultra T-Shirt,1
Reed Vintage Scarf,Clark Classic Dress,1
Reed Vintage Scarf,Hall Modern Cookbook,1
Reed Vintage Scarf,Hansen Premium Scarf,1
Reed Vintage Scarf,Hanson Compact Vase,1
Reed Vintage Scarf,Hinton Pro Tablet,1
Reed Vintage Scarf,Holden Compact Dinner Set,1
Reed Vintage Scarf,James Classic Bedsheet,1
Reed Vintage Scarf,Kramer Compact Textbook,1
Reed Vintage Scarf,Lambert Smart Charger,1
Reed Vintage Scarf,Maldonado Portable T-Shirt,1
Reed Vintage Scarf,Mitchell Vintage Mouse,1
Reed Vintage Scarf,Montoya Compact Journal,1
Reed Vintage Scarf,Robles Vintage Dinner Set,1
Reed Vintage Scarf,Rowe Modern Tablet,1
Reed Vintage Scarf,Ruiz Modern Anthology,1
Reed Vintage Scarf,Serrano Compact Dress,1
Reed Vintage Scarf,Snyder Smart Camera,1
Reed Vintage Scarf,Sullivan Vintage T-Shirt,1
Reed Vintage Scarf,Taylor Portable Comic Book,1
Reed Vintage Scarf,Thomas Eco Comic Book,1
Reed Vintage Scarf,Tucker Ultra Bedsheet,1
Reed Vintage Scarf,Wilson Premium Shorts,1
Reed Vintage Scarf,Wilson Premium Sweater,1
Reese Smart Cookbook,Brennan Smart Encyclopedia,1
Reese Smart Cookbook,Gray Smart Dinner Set,1
Reese Smart Cookbook,Haynes Classic Webcam,1
Reese Smart Cookbook,Hinton Pro Tablet,1
Reese Smart Cookbook,Joseph Vintage Novel,1
Reese Smart Cookbook,Leon Classic Speaker,1
Reese Smart Cookbook,Long Vintage Blender,1
Reese Smart Cookbook,Macdonald Classic Atlas,1
Reese Smart Cookbook,Ochoa Premium Mouse,1
Reese Smart Cookbook,Perry Deluxe Hoodie,1
Reese Smart Cookbook,Stephens Compact Comic Book,1
Reese Smart Cookbook,Stewart Modern Novel,1
Reese Smart Cookbook,Welch Premium Dinner Set,1
Reese Smart Cookbook,White Portable Hoodie,1
Reese Smart Cookbook,Wright Vintage Cookbook,1
Reese Vintage Headphones,Stewart Modern Novel,1
Reyes Essential Monitor,Baker Smart Keyboard,1
Reynolds Essential Novel,Arias Modern Shorts,1
Reynolds Essential Novel,Burke Eco Wall Clock,1
Reynolds Essential Novel,Haynes Classic Webcam,1
Reynolds Essential Novel,Ross Compact Hoodie,1
Reynolds Essential Novel,Webb Deluxe Dinner Set,1
Reynolds Essential Novel,Wright Vintage Cookbook,1
Rich Smart Textbook,Hunter Compact Anthology,1
Rich Smart Textbook,Smith Compact Dress,1
Rich Smart Textbook,Young Modern Headphones,1
Richards Compact Cookware Set,Baker Ultra Cushion,1
Richards Compact Cookware Set,Barber Premium Scarf,1
Richards Compact Cookware Set,Hale Vintage Cookbook,1
Richards Compact Cookware Set,Hartman Compact Webcam,1
Richards Compact Cookware Set,Padilla Premium Bookshelf,1
Richards Compact Cookware Set,Reese Vintage Headphones,1
Richards Compact Cookware Set,Sanchez Deluxe Power Bank,1
Richards Compact Cookware Set,Webb Compact Cap,1
Riley Smart Cap,Avery Smart Organizer,1
Riley Smart Cap,Bennett Ultra Jeans,1
Riley Smart Cap,Cannon Portable Cap,1
Riley Smart Cap,Gilbert Portable Jacket,1
Riley Smart Cap,Holden Compact Dinner Set,1
Riley Smart Cap,Lane Compact Cap,1
Riley Smart Cap,Montoya Compact Journal,1
Riley Smart Cap,Roth Premium T-Shirt,1
Riley Smart Cap,Schmidt Pro Comic Book,1
Riley Smart Cap,Thompson Essential Curtains,1
Riley Smart Cap,Velez Premium Novel,1
Rivera Eco Tablet,Arias Modern Shorts,1
Rivera Eco Tablet,Baker Deluxe Laptop,1
Rivera Eco Tablet,Baker Ultra Encyclopedia,1
Rivera Eco Tablet,Galvan Modern Blazer,1
Rivera Eco Tablet,Gonzalez Eco Biography,1
Rivera Eco Tablet,Hammond Pro Sneakers,1
Rivera Eco Tablet,Hardin Pro Cookbook,1
Rivera Eco Tablet,Juarez Ultra Cap,1
Rivera Eco Tablet,Kelly Classic Vase,1
Rivera Eco Tablet,Kramer Compact Textbook,1
Rivera Eco Tablet,Manning Eco Charger,1
Rivera Eco Tablet,Mosley Compact Monitor,1
Rivera Eco Tablet,Palmer Classic Router,1
Rivera Eco Tablet,Perez Compact Keyboard,1
Rivera Eco Tablet,Rivera Modern Bookshelf,1
Rivera Eco Tablet,Schultz Smart Blazer,1
Rivera Eco Tablet,Snyder Smart Camera,1
Rivera Eco Tablet,Sullivan Classic Novel,1
Rivera Eco Tablet,Thompson Eco Jeans,1
Rivera Eco Tablet,Ward Pro Bedsheet,1
Rivera Modern Bookshelf,Davis Portable Textbook,1
Rivera Modern Bookshelf,Edwards Essential Cushion,1
Rivera Modern Bookshelf,Harris Compact Tablet,1
Rivera Modern Bookshelf,Leonard Ultra Monitor,1
Rivera Modern Bookshelf,Manning Eco Charger,1
Rivera Modern Bookshelf,Perez Compact Keyboard,1
Rivera Modern Bookshelf,Sosa Deluxe Sneakers,1
Rivera Modern Bookshelf,Webb Deluxe Dinner Set,1
Rivera Ultra Organizer,Baxter Compact Laptop,1
Rivera Ultra Organizer,Bonilla Smart Sneakers,1
Rivera Ultra Organizer,Charles Classic Cookbook,1
Rivera Ultra Organizer,Dixon Premium Coffee Maker,1
Rivera Ultra Organizer,Edwards Smart Cookbook,1
Rivera Ultra Organizer,Graham Essential Wall Clock,1
Rivera Ultra Organizer,Green Modern Socks,1
Rivera Ultra Organizer,Hicks Ultra Anthology,1
Rivera Ultra Organizer,Johnson Deluxe Charger,1
Rivera Ultra Organizer,Lee Compact Socks,1
Rivera Ultra Organizer,Leonard Ultra Monitor,1
Rivera Ultra Organizer,Morrow Vintage Vase,1
Rivera Ultra Organizer,Murphy Essential Biography,1
Rivera Ultra Organizer,Obrien Portable Webcam,1
Rivera Ultra Organizer,Phillips Vintage Jacket,1
Rivera Ultra Organizer,Roberts Eco Textbook,1
Rivera Ultra Organizer,Rubio Modern Textbook,1
Rivera Ultra Organizer,Shannon Vintage Keyboard,1
Rivera Ultra Organizer,Soto Deluxe Power Bank,1
Rivera Ultra Organizer,Taylor Ultra T-Shirt,1
Rivera Ultra Organizer,Welch Premium Dinner Set,1
Rivera Ultra Organizer,Wolfe Ultra Cap,1
Rivera Ultra Organizer,Young Eco Curtains,1
Roberts Eco Textbook,Branch Modern Comic Book,1
Roberts Eco Textbook,Cohen Essential Sneakers,1
Roberts Eco Textbook,Goodman Modern Dress,1
Roberts Eco Textbook,Jackson Ultra Comic Book,1
Roberts Eco Textbook,Jensen Modern Router,1
Roberts Eco Textbook,Johnson Deluxe Charger,1
Roberts Eco Textbook,Sanchez Essential Monitor,1
Roberts Eco Textbook,Sutton Essential Cap,1
Roberts Eco Textbook,Valdez Essential Sweater,1
Roberts Eco Textbook,Welch Premium Dinner Set,1
Robertson Deluxe Textbook,Armstrong Deluxe Bookshelf,1
Robertson Deluxe Textbook,Bennett Smart Bookshelf,1
Robertson Deluxe Textbook,Cortez Classic Socks,1
Robertson Deluxe Textbook,Davidson Compact Coffee Maker,1
Robertson Deluxe Textbook,Davis Portable Textbook,1
Robertson Deluxe Textbook,Dennis Classic Journal,1
Robertson Deluxe Textbook,Francis Smart Camera,1
Robertson Deluxe Textbook,Garza Pro Jacket,1
Robertson Deluxe Textbook,Howard Ultra Speaker,1
Robertson Deluxe Textbook,Hunt Classic Monitor,1
Robertson Deluxe Textbook,Jones Smart Shorts,1
Robertson Deluxe Textbook,Love Premium Biography,1
Robertson Deluxe Textbook,Miller Compact Earbuds,1
Robertson Deluxe Textbook,Miller Modern Wall Clock,1
Robertson Deluxe Textbook,Moore Compact Textbook,1
Robertson Deluxe Textbook,Padilla Premium Bookshelf,1
Robertson Deluxe Textbook,Robertson Pro Charger,1
Robertson Deluxe Textbook,Smith Essential Speaker,1
Robertson Deluxe Textbook,Spencer Essential Comic Book,1
Robertson Deluxe Textbook,Valdez Essential Sweater,1
Robertson Deluxe Textbook,Vasquez Ultra Tablet,1
Robertson Deluxe Textbook,Velez Premium Novel,1
Robertson Deluxe Textbook,Walker Modern Cookware Set,1
Robertson Deluxe Textbook,Walters Compact Atlas,1
Robertson Deluxe Textbook,Webb Deluxe Dinner Set,1
Robertson Deluxe Textbook,Williams Essential Journal,1
Robertson Pro Charger,Braun Eco Dress,1
Robertson Pro Charger,Charles Deluxe Novel,1
Robertson Pro Charger,Luna Pro Charger,1
Robertson Pro Charger,Olson Classic Power Bank,1
Robertson Pro Charger,Padilla Premium Bookshelf,1
Robertson Pro Charger,Scott Modern Bedsheet,1
Robertson Pro Charger,Thomas Eco Bookshelf,1
Robertson Pro Charger,Thompson Eco Jeans,1
Robertson Pro Charger,Wood Deluxe Vase,1
Robinson Classic Sneakers,Anderson Modern Speaker,1
Robinson Classic Sneakers,Baker Ultra Encyclopedia,1
Robinson Classic Sneakers,Cohen Essential Sneakers,1
Robinson Classic Sneakers,Olson Compact Blender,1
Robinson Classic Sneakers,Price Portable Novel,1
Robinson Classic Sneakers,Richards Compact Cookware Set,1
Robinson Classic Sneakers,Rodriguez Ultra Hoodie,1
Robinson Classic Sneakers,Sanchez Deluxe Power Bank,1
Robinson Classic Sneakers,Ward Pro Bedsheet,1
Robinson Eco Curtains,Arias Modern Shorts,1
Robinson Eco Curtains,Berry Smart Router,1
Robinson Eco Curtains,Blankenship Smart Router,1
Robinson Eco Curtains,Hanson Compact Vase,1
Robinson Eco Curtains,Harris Ultra Sweater,1
Robinson Eco Curtains,Haynes Classic Webcam,1
Robinson Eco Curtains,Hood Vintage Wall Clock,1
Robinson Eco Curtains,Hunt Classic Monitor,1
Robinson Eco Curtains,Knight Pro Lamp,1
Robinson Eco Curtains,Lewis Eco Vase,1
Robinson Eco Curtains,Manning Eco Charger,1
Robinson Eco Curtains,Obrien Premium Speaker,1
Robinson Eco Curtains,Olson Deluxe Laptop,1
Robinson Eco Curtains,Palmer Classic Router,1
Robinson Eco Curtains,Reynolds Essential Novel,1
Robinson Eco Curtains,Sanchez Essential Monitor,1
Robinson Eco Curtains,Saunders Pro Cap,1
Robinson Eco Curtains,Schmitt Pro Smartphone,1
Robinson Eco Curtains,Spencer Essential Comic Book,1
Robinson Eco Curtains,Todd Ultra Jeans,1
Robinson Eco Curtains,Valdez Essential Sweater,1
Robinson Eco Novel,Allen Pro Monitor,1
Robinson Portable Smartwatch,Vincent Compact Biography,1
Robinson Portable Smartwatch,Young Modern Headphones,1
Robinson Vintage Earbuds,Baker Ultra Encyclopedia,1
Robinson Vintage Earbuds,Barber Premium Scarf,1
Robinson Vintage Earbuds,Braun Eco Dress,1
Robinson Vintage Earbuds,Garcia Pro Cookware Set,1
Robinson Vintage Earbuds,Gomez Smart Guidebook,1
Robinson Vintage Earbuds,Jackson Ultra Comic Book,1
Robinson Vintage Earbuds,Logan Portable Biography,1
Robinson Vintage Earbuds,Nichols Modern Cookware Set,1
Robinson Vintage Earbuds,Rich Smart Textbook,1
Robinson Vintage Earbuds,Ruiz Modern Anthology,1
Robinson Vintage Earbuds,Saunders Pro Cap,1
Robinson Vintage Earbuds,Smith Compact Dress,1
Robles Vintage Dinner Set,Bradley Smart Journal,1
Robles Vintage Dinner Set,Branch Modern Comic Book,1
Robles Vintage Dinner Set,Brock Smart Dress,1
Robles Vintage Dinner Set,Cannon Portable Cap,1
Robles Vintage Dinner Set,Carr Ultra Textbook,1
Robles Vintage Dinner Set,Cohen Vintage Textbook,1
Robles Vintage Dinner Set,Dixon Premium Coffee Maker,1
Robles Vintage Dinner Set,Evans Premium Organizer,1
Robles Vintage Dinner Set,Gomez Smart Guidebook,1
Robles Vintage Dinner Set,Gutierrez Portable Earbuds,1
Robles Vintage Dinner Set,Hall Modern Cookbook,1
Robles Vintage Dinner Set,Hill Smart Mouse,1
Robles Vintage Dinner Set,Holden Compact Dinner Set,1
Robles Vintage Dinner Set,Jensen Modern Router,1
Robles Vintage Dinner Set,Jones Pro Biography,1
Robles Vintage Dinner Set,Kent Smart Mouse,1
Robles Vintage Dinner Set,Lewis Vintage Textbook,1
Robles Vintage Dinner Set,Lynn Ultra T-Shirt,1
Robles Vintage Dinner Set,Robinson Eco Novel,1
Robles Vintage Dinner Set,Ruiz Modern Anthology,1
Robles Vintage Dinner Set,Schroeder Smart Earbuds,1
Robles Vintage Dinner Set,Scott Vintage Textbook,1
Robles Vintage Dinner Set,Serrano Compact Dress,1
Robles Vintage Dinner Set,Walters Compact Atlas,1
Robles Vintage Dinner Set,Ward Pro Bedsheet,1
Robles Vintage Dinner Set,Wilson Compact Smartwatch,1
Robles Vintage Dinner Set,Wilson Premium Sweater,1
Rodriguez Ultra Hoodie,Richards Compact Cookware Set,1
Rodriguez Ultra Hoodie,Sanchez Deluxe Power Bank,1
Rodriguez Ultra Hoodie,Sullivan Classic Novel,1
Rodriguez Ultra Hoodie,Webb Deluxe Dinner Set,1
Rodriguez Vintage Smartwatch,Bell Modern Guidebook,1
Rodriguez Vintage Smartwatch,Burke Eco Wall Clock,1
Rodriguez Vintage Smartwatch,Goodwin Portable Organizer,1
Rodriguez Vintage Smartwatch,Leonard Ultra Monitor,1
Rodriguez Vintage Smartwatch,Mcclain Eco Biography,1
Rodriguez Vintage Smartwatch,Moore Compact Textbook,1
Rodriguez Vintage Smartwatch,Reynolds Essential Novel,1
Rodriguez Vintage Smartwatch,Rivera Modern Bookshelf,1
Romero Ultra Biography,Hansen Premium Monitor,1
Romero Ultra Biography,Miller Classic T-Shirt,1
Romero Ultra Biography,Olson Compact Blender,1
Romero Ultra Biography,Sosa Deluxe Sneakers,1
Ross Compact Hoodie,Kramer Compact Textbook,1
Ross Compact Hoodie,Vasquez Ultra Tablet,1
Ross Compact Hoodie,Vincent Compact Biography,1
Ross Modern Bookshelf,Edwards Essential Cushion,1
Ross Modern Bookshelf,Huff Portable Cookware Set,1
Roth Premium T-Shirt,Arnold Modern Biography,1
Roth Premium T-Shirt,Bailey Portable Bedsheet,1
Roth Premium T-Shirt,Barber Premium Scarf,1
Roth Premium T-Shirt,Campbell Pro Journal,1
Roth Premium T-Shirt,Cannon Portable Cap,1
Roth Premium T-Shirt,Dunn Vintage Sweater,1
Roth Premium T-Shirt,Gordon Ultra Coffee Maker,1
Roth Premium T-Shirt,Green Modern Socks,1
Roth Premium T-Shirt,Haynes Classic Webcam,1
Roth Premium T-Shirt,Holland Essential Dinner Set,1
Roth Premium T-Shirt,Huff Portable Cookware Set,1
Roth Premium T-Shirt,Johnston Modern Cushion,1
Roth Premium T-Shirt,Mclaughlin Pro Guidebook,1
Roth Premium T-Shirt,Montoya Compact Journal,1
Roth Premium T-Shirt,Moore Portable Blender,1
Roth Premium T-Shirt,Morgan Premium Sneakers,1
Roth Premium T-Shirt,Morrow Vintage Vase,1
Roth Premium T-Shirt,Richards Compact Cookware Set,1
Roth Premium T-Shirt,Ross Compact Hoodie,1
Roth Premium T-Shirt,Sanchez Essential Monitor,1
Roth Premium T-Shirt,Taylor Premium Anthology,1
Roth Premium T-Shirt,Valentine Smart Bookshelf,1
Roth Premium T-Shirt,Webb Compact Cap,1
Roth Premium T-Shirt,Williams Smart Atlas,1
Roth Premium T-Shirt,Wood Deluxe Vase,1
Rowe Modern Tablet,Baker Smart Keyboard,1
Rowe Modern Tablet,Edwards Essential Cushion,1
Ruiz Modern Anthology,Lynch Deluxe Sweater,1
Ruiz Modern Anthology,Wilson Premium Sweater,1
Ruiz Vintage Tablet,Gonzalez Eco Biography,1
Ruiz Vintage Tablet,Haynes Classic Webcam,1
Ruiz Vintage Tablet,Serrano Essential Organizer,1
Ruiz Vintage Tablet,Smith Smart Laptop,1
Ruiz Vintage Tablet,Ward Pro Bedsheet,1
Russell Vintage Router,Brooks Premium Novel,1
Russell Vintage Router,Haynes Essential Speaker,1
Russell Vintage Router,Lambert Smart Charger,1
Ryan Eco Mouse,Bowers Ultra Blazer,1
Ryan Eco Mouse,Fisher Portable Vase,1
Ryan Eco Mouse,Galvan Modern Blazer,1
Ryan Eco Mouse,George Ultra Coffee Maker,1
Ryan Eco Mouse,Gonzalez Eco Biography,1
Ryan Eco Mouse,Lee Ultra Hoodie,1
Ryan Eco Mouse,Lynch Deluxe Sweater,1
Ryan Eco Mouse,Mack Portable Novel,1
Ryan Eco Mouse,Miller Classic T-Shirt,1
Ryan Eco Mouse,Romero Ultra Biography,1
Ryan Eco Mouse,Scott Vintage Textbook,1
Ryan Eco Mouse,Stephens Compact Comic Book,1
Ryan Eco Mouse,Vasquez Ultra Tablet,1
Sanchez Deluxe Power Bank,Huff Portable Cookware Set,1
Sanchez Deluxe Power Bank,Mclaughlin Pro Guidebook,1
Sanchez Essential Monitor,Harris Ultra Sweater,1
Sanchez Essential Monitor,Jackson Ultra Comic Book,1
Sanchez Essential Monitor,Mccarty Vintage Jacket,1
Sanchez Essential Monitor,Mitchell Essential Cookware Set,1
Sanchez Essential Monitor,Thompson Compact Encyclopedia,1
Sanchez Essential Monitor,White Vintage Smartphone,1
Sanchez Essential Monitor,Wilson Premium Shorts,1
Sanchez Pro Bookshelf,Baxter Compact Laptop,1
Sanchez Pro Bookshelf,Figueroa Modern Coffee Maker,1
Sanchez Pro Bookshelf,Galvan Modern Blazer,1
Sanchez Pro Bookshelf,Hogan Premium Camera,1
Sanchez Pro Bookshelf,Holmes Pro Vase,1
Sanchez Pro Bookshelf,Jones Essential Biography,1
Sanchez Pro Bookshelf,Knight Portable Speaker,1
Sanchez Pro Bookshelf,Macdonald Classic Atlas,1
Sanchez Pro Bookshelf,Mack Portable Novel,1
Sanchez Pro Bookshelf,Mcintosh Portable Anthology,1
Sanchez Pro Bookshelf,Morales Eco Organizer,1
Sanchez Pro Bookshelf,Ruiz Vintage Tablet,1
Sanchez Pro Bookshelf,Serrano Essential Organizer,1
Sanchez Pro Bookshelf,Thomas Eco Bookshelf,1
Sanchez Pro Bookshelf,Thomas Eco Comic Book,1
Sanders Modern Coffee Maker,Mendez Pro Bedsheet,1
Sanders Modern Coffee Maker,Rubio Modern Textbook,1
Sanders Portable Dinner Set,Atkins Eco Curtains,1
Sanders Portable Dinner Set,Bailey Portable Bedsheet,1
Sanders Portable Dinner Set,Baker Smart Keyboard,1
Sanford Pro Monitor,Anderson Modern Scarf,1
Sanford Pro Monitor,Coleman Eco Cookbook,1
Sanford Pro Monitor,Figueroa Portable Coffee Maker,1
Sanford Pro Monitor,Gibson Modern Cap,1
Sanford Pro Monitor,Hill Essential Textbook,1
Sanford Pro Monitor,Jefferson Premium Organizer,1
Sanford Pro Monitor,Jenkins Modern Scarf,1
Sanford Pro Monitor,King Deluxe Smartphone,1
Sanford Pro Monitor,Lewis Vintage Textbook,1
Sanford Pro Monitor,Montoya Compact Journal,1
Sanford Pro Monitor,Palmer Classic Router,1
Sanford Pro Monitor,Rivera Modern Bookshelf,1
Sanford Pro Monitor,Smith Classic Charger,1
Sanford Pro Monitor,Smith Ultra Atlas,1
Sanford Pro Monitor,Swanson Premium Blazer,1
Sanford Pro Monitor,Walsh Eco Jeans,1
Saunders Pro Cap,Anderson Modern Speaker,1
Saunders Pro Cap,Arias Modern Shorts,1
Saunders Pro Cap,Ayala Premium Journal,1
Saunders Pro Cap,Bailey Portable Bedsheet,1
Saunders Pro Cap,Cantrell Compact Organizer,1
Saunders Pro Cap,Edwards Essential Cushion,1
Saunders Pro Cap,Garcia Pro Cookware Set,1
Saunders Pro Cap,Haynes Classic Webcam,1
Saunders Pro Cap,Hunter Compact Anthology,1
Saunders Pro Cap,Jennings Essential T-Shirt,1
Saunders Pro Cap,Ochoa Premium Mouse,1
Saunders Pro Cap,Reynolds Essential Novel,1
Saunders Pro Cap,Smith Vintage Socks,1
Saunders Pro Cap,Thompson Essential Curtains,1
Saunders Pro Cap,Valenzuela Classic Bedsheet,1
Saunders Pro Cap,White Portable Hoodie,1
Schmidt Pro Comic Book,Atkins Eco Curtains,1
Schmidt Pro Comic Book,Gonzalez Eco Biography,1
Schmidt Pro Comic Book,Reese Vintage Headphones,1
Schmidt Pro Comic Book,Reynolds Essential Novel,1
Schmidt Pro Comic Book,Richards Compact Cookware Set,1
Schmidt Pro Comic Book,Shields Portable Vase,1
Schmidt Pro Comic Book,Stewart Modern Novel,1
Schmidt Pro Comic Book,Webb Compact Cap,1
Schmidt Pro Comic Book,Wolfe Ultra Cap,1
Schmitt Pro Smartphone,Anderson Modern Speaker,1
Schmitt Pro Smartphone,Goodman Modern Dress,1
Schmitt Pro Smartphone,Guzman Smart Coffee Maker,1
Schmitt Pro Smartphone,Hood Vintage Wall Clock,1
Schmitt Pro Smartphone,Romero Ultra Biography,1
Schmitt Pro Smartphone,Walsh Eco Jeans,1
Schroeder Smart Earbuds,Atkins Eco Curtains,1
Schroeder Smart Earbuds,Avery Smart Organizer,1
Schroeder Smart Earbuds,Hill Smart Mouse,1
Schroeder Smart Earbuds,Mendez Pro Bedsheet,1
Schroeder Smart Earbuds,Rubio Modern Textbook,1
Schroeder Smart Earbuds,Taylor Premium Anthology,1
Schroeder Smart Earbuds,Webb Compact Cap,1
Schultz Smart Blazer,Aguilar Pro Scarf,1
Schultz Smart Blazer,Anderson Classic Laptop,1
Schultz Smart Blazer,Anderson Modern Speaker,1
Schultz Smart Blazer,Berry Smart Router,1
Schultz Smart Blazer,Brock Deluxe Mouse,1
Schultz Smart Blazer,Davis Premium Wall Clock,1
Schultz Smart Blazer,Dunn Vintage Sweater,1
Schultz Smart Blazer,Hale Vintage Cookbook,1
Schultz Smart Blazer,Hernandez Portable Headphones,1
Schultz Smart Blazer,Jenkins Modern Scarf,1
Schultz Smart Blazer,Leonard Ultra Monitor,1
Schultz Smart Blazer,Maldonado Portable T-Shirt,1
Schultz Smart Blazer,Maxwell Deluxe Blender,1
Schultz Smart Blazer,Nicholson Smart Anthology,1
Schultz Smart Blazer,Perez Compact Keyboard,1
Schultz Smart Blazer,Reese Vintage Headphones,1
Schultz Smart Blazer,Rubio Modern Textbook,1
Schultz Smart Blazer,Taylor Premium Anthology,1
Schultz Smart Blazer,Wilson Compact Smartwatch,1
Schultz Smart Blazer,Winters Premium Smartphone,1
Scott Classic Monitor,Aguilar Pro Scarf,1
Scott Classic Monitor,Atkinson Ultra Jacket,1
Scott Classic Monitor,Cannon Portable Cap,1
Scott Classic Monitor,Carr Ultra Textbook,1
Scott Classic Monitor,Cohen Essential Sneakers,1
Scott Classic Monitor,Evans Premium Organizer,1
Scott Classic Monitor,Howard Ultra Speaker,1
Scott Classic Monitor,Smith Essential Organizer,1
Scott Classic Monitor,Smith Premium Wall Clock,1
Scott Classic Monitor,Vincent Eco Smartwatch,1
Scott Classic Monitor,Ward Pro Bedsheet,1
Scott Classic Monitor,Whitehead Compact Camera,1
Scott Deluxe Guidebook,Aguilar Pro Scarf,1
Scott Deluxe Guidebook,Bowers Ultra Blazer,1
Scott Deluxe Guidebook,Brown Modern Organizer,1
Scott Deluxe Guidebook,Lee Ultra Hoodie,1
Scott Deluxe Guidebook,Manning Eco Charger,1
Scott Deluxe Guidebook,Miller Vintage Smartwatch,1
Scott Deluxe Guidebook,Price Portable Novel,1
Scott Deluxe Guidebook,Scott Ultra Cookware Set,1
Scott Deluxe Guidebook,Webb Deluxe Dinner Set,1
Scott Ultra Cookware Set,Berry Smart Router,1
Scott Ultra Cookware Set,Huff Portable Cookware Set,1
Scott Ultra Cookware Set,Lee Ultra Hoodie,1
Scott Vintage Textbook,Baker Ultra Encyclopedia,1
Scott Vintage Textbook,Cunningham Compact Bedsheet,1
Scott Vintage Textbook,Davis Premium Wall Clock,1
Scott Vintage Textbook,Douglas Vintage Journal,1
Scott Vintage Textbook,Gibson Modern Cap,1
Scott Vintage Textbook,Miller Vintage Smartwatch,1
Scott Vintage Textbook,Ochoa Premium Mouse,1
Scott Vintage Textbook,Robinson Portable Smartwatch,1
Scott Vintage Textbook,Webb Deluxe Dinner Set,1
Sellers Compact Cap,Baker Smart Keyboard,1
Sellers Compact Cap,Ballard Classic Router,1
Sellers Compact Cap,Branch Modern Comic Book,1
Sellers Compact Cap,Braun Eco Dress,1
Sellers Compact Cap,Davis Premium Wall Clock,1
Sellers Compact Cap,Goodwin Portable Organizer,1
Sellers Compact Cap,Greene Ultra T-Shirt,1
Sellers Compact Cap,Gross Deluxe Cap,1
Sellers Compact Cap,Jefferson Premium Organizer,1
Sellers Compact Cap,Knight Pro Cookbook,1
Sellers Compact Cap,Lambert Smart Charger,1
Sellers Compact Cap,Leon Classic Speaker,1
Sellers Compact Cap,Olson Deluxe Laptop,1
Sellers Compact Cap,Reese Smart Cookbook,1
Sellers Compact Cap,Serrano Compact Dress,1
Sellers Compact Cap,Smith Classic Charger,1
Sellers Compact Cap,Spencer Essential Comic Book,1
Sellers Compact Cap,Walker Modern Cookware Set,1
Serrano Compact Dress,Allen Pro Monitor,1
Serrano Compact Dress,Anderson Modern Scarf,1
Serrano Compact Dress,Calhoun Vintage Curtains,1
Serrano Compact Dress,Cantrell Compact Organizer,1
Serrano Compact Dress,Charles Deluxe Novel,1
Serrano Compact Dress,Cohen Vintage Textbook,1
Serrano Compact Dress,Davis Premium Wall Clock,1
Serrano Compact Dress,Dixon Premium Coffee Maker,1
Serrano Compact Dress,Harmon Deluxe Vase,1
Serrano Compact Dress,Haynes Essential Speaker,1
Serrano Compact Dress,Jacobs Essential Curtains,1
Serrano Compact Dress,Mack Portable Novel,1
Serrano Compact Dress,Maldonado Portable T-Shirt,1
Serrano Compact Dress,Medina Classic Jeans,1
Serrano Compact Dress,Mendoza Ultra Coffee Maker,1
Serrano Compact Dress,Olson Deluxe Laptop,1
Serrano Compact Dress,Scott Deluxe Guidebook,1
Serrano Compact Dress,Vance Smart Bookshelf,1
Serrano Compact Dress,Wright Vintage Cookbook,1
Serrano Essential Organizer,Baker Ultra Encyclopedia,1
Serrano Essential Organizer,Brock Smart Dress,1
Serrano Essential Organizer,Goodman Modern Dress,1
Serrano Essential Organizer,Johnston Modern Cushion,1
Serrano Essential Organizer,Leon Classic Speaker,1
Shannon Vintage Keyboard,Baker Deluxe Laptop,1
Shannon Vintage Keyboard,Coleman Eco Cookbook,1
Shannon Vintage Keyboard,Davis Premium Wall Clock,1
Shannon Vintage Keyboard,Gonzalez Eco Biography,1
Shannon Vintage Keyboard,Goodman Modern Dress,1
Shannon Vintage Keyboard,Hall Modern Cookbook,1
Shannon Vintage Keyboard,Hansen Premium Monitor,1
Shannon Vintage Keyboard,Johnston Modern Cushion,1
Shannon Vintage Keyboard,Moody Compact Socks,1
Shannon Vintage Keyboard,Morrow Vintage Vase,1
Shannon Vintage Keyboard,Nichols Modern Cookware Set,1
Shannon Vintage Keyboard,Olson Classic Power Bank,1
Shannon Vintage Keyboard,Price Portable Novel,1
Shannon Vintage Keyboard,Ramsey Pro Jacket,1
Shannon Vintage Keyboard,Reese Vintage Headphones,1
Shannon Vintage Keyboard,Schmidt Pro Comic Book,1
Shannon Vintage Keyboard,Smith Ultra Atlas,1
Shannon Vintage Keyboard,Stewart Modern Novel,1
Shannon Vintage Keyboard,Sutton Essential Cap,1
Shannon Vintage Keyboard,White Portable Encyclopedia,1
Shannon Vintage Keyboard,Young Eco Curtains,1
Shaw Compact Hoodie,Aguilar Pro Scarf,1
Shaw Compact Hoodie,Baker Ultra Encyclopedia,1
Shaw Compact Hoodie,Davis Deluxe Wall Clock,1
Shaw Compact Hoodie,Dixon Premium Coffee Maker,1
Shaw Compact Hoodie,Frazier Premium Bookshelf,1
Shaw Compact Hoodie,Goodman Modern Dress,1
Shaw Compact Hoodie,Gray Deluxe Hoodie,1
Shaw Compact Hoodie,Gray Smart Dinner Set,1
Shaw Compact Hoodie,Jefferson Premium Organizer,1
Shaw Compact Hoodie,Jones Essential Shorts,1
Shaw Compact Hoodie,Lambert Smart Charger,1
Shaw Compact Hoodie,Mccarty Vintage Jacket,1
Shaw Compact Hoodie,Meyer Eco Laptop,1
Shaw Compact Hoodie,Miller Premium Textbook,1
Shaw Compact Hoodie,Moore Compact Textbook,1
Shaw Compact Hoodie,Morgan Vintage Hoodie,1
Shaw Compact Hoodie,Potter Deluxe Cookbook,1
Shaw Compact Hoodie,Robinson Portable Smartwatch,1
Shaw Compact Hoodie,Scott Deluxe Guidebook,1
Shaw Compact Hoodie,Scott Vintage Textbook,1
Shaw Compact Hoodie,Smith Eco Blazer,1
Shaw Compact Hoodie,Stephens Compact Comic Book,1
Shaw Compact Hoodie,Stewart Modern Novel,1
Shaw Compact Hoodie,Sullivan Deluxe Dress,1
Shaw Compact Hoodie,Thomas Eco Bookshelf,1
Shaw Compact Hoodie,Velez Premium Novel,1
Shaw Compact Hoodie,Webb Compact Cap,1
Shields Portable Vase,Atkins Eco Curtains,1
Short Portable Shorts,Edwards Essential Cushion,1
Short Portable Shorts,Garcia Classic Comic Book,1
Short Portable Shorts,Hall Modern Cookbook,1
Short Portable Shorts,Hansen Premium Monitor,1
Short Portable Shorts,Leonard Ultra Monitor,1
Short Portable Shorts,Smith Compact Sneakers,1
Short Portable Shorts,Smith Eco Blazer,1
Simmons Deluxe Jacket,Goodman Modern Dress,1
Simmons Deluxe Jacket,Sanders Portable Dinner Set,1
Sims Classic Headphones,Baker Deluxe Laptop,1
Sims Classic Headphones,Barber Premium Scarf,1
Sims Classic Headphones,Dunn Pro Coffee Maker,1
Sims Classic Headphones,Edwards Smart Cookbook,1
Sims Classic Headphones,Hardin Pro Cookbook,1
Sims Classic Headphones,Hartman Compact Webcam,1
Sims Classic Headphones,Lee Ultra Hoodie,1
Sims Classic Headphones,Lewis Eco Vase,1
Sims Classic Headphones,Logan Portable Biography,1
Sims Classic Headphones,Mack Portable Novel,1
Sims Classic Headphones,Mcbride Eco Anthology,1
Sims Classic Headphones,Mcintosh Portable Anthology,1
Sims Classic Headphones,Montoya Vintage Biography,1
Sims Classic Headphones,Moody Compact Socks,1
Sims Classic Headphones,Padilla Premium Bookshelf,1
Sims Classic Headphones,Ramos Premium Anthology,1
Sims Classic Headphones,Robinson Eco Novel,1
Sims Classic Headphones,Roth Premium T-Shirt,1
Sims Classic Headphones,Scott Modern Bedsheet,1
Sims Classic Headphones,Sims Ultra Earbuds,1
Sims Classic Headphones,Soto Deluxe Power Bank,1
Sims Classic Headphones,Stuart Classic Charger,1
Sims Classic Headphones,Welch Premium Dinner Set,1
Sims Classic Headphones,Williams Pro Wall Clock,1
Sims Ultra Earbuds,Avery Smart Organizer,1
Sims Ultra Earbuds,Barber Premium Scarf,1
Sims Ultra Earbuds,Brooks Premium Novel,1
Sims Ultra Earbuds,Brown Modern Organizer,1
Sims Ultra Earbuds,Edwards Essential Cushion,1
Sims Ultra Earbuds,Golden Essential Jeans,1
Sims Ultra Earbuds,Gonzalez Eco Biography,1
Sims Ultra Earbuds,Goodwin Portable Organizer,1
Sims Ultra Earbuds,Logan Portable Biography,1
Sims Ultra Earbuds,Mills Smart Router,1
Sims Ultra Earbuds,Moody Compact Socks,1
Sims Ultra Earbuds,Olson Compact Blender,1
Sims Ultra Earbuds,Olson Deluxe Laptop,1
Sims Ultra Earbuds,Robinson Classic Sneakers,1
Sims Ultra Earbuds,Scott Modern Bedsheet,1
Sims Ultra Earbuds,Sutton Essential Cap,1
Sims Ultra Earbuds,Thomas Ultra Bedsheet,1
Sims Ultra Earbuds,Velez Premium Novel,1
Sims Ultra Earbuds,White Portable Encyclopedia,1
Smith Classic Charger,Bennett Ultra Jeans,1
Smith Classic Charger,Dixon Premium Coffee Maker,1
Smith Classic Charger,Gutierrez Portable Earbuds,1
Smith Classic Charger,Miller Classic T-Shirt,1
Smith Classic Charger,Peterson Eco Sneakers,1
Smith Classic Charger,Ross Modern Bookshelf,1
Smith Classic Charger,Rowe Modern Tablet,1
Smith Classic Charger,Spencer Essential Comic Book,1
Smith Classic Charger,White Vintage Smartphone,1
Smith Compact Dress,Arnold Modern Biography,1
Smith Compact Dress,Calhoun Vintage Curtains,1
Smith Compact Dress,Hansen Premium Scarf,1
Smith Compact Dress,Hill Smart Mouse,1
Smith Compact Dress,Morrow Vintage Vase,1
Smith Compact Dress,Olson Compact Blender,1
Smith Compact Dress,Perez Compact Keyboard,1
Smith Compact Dress,Ramsey Pro Jacket,1
Smith Compact Dress,Spencer Essential Comic Book,1
Smith Compact Dress,Young Modern Headphones,1
Smith Compact Sneakers,Baker Ultra Encyclopedia,1
Smith Compact Sneakers,Smith Eco Blazer,1
Smith Eco Blazer,Huff Portable Cookware Set,1
Smith Eco Blazer,Jefferson Premium Organizer,1
Smith Eco Blazer,Miller Modern Wall Clock,1
Smith Eco Blazer,Ramsey Pro Jacket,1
Smith Eco Blazer,Scott Modern Bedsheet,1
Smith Eco Blazer,Spencer Essential Comic Book,1
Smith Eco Blazer,Thompson Eco Jeans,1
Smith Essential Organizer,Anderson Modern Speaker,1
Smith Essential Organizer,Armstrong Deluxe Bookshelf,1
Smith Essential Organizer,Atkinson Premium Encyclopedia,1
Smith Essential Organizer,Cohen Essential Sneakers,1
Smith Essential Organizer,Edwards Smart Cookbook,1
Smith Essential Organizer,Gonzalez Premium Cushion,1
Smith Essential Organizer,Gordon Ultra Coffee Maker,1
Smith Essential Organizer,Hale Vintage Cookbook,1
Smith Essential Organizer,Haynes Essential Speaker,1
Smith Essential Organizer,Jackson Eco Textbook,1
Smith Essential Organizer,Kent Smart Mouse,1
Smith Essential Organizer,Miller Modern Wall Clock,1
Smith Essential Organizer,Morales Eco Organizer,1
Smith Essential Organizer,Nichols Modern Cookware Set,1
Smith Essential Organizer,Ochoa Premium Mouse,1
Smith Essential Organizer,Olson Classic Power Bank,1
Smith Essential Organizer,Powell Portable Dress,1
Smith Essential Organizer,Reyes Essential Monitor,1
Smith Essential Organizer,Saunders Pro Cap,1
Smith Essential Organizer,Scott Ultra Cookware Set,1
Smith Essential Organizer,Tucker Modern Blender,1
Smith Essential Organizer,Whitehead Compact Camera,1
Smith Essential Organizer,Young Eco Curtains,1
Smith Essential Speaker,Bennett Ultra Jeans,1
Smith Essential Speaker,Cantrell Compact Organizer,1
Smith Essential Speaker,Davis Premium Wall Clock,1
Smith Essential Speaker,Goodman Modern Dress,1
Smith Essential Speaker,Gordon Ultra Coffee Maker,1
Smith Essential Speaker,Guzman Smart Coffee Maker,1
Smith Essential Speaker,Medina Classic Jeans,1
Smith Essential Speaker,Mills Compact Monitor,1
Smith Essential Speaker,Mitchell Pro Encyclopedia,1
Smith Essential Speaker,Owen Eco Cap,1
Smith Essential Speaker,Padilla Premium Bookshelf,1
Smith Essential Speaker,Powell Portable Dress,1
Smith Essential Speaker,Smith Vintage Socks,1
Smith Essential Speaker,Sullivan Classic Novel,1
Smith Essential Speaker,Watson Eco Sneakers,1
Smith Portable Speaker,Olson Compact Blender,1
Smith Premium Wall Clock,Atkinson Ultra Jacket,1
Smith Premium Wall Clock,Baker Ultra Encyclopedia,1
Smith Premium Wall Clock,Bradley Smart Journal,1
Smith Premium Wall Clock,Brock Smart Dress,1
Smith Premium Wall Clock,Cortez Classic Socks,1
Smith Premium Wall Clock,Frazier Premium Bookshelf,1
Smith Premium Wall Clock,Gibson Modern Cap,1
Smith Premium Wall Clock,Gray Smart Dinner Set,1
Smith Premium Wall Clock,Jenkins Modern Scarf,1
Smith Premium Wall Clock,Keith Premium Coffee Maker,1
Smith Premium Wall Clock,Kelley Essential Laptop,1
Smith Premium Wall Clock,Richards Compact Cookware Set,1
Smith Premium Wall Clock,Shaw Compact Hoodie,1
Smith Premium Wall Clock,Stewart Modern Novel,1
Smith Premium Wall Clock,Thomas Eco Smartwatch,1
Smith Premium Wall Clock,Valenzuela Classic Bedsheet,1
Smith Premium Wall Clock,White Essential Vase,1
Smith Ultra Atlas,Baker Smart Keyboard,1
Smith Ultra Atlas,Gomez Smart Guidebook,1
Smith Ultra Atlas,Hale Vintage Cookbook,1
Smith Ultra Atlas,Morrow Vintage Vase,1
Smith Ultra Atlas,Palmer Classic Router,1
Smith Ultra Atlas,Reyes Essential Monitor,1
Smith Vintage Cushion,Baker Deluxe Laptop,1
Smith Vintage Cushion,Cannon Portable Cap,1
Smith Vintage Cushion,Cantrell Compact Organizer,1
Smith Vintage Cushion,Conley Smart Blender,1
Smith Vintage Cushion,Dixon Deluxe Cookbook,1
Smith Vintage Cushion,Hansen Premium Monitor,1
Smith Vintage Cushion,Harris Ultra Sweater,1
Smith Vintage Cushion,Knight Pro Cookbook,1
Smith Vintage Cushion,Leonard Ultra Monitor,1
Smith Vintage Cushion,Medina Classic Jeans,1
Smith Vintage Cushion,Miller Eco Guidebook,1
Smith Vintage Cushion,Morgan Premium Sneakers,1
Smith Vintage Cushion,Olson Classic Power Bank,1
Smith Vintage Cushion,Padilla Premium Bookshelf,1
Smith Vintage Cushion,Perez Premium Biography,1
Smith Vintage Cushion,Rivera Modern Bookshelf,1
Smith Vintage Cushion,Robinson Classic Sneakers,1
Smith Vintage Cushion,Sanders Modern Coffee Maker,1
Smith Vintage Cushion,Sosa Deluxe Sneakers,1
Smith Vintage Cushion,Sullivan Classic Novel,1
Smith Vintage Cushion,Vincent Compact Biography,1
Smith Vintage Cushion,Ward Pro Bedsheet,1
Smith Vintage Cushion,Webb Deluxe Dinner Set,1
Smith Vintage Cushion,Young Eco Curtains,1
Smith Vintage Socks,Palmer Classic Router,1
Snyder Smart Camera,Mosley Compact Monitor,1
Snyder Smart Camera,Palmer Classic Router,1
Snyder Smart Camera,Ross Modern Bookshelf,1
Snyder Smart Camera,Webb Compact Cap,1
Snyder Smart Camera,White Portable Encyclopedia,1
Soto Deluxe Power Bank,Bailey Portable Bedsheet,1
Soto Deluxe Power Bank,Charles Classic Cookbook,1
Soto Deluxe Power Bank,Gonzales Pro Earbuds,1
Soto Deluxe Power Bank,Hale Vintage Cookbook,1
Soto Deluxe Power Bank,Hernandez Eco Camera,1
Soto Deluxe Power Bank,Johns Portable Textbook,1
Soto Deluxe Power Bank,Johnson Deluxe Charger,1
Soto Deluxe Power Bank,Leon Classic Speaker,1
Soto Deluxe Power Bank,Leonard Ultra Monitor,1
Soto Deluxe Power Bank,Medina Classic Jeans,1
Soto Deluxe Power Bank,Moody Compact Socks,1
Soto Deluxe Power Bank,Poole Pro Power Bank,1
Soto Deluxe Power Bank,Ramos Premium Anthology,1
Soto Deluxe Power Bank,Rowe Modern Tablet,1
Soto Deluxe Power Bank,Rubio Modern Textbook,1
Soto Deluxe Power Bank,Sanchez Essential Monitor,1
Soto Deluxe Power Bank,Schmidt Pro Comic Book,1
Soto Deluxe Power Bank,Scott Modern Bedsheet,1
Soto Deluxe Power Bank,Sims Ultra Earbuds,1
Soto Deluxe Power Bank,Sparks Pro Scarf,1
Soto Deluxe Power Bank,Taylor Ultra T-Shirt,1
Soto Deluxe Power Bank,Vance Smart Bookshelf,1
Soto Deluxe Power Bank,Ward Pro Bedsheet,1
Sparks Pro Scarf,Baker Ultra Cushion,1
Sparks Pro Scarf,Blankenship Smart Router,1
Sparks Pro Scarf,Brown Modern Organizer,1
Sparks Pro Scarf,Carr Ultra Textbook,1
Sparks Pro Scarf,Cohen Essential Sneakers,1
Sparks Pro Scarf,Conrad Classic Tablet,1
Sparks Pro Scarf,Craig Eco Shorts,1
Sparks Pro Scarf,Eaton Ultra Dress,1
Sparks Pro Scarf,Garcia Pro Cookware Set,1
Sparks Pro Scarf,Hill Smart Mouse,1
Sparks Pro Scarf,Leon Classic Speaker,1
Sparks Pro Scarf,Logan Portable Biography,1
Sparks Pro Scarf,Maxwell Deluxe Blender,1
Sparks Pro Scarf,Mills Smart Router,1
Sparks Pro Scarf,Pace Modern Novel,1
Sparks Pro Scarf,Ross Compact Hoodie,1
Sparks Pro Scarf,Taylor Premium Anthology,1
Sparks Pro Scarf,Velez Premium Novel,1
Spencer Essential Comic Book,Maxwell Deluxe Blender,1
Spencer Essential Comic Book,Vasquez Ultra Tablet,1
Steele Pro Webcam,Castillo Compact Cookware Set,1
Steele Pro Webcam,Craig Eco Shorts,1
Steele Pro Webcam,Dunn Vintage Sweater,1
Steele Pro Webcam,Fields Premium Wall Clock,1
Steele Pro Webcam,Gordon Ultra Coffee Maker,1
Steele Pro Webcam,Green Deluxe Anthology,1
Steele Pro Webcam,Haynes Essential Speaker,1
Steele Pro Webcam,Holmes Pro Vase,1
Steele Pro Webcam,Matthews Compact Encyclopedia,1
Steele Pro Webcam,Mills Smart Router,1
Steele Pro Webcam,Perry Deluxe Hoodie,1
Steele Pro Webcam,Ross Compact Hoodie,1
Steele Pro Webcam,Ruiz Modern Anthology,1
Steele Pro Webcam,Schultz Smart Blazer,1
Steele Pro Webcam,Smith Portable Speaker,1
Steele Pro Webcam,Sparks Pro Scarf,1
Steele Pro Webcam,Sullivan Vintage T-Shirt,1
Steele Pro Webcam,Sutton Essential Cap,1
Steele Pro Webcam,Valentine Smart Bookshelf,1
Steele Pro Webcam,Velez Premium Novel,1
Steele Pro Webcam,Wong Pro Socks,1
Steele Pro Webcam,Young Eco Curtains,1
Stephens Compact Comic Book,Galvan Modern Blazer,1
Stephens Compact Comic Book,Huff Portable Cookware Set,1
Stephens Compact Comic Book,Kelly Classic Vase,1
Stephens Compact Comic Book,Mills Compact Monitor,1
Stephens Compact Comic Book,Mitchell Pro Encyclopedia,1
Stephens Compact Comic Book,Ross Modern Bookshelf,1
Stephens Compact Comic Book,Stewart Modern Novel,1
Stephens Compact Comic Book,White Portable Hoodie,1
Stephens Compact Comic Book,White Vintage Smartphone,1
Stewart Deluxe Scarf,Aguirre Compact Power Bank,1
Stewart Deluxe Scarf,Barber Premium Scarf,1
Stewart Deluxe Scarf,Gordon Ultra Coffee Maker,1
Stewart Deluxe Scarf,Holmes Pro Vase,1
Stewart Deluxe Scarf,Hughes Essential Curtains,1
Stewart Deluxe Scarf,Mack Portable Novel,1
Stewart Deluxe Scarf,Miller Eco Guidebook,1
Stewart Deluxe Scarf,Miller Vintage Smartwatch,1
Stewart Deluxe Scarf,Phillips Vintage Jacket,1
Stuart Classic Charger,Mosley Compact Monitor,1
Stuart Classic Charger,Ross Modern Bookshelf,1
Stuart Classic Charger,Sullivan Classic Novel,1
Sullivan Classic Curtains,Branch Modern Comic Book,1
Sullivan Classic Curtains,Carlson Vintage Curtains,1
Sullivan Classic Curtains,Cohen Vintage Textbook,1
Sullivan Classic Curtains,Lambert Smart Charger,1
Sullivan Classic Curtains,Lambert Ultra Socks,1
Sullivan Classic Curtains,Maxwell Deluxe Blender,1
Sullivan Classic Curtains,Mays Portable Comic Book,1
Sullivan Classic Curtains,Moore Compact Textbook,1
Sullivan Classic Curtains,Robinson Classic Sneakers,1
Sullivan Classic Curtains,Rowe Modern Tablet,1
Sullivan Classic Curtains,Smith Portable Speaker,1
Sullivan Classic Curtains,Smith Vintage Cushion,1
Sullivan Classic Curtains,Sparks Pro Scarf,1
Sullivan Classic Curtains,Ward Pro Bedsheet,1
Sullivan Classic Curtains,Wilson Compact Smartwatch,1
Sullivan Classic Curtains,Wilson Premium Sweater,1
Sullivan Classic Novel,Dunn Vintage Sweater,1
Sullivan Classic Novel,Goodman Modern Dress,1
Sullivan Classic Novel,Gordon Ultra Coffee Maker,1
Sullivan Classic Novel,Huff Portable Cookware Set,1
Sullivan Classic Novel,Morgan Premium Sneakers,1
Sullivan Classic Novel,Ross Modern Bookshelf,1
Sullivan Classic Novel,Wilson Premium Shorts,1
Sullivan Deluxe Dress,Craig Eco Shorts,1
Sullivan Deluxe Dress,Fisher Portable Vase,1
Sullivan Deluxe Dress,Gray Deluxe Hoodie,1
Sullivan Deluxe Dress,Gutierrez Portable Earbuds,1
Sullivan Deluxe Dress,Holmes Eco Atlas,1
Sullivan Deluxe Dress,Hopkins Essential Blazer,1
Sullivan Deluxe Dress,Leon Classic Speaker,1
Sullivan Deluxe Dress,Mccarty Vintage Jacket,1
Sullivan Deluxe Dress,Miller Vintage Smartwatch,1
Sullivan Deluxe Dress,Morgan Premium Sneakers,1
Sullivan Deluxe Dress,Morrow Vintage Vase,1
Sullivan Deluxe Dress,Owen Eco Cap,1
Sullivan Deluxe Dress,Padilla Premium Bookshelf,1
Sullivan Deluxe Dress,Palmer Classic Router,1
Sullivan Deluxe Dress,Pena Portable Camera,1
Sullivan Deluxe Dress,Robinson Portable Smartwatch,1
Sullivan Deluxe Dress,Schroeder Smart Earbuds,1
Sullivan Deluxe Dress,Thompson Essential Curtains,1
Sullivan Deluxe Dress,Velez Premium Novel,1
Sullivan Vintage T-Shirt,Dunn Vintage Sweater,1
Sullivan Vintage T-Shirt,Fields Premium Wall Clock,1
Sullivan Vintage T-Shirt,Fisher Portable Vase,1
Sullivan Vintage T-Shirt,Goodwin Portable Organizer,1
Sullivan Vintage T-Shirt,Jenkins Modern Dinner Set,1
Sullivan Vintage T-Shirt,Kent Smart Mouse,1
Sullivan Vintage T-Shirt,Logan Portable Biography,1
Sullivan Vintage T-Shirt,Nielsen Premium Smartphone,1
Sullivan Vintage T-Shirt,Reynolds Essential Novel,1
Sullivan Vintage T-Shirt,Robinson Vintage Earbuds,1
Sullivan Vintage T-Shirt,Rodriguez Ultra Hoodie,1
Sullivan Vintage T-Shirt,Schmidt Pro Comic Book,1
Sullivan Vintage T-Shirt,Smith Portable Speaker,1
Sullivan Vintage T-Shirt,Snyder Smart Camera,1
Sullivan Vintage T-Shirt,Sullivan Classic Novel,1
Sullivan Vintage T-Shirt,Valentine Smart Bookshelf,1
Sullivan Vintage T-Shirt,Wilson Premium Shorts,1
Sutton Essential Cap,Baker Deluxe Laptop,1
Sutton Essential Cap,Davis Portable Textbook,1
Sutton Essential Cap,Gonzalez Eco Biography,1
Sutton Essential Cap,Goodwin Portable Organizer,1
Sutton Essential Cap,Jenkins Modern Dinner Set,1
Sutton Essential Cap,Mills Smart Router,1
Sutton Essential Cap,Ross Compact Hoodie,1
Sutton Essential Cap,Roth Premium T-Shirt,1
Sutton Essential Cap,Sanchez Essential Monitor,1
Sutton Essential Cap,Serrano Essential Organizer,1
Sutton Essential Cap,Smith Ultra Atlas,1
Sutton Essential Cap,Sparks Pro Scarf,1
Sutton Essential Cap,Sullivan Deluxe Dress,1
Sutton Essential Cap,Thomas Ultra Bedsheet,1
Sutton Essential Cap,Velez Premium Novel,1
Swanson Premium Blazer,Carr Ultra Textbook,1
Swanson Premium Blazer,Holmes Eco Atlas,1
Swanson Premium Blazer,Knight Portable Speaker,1
Swanson Premium Blazer,Lynch Deluxe Sweater,1
Swanson Premium Blazer,Montoya Compact Journal,1
Swanson Premium Blazer,Morales Eco Organizer,1
Taylor Portable Comic Book,Brock Deluxe Mouse,1
Taylor Portable Comic Book,Cohen Essential Sneakers,1
Taylor Portable Comic Book,Dixon Premium Coffee Maker,1
Taylor Portable Comic Book,Gilbert Portable Jacket,1
Taylor Portable Comic Book,Gonzalez Eco Biography,1
Taylor Portable Comic Book,Hansen Premium Monitor,1
Taylor Portable Comic Book,Herrera Classic Charger,1
Taylor Portable Comic Book,Kent Smart Mouse,1
Taylor Portable Comic Book,Kramer Compact Textbook,1
Taylor Portable Comic Book,Mitchell Essential Cookware Set,1
Taylor Portable Comic Book,Ochoa Premium Mouse,1
Taylor Portable Comic Book,Ross Compact Hoodie,1
Taylor Portable Comic Book,Spencer Essential Comic Book,1
Taylor Portable Comic Book,Vasquez Ultra Tablet,1
Taylor Portable Comic Book,Wolfe Ultra Cap,1
Taylor Premium Anthology,Allen Pro Monitor,1
Taylor Premium Anthology,Cohen Vintage Textbook,1
Taylor Premium Anthology,Garcia Pro Cookware Set,1
Taylor Premium Anthology,Hale Vintage Cookbook,1
Taylor Premium Anthology,Morgan Premium Sneakers,1
Taylor Premium Anthology,Smith Vintage Socks,1
Taylor Premium Anthology,Webb Compact Cap,1
Taylor Ultra T-Shirt,Aguilar Pro Scarf,1
Taylor Ultra T-Shirt,Brooks Premium Novel,1
Taylor Ultra T-Shirt,Davis Premium Wall Clock,1
Taylor Ultra T-Shirt,Dixon Premium Coffee Maker,1
Taylor Ultra T-Shirt,Galvan Modern Blazer,1
Taylor Ultra T-Shirt,Garcia Pro Cookware Set,1
Taylor Ultra T-Shirt,Hale Vintage Cookbook,1
Taylor Ultra T-Shirt,Harmon Deluxe Vase,1
Taylor Ultra T-Shirt,Hernandez Portable Headphones,1
Taylor Ultra T-Shirt,Hill Essential Textbook,1
Taylor Ultra T-Shirt,Hill Smart Mouse,1
Taylor Ultra T-Shirt,Hood Vintage Wall Clock,1
Taylor Ultra T-Shirt,Juarez Ultra Cap,1
Taylor Ultra T-Shirt,Kent Smart Mouse,1
Taylor Ultra T-Shirt,Kramer Compact Textbook,1
Taylor Ultra T-Shirt,Leonard Ultra Monitor,1
Taylor Ultra T-Shirt,Maxwell Deluxe Blender,1
Taylor Ultra T-Shirt,Mills Smart Router,1
Taylor Ultra T-Shirt,Montoya Compact Journal,1
Taylor Ultra T-Shirt,Olson Compact Blender,1
Taylor Ultra T-Shirt,Reese Vintage Headphones,1
Taylor Ultra T-Shirt,Richards Compact Cookware Set,1
Taylor Ultra T-Shirt,Ross Compact Hoodie,1
Taylor Ultra T-Shirt,Rubio Modern Textbook,1
Taylor Ultra T-Shirt,Smith Compact Dress,1
Taylor Ultra T-Shirt,Sparks Pro Scarf,1
Taylor Ultra T-Shirt,Spencer Essential Comic Book,1
Taylor Ultra T-Shirt,Taylor Portable Comic Book,1
Taylor Ultra T-Shirt,Valenzuela Classic Bedsheet,1
Taylor Ultra T-Shirt,Vasquez Ultra Tablet,1
Taylor Ultra T-Shirt,White Portable Encyclopedia,1
Thomas Eco Bookshelf,Baker Ultra Cushion,1
Thomas Eco Bookshelf,Calhoun Vintage Curtains,1
Thomas Eco Bookshelf,Galvan Modern Blazer,1
Thomas Eco Bookshelf,Gonzalez Eco Biography,1
Thomas Eco Bookshelf,Jones Essential Biography,1
Thomas Eco Bookshelf,Medina Classic Jeans,1
Thomas Eco Bookshelf,Meyer Eco Laptop,1
Thomas Eco Bookshelf,Mosley Compact Monitor,1
Thomas Eco Bookshelf,Nielsen Eco Journal,1
Thomas Eco Bookshelf,Pace Modern Novel,1
Thomas Eco Comic Book,Cunningham Compact Bedsheet,1
Thomas Eco Comic Book,Davis Premium Wall Clock,1
Thomas Eco Comic Book,Gonzalez Eco Biography,1
Thomas Eco Comic Book,Greene Ultra T-Shirt,1
Thomas Eco Comic Book,Hartman Compact Webcam,1
Thomas Eco Comic Book,Hinton Pro Tablet,1
Thomas Eco Comic Book,Hopkins Essential Camera,1
Thomas Eco Comic Book,Jones Pro Biography,1
Thomas Eco Comic Book,Kramer Compact Textbook,1
Thomas Eco Comic Book,Lee Ultra Hoodie,1
Thomas Eco Comic Book,Lewis Eco Vase,1
Thomas Eco Comic Book,Mack Portable Novel,1
Thomas Eco Comic Book,Moore Compact Textbook,1
Thomas Eco Comic Book,Mosley Compact Monitor,1
Thomas Eco Comic Book,Richards Compact Cookware Set,1
Thomas Eco Comic Book,Ross Compact Hoodie,1
Thomas Eco Comic Book,Ryan Eco Mouse,1
Thomas Eco Comic Book,Scott Vintage Textbook,1
Thomas Eco Comic Book,Taylor Portable Comic Book,1
Thomas Eco Comic Book,Valenzuela Classic Bedsheet,1
Thomas Eco Comic Book,Vance Essential Headphones,1
Thomas Eco Comic Book,White Vintage Smartphone,1
Thomas Eco Comic Book,Wilson Premium Shorts,1
Thomas Eco Comic Book,Wong Pro Socks,1
Thomas Eco Comic Book,Wood Deluxe Vase,1
Thomas Eco Smartwatch,Barber Premium Scarf,1
Thomas Eco Smartwatch,Bennett Ultra Jeans,1
Thomas Eco Smartwatch,Brown Vintage Guidebook,1
Thomas Eco Smartwatch,Carr Ultra Textbook,1
Thomas Eco Smartwatch,Charles Deluxe Novel,1
Thomas Eco Smartwatch,Cohen Essential Sneakers,1
Thomas Eco Smartwatch,Craig Eco Shorts,1
Thomas Eco Smartwatch,Davidson Compact Coffee Maker,1
Thomas Eco Smartwatch,Gibson Modern Cap,1
Thomas Eco Smartwatch,Gonzalez Compact Jeans,1
Thomas Eco Smartwatch,Gray Deluxe Hoodie,1
Thomas Eco Smartwatch,Hughes Essential Curtains,1
Thomas Eco Smartwatch,Hunt Classic Monitor,1
Thomas Eco Smartwatch,Keith Premium Coffee Maker,1
Thomas Eco Smartwatch,Kelley Essential Laptop,1
Thomas Eco Smartwatch,Lambert Smart Charger,1
Thomas Eco Smartwatch,Lawrence Ultra Coffee Maker,1
Thomas Eco Smartwatch,Leonard Ultra Monitor,1
Thomas Eco Smartwatch,Mitchell Essential Cookware Set,1
Thomas Eco Smartwatch,Ortiz Eco Cap,1
Thomas Eco Smartwatch,Price Portable Novel,1
Thomas Eco Smartwatch,Ramos Premium Anthology,1
Thomas Eco Smartwatch,Valenzuela Classic Bedsheet,1
Thomas Eco Smartwatch,Vance Smart Bookshelf,1
Thomas Eco Smartwatch,Ward Pro Textbook,1
Thomas Eco Smartwatch,White Portable Encyclopedia,1
Thomas Eco Smartwatch,White Vintage Smartphone,1
Thomas Ultra Bedsheet,Ballard Classic Router,1
Thomas Ultra Bedsheet,Cannon Portable Cap,1
Thomas Ultra Bedsheet,Galvan Modern Blazer,1
Thomas Ultra Bedsheet,Gonzalez Eco Biography,1
Thomas Ultra Bedsheet,Goodwin Portable Organizer,1
Thomas Ultra Bedsheet,Mills Smart Router,1
Thomas Ultra Bedsheet,Mosley Compact Monitor,1
Thomas Ultra Bedsheet,Palmer Classic Router,1
Thomas Ultra Bedsheet,Rowe Modern Tablet,1
Thomas Ultra Bedsheet,Snyder Smart Camera,1
Thomas Ultra Blender,Arnold Modern Biography,1
Thomas Ultra Blender,Brock Deluxe Mouse,1
Thomas Ultra Blender,Dixon Premium Coffee Maker,1
Thomas Ultra Blender,Garcia Classic Comic Book,1
Thomas Ultra Blender,Kent Smart Mouse,1
Thomas Ultra Blender,Lynch Deluxe Sweater,1
Thomas Ultra Blender,Powell Portable Dress,1
Thomas Ultra Blender,Schultz Smart Blazer,1
Thompson Compact Encyclopedia,Arias Modern Shorts,1
Thompson Compact Encyclopedia,Carr Ultra Textbook,1
Thompson Compact Encyclopedia,Mclaughlin Pro Guidebook,1
Thompson Compact Encyclopedia,Wilson Premium Shorts,1
Thompson Compact Encyclopedia,Wright Vintage Cookbook,1
Thompson Eco Jeans,Baker Ultra Encyclopedia,1
Thompson Essential Curtains,Bennett Ultra Jeans,1
Thompson Essential Curtains,Calhoun Vintage Curtains,1
Thompson Essential Curtains,Gonzalez Eco Biography,1
Thompson Essential Curtains,Pena Portable Camera,1
Thompson Essential Curtains,Smith Vintage Socks,1
Thompson Modern Cookbook,Aguilar Pro Scarf,1
Thompson Modern Cookbook,Blankenship Smart Router,1
Thompson Modern Cookbook,Campbell Premium Router,1
Thompson Modern Cookbook,Cox Vintage Router,1
Thompson Modern Cookbook,Figueroa Portable Coffee Maker,1
Thompson Modern Cookbook,Fisher Portable Vase,1
Thompson Modern Cookbook,Gordon Ultra Coffee Maker,1
Thompson Modern Cookbook,Hall Ultra Blender,1
Thompson Modern Cookbook,Hernandez Portable Headphones,1
Thompson Modern Cookbook,Hess Portable Lamp,1
Thompson Modern Cookbook,Obrien Premium Speaker,1
Thompson Modern Cookbook,Sanders Modern Coffee Maker,1
Thompson Modern Cookbook,Vasquez Ultra Tablet,1
Thompson Modern Cookbook,Young Smart Cookbook,1
Todd Ultra Jeans,Costa Vintage Biography,1
Todd Ultra Jeans,Garza Pro Jacket,1
Todd Ultra Jeans,Goodman Modern Dress,1
Todd Ultra Jeans,Hunt Classic Monitor,1
Todd Ultra Jeans,Macias Eco Mouse,1
Todd Ultra Jeans,Miller Modern Wall Clock,1
Todd Ultra Jeans,Mitchell Pro Encyclopedia,1
Todd Ultra Jeans,Simmons Deluxe Jacket,1
Todd Ultra Jeans,Spencer Essential Comic Book,1
Todd Ultra Jeans,Thomas Eco Bookshelf,1
Townsend Compact Shorts,Atkinson Ultra Jacket,1
Townsend Compact Shorts,Carr Ultra Textbook,1
Townsend Compact Shorts,Craig Eco Shorts,1
Townsend Compact Shorts,Hardin Pro Cookbook,1
Townsend Compact Shorts,Haynes Classic Webcam,1
Townsend Compact Shorts,King Eco Textbook,1
Townsend Compact Shorts,King Smart Camera,1
Townsend Compact Shorts,Perez Premium Biography,1
Townsend Compact Shorts,Phillips Compact Coffee Maker,1
Townsend Compact Shorts,Robinson Eco Novel,1
Tucker Modern Blender,Allen Eco Novel,1
Tucker Modern Blender,Cannon Portable Cap,1
Tucker Modern Blender,Cunningham Compact Bedsheet,1
Tucker Modern Blender,Golden Essential Jeans,1
Tucker Modern Blender,Gonzalez Premium Cushion,1
Tucker Modern Blender,Grant Portable T-Shirt,1
Tucker Modern Blender,Gray Smart Dinner Set,1
Tucker Modern Blender,Mack Portable Novel,1
Tucker Modern Blender,Morgan Vintage Hoodie,1
Tucker Modern Blender,Mosley Compact Monitor,1
Tucker Modern Blender,Murphy Essential Biography,1
Tucker Modern Blender,Ochoa Premium Mouse,1
Tucker Modern Blender,Richards Compact Cookware Set,1
Tucker Modern Blender,Robinson Portable Smartwatch,1
Tucker Modern Blender,Ryan Eco Mouse,1
Tucker Modern Blender,Thomas Eco Bookshelf,1
Tucker Modern Blender,Ward Pro Textbook,1
Tucker Modern Blender,Webb Deluxe Dinner Set,1
Tucker Modern Blender,Winters Premium Smartphone,1
Tucker Pro Organizer,Barnett Classic Novel,1
Tucker Pro Organizer,Cortez Classic Socks,1
Tucker Pro Organizer,Flores Vintage Laptop,1
Tucker Pro Organizer,Guerrero Pro Headphones,1
Tucker Pro Organizer,Hardin Pro Cookbook,1
Tucker Pro Organizer,Hartman Compact Webcam,1
Tucker Pro Organizer,Holden Compact Dinner Set,1
Tucker Pro Organizer,Jennings Smart Camera,1
Tucker Pro Organizer,Kent Smart Mouse,1
Tucker Pro Organizer,Morgan Vintage Hoodie,1
Tucker Pro Organizer,Potter Deluxe Cookbook,1
Tucker Pro Organizer,Robles Vintage Dinner Set,1
Tucker Pro Organizer,Shaw Compact Hoodie,1
Tucker Pro Organizer,Walsh Eco Jeans,1
Tucker Pro Organizer,Watson Eco Sneakers,1
Tucker Ultra Bedsheet,Baker Ultra Encyclopedia,1
Tucker Ultra Bedsheet,Gonzalez Premium Cushion,1
Tucker Ultra Bedsheet,Hansen Premium Scarf,1
Tucker Ultra Bedsheet,Harris Compact Tablet,1
Tucker Ultra Bedsheet,Hernandez Portable Headphones,1
Tucker Ultra Bedsheet,Jenkins Modern Dinner Set,1
Tucker Ultra Bedsheet,Moore Portable Blender,1
Tucker Ultra Bedsheet,Rivera Modern Bookshelf,1
Tucker Ultra Bedsheet,Rowe Modern Tablet,1
Tucker Ultra Bedsheet,Scott Ultra Cookware Set,1
Tucker Ultra Bedsheet,Williams Deluxe Novel,1
Turner Pro Textbook,Armstrong Deluxe Bookshelf,1
Turner Pro Textbook,Black Deluxe Cookbook,1
Turner Pro Textbook,Brewer Modern Jacket,1
Turner Pro Textbook,Brock Smart Dress,1
Turner Pro Textbook,Brown Vintage Guidebook,1
Turner Pro Textbook,Campbell Premium Router,1
Turner Pro Textbook,Cunningham Compact Bedsheet,1
Turner Pro Textbook,Dunn Vintage Sweater,1
Turner Pro Textbook,Goodwin Portable Organizer,1
Turner Pro Textbook,Gutierrez Portable Earbuds,1
Turner Pro Textbook,Jones Essential Shorts,1
Turner Pro Textbook,King Pro Curtains,1
Turner Pro Textbook,Montoya Vintage Biography,1
Turner Pro Textbook,Pace Modern Novel,1
Turner Pro Textbook,Perry Deluxe Hoodie,1
Turner Pro Textbook,Reed Classic Textbook,1
Turner Pro Textbook,Scott Modern Bedsheet,1
Turner Pro Textbook,Smith Essential Organizer,1
Turner Pro Textbook,Stewart Modern Novel,1
Turner Pro Textbook,Thomas Eco Bookshelf,1
Turner Pro Textbook,Walker Modern Cookware Set,1
Turner Pro Textbook,Ward Pro Bedsheet,1
Turner Pro Textbook,White Portable Encyclopedia,1
Turner Pro Textbook,Wong Essential Tablet,1
Tyler Compact Socks,Atkinson Premium Encyclopedia,1
Tyler Compact Socks,Bell Modern Guidebook,1
Tyler Compact Socks,Blankenship Smart Router,1
Tyler Compact Socks,Burke Eco Wall Clock,1
Tyler Compact Socks,Cannon Portable Cap,1
Tyler Compact Socks,Cohen Vintage Textbook,1
Tyler Compact Socks,Cox Vintage Router,1
Tyler Compact Socks,Eaton Ultra Dress,1
Tyler Compact Socks,Figueroa Modern Coffee Maker,1
Tyler Compact Socks,Gonzalez Eco Biography,1
Tyler Compact Socks,Greene Ultra T-Shirt,1
Tyler Compact Socks,Hartman Compact Webcam,1
Tyler Compact Socks,Hinton Pro Tablet,1
Tyler Compact Socks,Jefferson Premium Organizer,1
Tyler Compact Socks,King Smart Camera,1
Tyler Compact Socks,Lewis Vintage Textbook,1
Tyler Compact Socks,Macdonald Classic Atlas,1
Tyler Compact Socks,May Portable Keyboard,1
Tyler Compact Socks,Mcclain Eco Biography,1
Tyler Compact Socks,Nielsen Premium Smartphone,1
Tyler Compact Socks,Phillips Compact Coffee Maker,1
Tyler Compact Socks,Reed Vintage Scarf,1
Tyler Compact Socks,Ruiz Modern Anthology,1
Tyler Compact Socks,Snyder Smart Camera,1
Tyler Compact Socks,Sullivan Vintage T-Shirt,1
Tyler Compact Socks,Thompson Essential Curtains,1
Tyler Compact Socks,Valdez Essential Sweater,1
Tyler Compact Socks,Wilson Premium Shorts,1
Underwood Modern Bookshelf,Long Vintage Blender,1
Underwood Modern Bookshelf,Moore Portable Blender,1
Underwood Modern Bookshelf,Newman Premium Webcam,1
Underwood Modern Bookshelf,Ruiz Vintage Tablet,1
Underwood Modern Bookshelf,Smith Compact Dress,1
Underwood Modern Bookshelf,Ward Pro Bedsheet,1
Underwood Modern Bookshelf,Watson Eco Sneakers,1
Valdez Essential Sweater,Cohen Vintage Textbook,1
Valdez Essential Sweater,Craig Eco Shorts,1
Valdez Essential Sweater,Cunningham Compact Bedsheet,1
Valdez Essential Sweater,Gonzalez Eco Biography,1
Valdez Essential Sweater,Guzman Smart Coffee Maker,1
Valdez Essential Sweater,Hanson Compact Vase,1
Valdez Essential Sweater,Maxwell Deluxe Blender,1
Valdez Essential Sweater,Maynard Compact Comic Book,1
Valdez Essential Sweater,Morgan Premium Sneakers,1
Valdez Essential Sweater,Obrien Premium Speaker,1
Valdez Essential Sweater,Palmer Classic Router,1
Valdez Essential Sweater,Schultz Smart Blazer,1
Valdez Essential Sweater,Scott Vintage Textbook,1
Valdez Essential Sweater,Sutton Essential Cap,1
Valdez Essential Sweater,Thompson Essential Curtains,1
Valentine Smart Bookshelf,Arias Modern Shorts,1
Valentine Smart Bookshelf,Brock Smart Dress,1
Valentine Smart Bookshelf,Davis Portable Textbook,1
Valentine Smart Bookshelf,Fields Premium Wall Clock,1
Valentine Smart Bookshelf,Hinton Pro Tablet,1
Valentine Smart Bookshelf,Mills Compact Monitor,1
Valentine Smart Bookshelf,Serrano Essential Organizer,1
Valentine Smart Bookshelf,Smith Portable Speaker,1
Valentine Smart Bookshelf,Velez Premium Novel,1
Valenzuela Classic Bedsheet,Dunn Vintage Sweater,1
Valenzuela Classic Bedsheet,Gibson Modern Cap,1
Valenzuela Classic Bedsheet,Holmes Eco Atlas,1
Valenzuela Classic Bedsheet,Ochoa Premium Mouse,1
Valenzuela Classic Bedsheet,Ramsey Pro Jacket,1
Valenzuela Classic Bedsheet,Ross Modern Bookshelf,1
Valenzuela Classic Bedsheet,Schmidt Pro Comic Book,1
Vance Essential Headphones,Garza Pro Jacket,1
Vance Essential Headphones,Macias Eco Mouse,1
Vance Essential Headphones,Mendez Pro Bedsheet,1
Vance Essential Headphones,Ochoa Premium Mouse,1
Vance Essential Headphones,Richards Compact Cookware Set,1
Vance Essential Headphones,Roth Premium T-Shirt,1
Vance Essential Headphones,Taylor Portable Comic Book,1
Vance Smart Bookshelf,Braun Eco Dress,1
Vance Smart Bookshelf,Hill Essential Textbook,1
Vance Smart Bookshelf,Mack Portable Novel,1
Vance Smart Bookshelf,Mclaughlin Pro Guidebook,1
Vance Smart Bookshelf,Mendoza Ultra Coffee Maker,1
Vance Smart Bookshelf,Mitchell Pro Encyclopedia,1
Vance Smart Bookshelf,Padilla Premium Bookshelf,1
Vance Smart Bookshelf,Robinson Vintage Earbuds,1
Vance Smart Bookshelf,Thompson Essential Curtains,1
Vance Smart Bookshelf,Villanueva Modern Cookware Set,1
Vargas Eco Cap,Avery Smart Organizer,1
Vargas Eco Cap,Gordon Ultra Coffee Maker,1
Vargas Eco Cap,Holmes Eco Atlas,1
Vargas Eco Cap,Jackson Ultra Comic Book,1
Vargas Eco Cap,Rich Smart Textbook,1
Vargas Eco Cap,Robinson Vintage Earbuds,1
Vargas Eco Cap,Simmons Deluxe Jacket,1
Vargas Eco Cap,Smith Compact Dress,1
Vargas Eco Cap,Young Modern Headphones,1
Velez Premium Novel,Barber Premium Scarf,1
Velez Premium Novel,Cannon Portable Cap,1
Velez Premium Novel,Coleman Eco Cookbook,1
Velez Premium Novel,Edwards Essential Cushion,1
Velez Premium Novel,Mccarty Vintage Jacket,1
Velez Premium Novel,Pena Portable Camera,1
Velez Premium Novel,Price Portable Novel,1
Velez Premium Novel,Ross Compact Hoodie,1
Velez Premium Novel,Rowe Modern Tablet,1
Velez Premium Novel,Shields Portable Vase,1
Velez Premium Novel,White Portable Encyclopedia,1
Velez Premium Novel,Williams Smart Atlas,1
Villanueva Modern Cookware Set,Baker Smart Keyboard,1
Villanueva Modern Cookware Set,Cantrell Compact Organizer,1
Villanueva Modern Cookware Set,Conley Smart Blender,1
Villanueva Modern Cookware Set,Goodwin Portable Organizer,1
Villanueva Modern Cookware Set,Hansen Premium Monitor,1
Villanueva Modern Cookware Set,Jacobs Essential Curtains,1
Villanueva Modern Cookware Set,Lynch Deluxe Sweater,1
Villanueva Modern Cookware Set,Mills Smart Router,1
Villanueva Modern Cookware Set,Thompson Essential Curtains,1
Villanueva Modern Cookware Set,Wright Vintage Cookbook,1
Vincent Eco Smartwatch,Aguilar Pro Scarf,1
Vincent Eco Smartwatch,Barnett Classic Novel,1
Vincent Eco Smartwatch,Cannon Portable Cap,1
Vincent Eco Smartwatch,Douglas Vintage Journal,1
Vincent Eco Smartwatch,Gray Deluxe Hoodie,1
Vincent Eco Smartwatch,Gray Smart Dinner Set,1
Vincent Eco Smartwatch,Harris Ultra Sweater,1
Vincent Eco Smartwatch,Holmes Eco Atlas,1
Vincent Eco Smartwatch,Jefferson Premium Organizer,1
Vincent Eco Smartwatch,Mclaughlin Pro Guidebook,1
Vincent Eco Smartwatch,Morgan Premium Sneakers,1
Vincent Eco Smartwatch,Price Portable Novel,1
Vincent Eco Smartwatch,Smith Vintage Cushion,1
Vincent Eco Smartwatch,Sosa Deluxe Sneakers,1
Vincent Eco Smartwatch,Spencer Essential Comic Book,1
Vincent Eco Smartwatch,Sullivan Classic Novel,1
Vincent Eco Smartwatch,Webb Compact Cap,1
Vincent Eco Smartwatch,Young Eco Curtains,1
Walker Modern Cookware Set,Dixon Deluxe Cookbook,1
Walker Modern Cookware Set,Guzman Smart Coffee Maker,1
Walker Modern Cookware Set,Harris Compact Tablet,1
Walker Modern Cookware Set,Pace Modern Novel,1
Walker Modern Cookware Set,Perez Compact Keyboard,1
Walker Modern Cookware Set,Peterson Eco Sneakers,1
Walker Modern Cookware Set,Smith Classic Charger,1
Walker Modern Cookware Set,Sosa Deluxe Sneakers,1
Walsh Eco Jeans,Carlson Vintage Curtains,1
Walsh Eco Jeans,Coleman Eco Cookbook,1
Walsh Eco Jeans,Fisher Portable Vase,1
Walsh Eco Jeans,Hale Vintage Cookbook,1
Walsh Eco Jeans,Hartman Compact Webcam,1
Walsh Eco Jeans,Jacobs Essential Curtains,1
Walsh Eco Jeans,Manning Eco Charger,1
Walsh Eco Jeans,Medina Classic Jeans,1
Walsh Eco Jeans,Mitchell Pro Encyclopedia,1
Walsh Eco Jeans,Ochoa Premium Mouse,1
Walsh Eco Jeans,Robinson Portable Smartwatch,1
Walsh Eco Jeans,Ryan Eco Mouse,1
Walsh Eco Jeans,Schroeder Smart Earbuds,1
Walters Compact Atlas,Arnold Modern Biography,1
Walters Compact Atlas,Avery Smart Organizer,1
Walters Compact Atlas,Brown Modern Organizer,1
Walters Compact Atlas,Craig Eco Shorts,1
Walters Compact Atlas,Edwards Smart Cookbook,1
Walters Compact Atlas,Gonzalez Premium Cushion,1
Walters Compact Atlas,Greene Ultra T-Shirt,1
Walters Compact Atlas,Gutierrez Portable Earbuds,1
Walters Compact Atlas,Hughes Essential Curtains,1
Walters Compact Atlas,King Deluxe Smartphone,1
Walters Compact Atlas,Lambert Ultra Socks,1
Walters Compact Atlas,Lewis Eco Vase,1
Walters Compact Atlas,Mcbride Eco Anthology,1
Walters Compact Atlas,Miller Classic T-Shirt,1
Walters Compact Atlas,Ochoa Premium Mouse,1
Walters Compact Atlas,Rich Smart Textbook,1
Walters Compact Atlas,Robinson Eco Novel,1
Walters Compact Atlas,Schultz Smart Blazer,1
Walters Compact Atlas,Serrano Compact Dress,1
Walters Compact Atlas,Sims Ultra Earbuds,1
Walters Compact Atlas,Smith Essential Organizer,1
Walters Compact Atlas,Tucker Modern Blender,1
Walters Compact Atlas,Vasquez Ultra Tablet,1
Walters Compact Atlas,Ward Pro Textbook,1
Walters Compact Atlas,Williams Essential Journal,1
Ward Pro Bedsheet,Baker Ultra Encyclopedia,1
Ward Pro Bedsheet,Padilla Premium Bookshelf,1
Ward Pro Bedsheet,Scott Modern Bedsheet,1
Ward Pro Bedsheet,Thompson Eco Jeans,1
Ward Pro Textbook,Berry Smart Router,1
Ward Pro Textbook,Dunn Vintage Sweater,1
Ward Pro Textbook,Fields Premium Wall Clock,1
Ward Pro Textbook,Gregory Classic Novel,1
Ward Pro Textbook,Jennings Essential T-Shirt,1
Ward Pro Textbook,Miller Vintage Smartwatch,1
Ward Pro Textbook,Mitchell Essential Cookware Set,1
Ward Pro Textbook,Mosley Compact Monitor,1
Ward Pro Textbook,Reed Classic Textbook,1
Ward Pro Textbook,Ross Modern Bookshelf,1
Ward Pro Textbook,Snyder Smart Camera,1
Ward Pro Textbook,Thomas Eco Bookshelf,1
Ware Pro Comic Book,Brown Vintage Guidebook,1
Ware Pro Comic Book,Castillo Compact Cookware Set,1
Ware Pro Comic Book,Graham Essential Wall Clock,1
Ware Pro Comic Book,Hansen Premium Scarf,1
Ware Pro Comic Book,Jones Compact Bedsheet,1
Ware Pro Comic Book,Joseph Vintage Novel,1
Ware Pro Comic Book,Lewis Vintage Textbook,1
Ware Pro Comic Book,Morgan Premium Sneakers,1
Ware Pro Comic Book,Ochoa Premium Mouse,1
Ware Pro Comic Book,Phillips Vintage Jacket,1
Ware Pro Comic Book,Robinson Portable Smartwatch,1
Ware Pro Comic Book,Scott Classic Monitor,1
Ware Pro Comic Book,Scott Vintage Textbook,1
Ware Pro Comic Book,Smith Vintage Cushion,1
Ware Pro Comic Book,Vasquez Ultra Tablet,1
Ware Pro Comic Book,Vincent Eco Smartwatch,1
Ware Pro Comic Book,Ward Pro Bedsheet,1
Ware Pro Comic Book,Williams Essential Journal,1
Ware Pro Comic Book,Young Eco Curtains,1
Webb Compact Cap,Mclaughlin Pro Guidebook,1
Webb Compact Cap,Morgan Premium Sneakers,1
Webb Deluxe Dinner Set,Gordon Ultra Coffee Maker,1
Webb Deluxe Dinner Set,Morgan Vintage Hoodie,1
Webb Deluxe Dinner Set,Sosa Deluxe Sneakers,1
Webb Deluxe Dinner Set,Wright Vintage Cookbook,1
Welch Premium Dinner Set,Coleman Eco Cookbook,1
Welch Premium Dinner Set,Dixon Deluxe Cookbook,1
Welch Premium Dinner Set,Hardin Pro Cookbook,1
Welch Premium Dinner Set,Hartman Compact Webcam,1
Welch Premium Dinner Set,Johnson Deluxe Charger,1
Welch Premium Dinner Set,Lee Ultra Hoodie,1
Welch Premium Dinner Set,Miller Modern Wall Clock,1
Welch Premium Dinner Set,Richards Compact Cookware Set,1
Welch Premium Dinner Set,Rubio Modern Textbook,1
Welch Premium Dinner Set,Schmidt Pro Comic Book,1
Welch Premium Dinner Set,Schroeder Smart Earbuds,1
Welch Premium Dinner Set,Sparks Pro Scarf,1
Welch Premium Dinner Set,Spencer Essential Comic Book,1
Welch Premium Dinner Set,Taylor Ultra T-Shirt,1
Welch Premium Dinner Set,Webb Compact Cap,1
Wells Modern Guidebook,Baker Smart Keyboard,1
Wells Modern Guidebook,Bartlett Modern Atlas,1
Wells Modern Guidebook,Brown Modern Organizer,1
Wells Modern Guidebook,Cox Vintage Router,1
Wells Modern Guidebook,Eaton Classic Wall Clock,1
Wells Modern Guidebook,Gonzales Pro Earbuds,1
Wells Modern Guidebook,Gonzalez Eco Biography,1
Wells Modern Guidebook,Goodwin Portable Organizer,1
Wells Modern Guidebook,Gutierrez Portable Earbuds,1
Wells Modern Guidebook,Jones Compact Biography,1
Wells Modern Guidebook,King Pro Curtains,1
Wells Modern Guidebook,Lee Compact Socks,1
Wells Modern Guidebook,Macias Eco Mouse,1
Wells Modern Guidebook,Ramirez Modern Bedsheet,1
Wells Modern Guidebook,Ramsey Pro Jacket,1
Wells Modern Guidebook,Sanchez Deluxe Power Bank,1
Wells Modern Guidebook,Sims Ultra Earbuds,1
Wells Modern Guidebook,Sutton Essential Cap,1
Wells Modern Guidebook,Thomas Ultra Bedsheet,1
Wells Modern Guidebook,Vance Essential Headphones,1
Wells Modern Guidebook,Wilson Deluxe Dress,1
Wells Modern Guidebook,Wilson Vintage Hoodie,1
Wells Modern Guidebook,Young Smart Cookbook,1
White Essential Vase,Aguilar Ultra Hoodie,1
White Essential Vase,Anderson Classic Laptop,1
White Essential Vase,Castillo Compact Cookware Set,1
White Essential Vase,Conley Smart Blender,1
White Essential Vase,Davidson Compact Coffee Maker,1
White Essential Vase,Dunn Vintage Sweater,1
White Essential Vase,Garcia Pro Cookware Set,1
White Essential Vase,Green Deluxe Anthology,1
White Essential Vase,Harris Ultra Sweater,1
White Essential Vase,Haynes Essential Speaker,1
White Essential Vase,Hernandez Portable Headphones,1
White Essential Vase,Nielsen Premium Smartphone,1
White Essential Vase,Richards Compact Cookware Set,1
White Essential Vase,Ruiz Vintage Tablet,1
White Essential Vase,Schultz Smart Blazer,1
White Essential Vase,Sullivan Deluxe Dress,1
White Essential Vase,Sutton Essential Cap,1
White Essential Vase,Winters Premium Smartphone,1
White Portable Encyclopedia,Charles Deluxe Novel,1
White Portable Encyclopedia,Mclaughlin Pro Guidebook,1
White Portable Hoodie,Cantrell Compact Organizer,1
White Portable Hoodie,Dixon Premium Coffee Maker,1
White Portable Hoodie,Perez Compact Keyboard,1
White Portable Hoodie,Reese Vintage Headphones,1
White Portable Hoodie,Stewart Modern Novel,1
White Vintage Smartphone,Charles Deluxe Novel,1
White Vintage Smartphone,Miller Classic T-Shirt,1
White Vintage Smartphone,White Portable Encyclopedia,1
Whitehead Compact Camera,Allen Pro Monitor,1
Whitehead Compact Camera,Cohen Essential Sneakers,1
Whitehead Compact Camera,Craig Eco Shorts,1
Whitehead Compact Camera,Dunn Vintage Sweater,1
Whitehead Compact Camera,Frazier Premium Bookshelf,1
Whitehead Compact Camera,Hall Ultra Blender,1
Whitehead Compact Camera,Maynard Compact Comic Book,1
Whitehead Compact Camera,Moore Compact Textbook,1
Whitehead Compact Camera,Nielsen Premium Smartphone,1
Whitehead Compact Camera,Perez Premium Biography,1
Whitehead Compact Camera,Peterson Eco Sneakers,1
Whitehead Compact Camera,Rich Smart Textbook,1
Whitehead Compact Camera,Rodriguez Ultra Hoodie,1
Whitehead Compact Camera,Sullivan Vintage T-Shirt,1
Whitehead Compact Camera,Williams Deluxe Novel,1
Whitehead Compact Camera,Williams Pro Wall Clock,1
Williams Deluxe Novel,Caldwell Eco Wall Clock,1
Williams Deluxe Novel,Carr Ultra Textbook,1
Williams Deluxe Novel,George Ultra Coffee Maker,1
Williams Deluxe Novel,Gomez Smart Guidebook,1
Williams Deluxe Novel,Harmon Deluxe Vase,1
Williams Deluxe Novel,Harris Compact Tablet,1
Williams Deluxe Novel,Haynes Essential Speaker,1
Williams Deluxe Novel,Hernandez Portable Headphones,1
Williams Deluxe Novel,Hill Smart Mouse,1
Williams Deluxe Novel,Hudson Smart Organizer,1
Williams Deluxe Novel,Kaufman Essential Comic Book,1
Williams Deluxe Novel,Mosley Compact Monitor,1
Williams Deluxe Novel,Olson Deluxe Laptop,1
Williams Deluxe Novel,Robinson Portable Smartwatch,1
Williams Deluxe Novel,Scott Modern Bedsheet,1
Williams Deluxe Novel,Walker Modern Cookware Set,1
Williams Deluxe Novel,Williams Pro Wall Clock,1
Williams Essential Journal,George Ultra Coffee Maker,1
Williams Essential Journal,Knight Portable Speaker,1
Williams Essential Journal,Lewis Eco Vase,1
Williams Essential Journal,Miller Classic T-Shirt,1
Williams Essential Journal,Morgan Premium Sneakers,1
Williams Essential Journal,Romero Ultra Biography,1
Williams Essential Journal,Ryan Eco Mouse,1
Williams Essential Journal,Smith Vintage Cushion,1
Williams Essential Journal,Sullivan Classic Novel,1
Williams Essential Journal,Swanson Premium Blazer,1
Williams Essential Journal,Vasquez Ultra Tablet,1
Williams Essential Journal,Vincent Eco Smartwatch,1
Williams Essential Journal,Welch Premium Dinner Set,1
Williams Essential Journal,Young Eco Curtains,1
Williams Premium Mouse,Aguirre Compact Power Bank,1
Williams Premium Mouse,Barber Premium Scarf,1
Williams Premium Mouse,Craig Eco Shorts,1
Williams Premium Mouse,Gray Smart Dinner Set,1
Williams Premium Mouse,Holmes Eco Atlas,1
Williams Premium Mouse,Kaufman Essential Comic Book,1
Williams Premium Mouse,Knight Pro Cookbook,1
Williams Premium Mouse,Miller Vintage Dinner Set,1
Williams Premium Mouse,Robinson Vintage Earbuds,1
Williams Premium Mouse,Rowe Modern Tablet,1
Williams Premium Mouse,Scott Ultra Cookware Set,1
Williams Premium Mouse,Thomas Ultra Bedsheet,1
Williams Pro Cookware Set,Atkinson Premium Encyclopedia,1
Williams Pro Cookware Set,Barnett Classic Novel,1
Williams Pro Cookware Set,Harris Compact Tablet,1
Williams Pro Cookware Set,Jefferson Premium Organizer,1
Williams Pro Cookware Set,Jennings Essential T-Shirt,1
Williams Pro Cookware Set,Leon Classic Speaker,1
Williams Pro Cookware Set,Lynch Deluxe Sweater,1
Williams Pro Cookware Set,Medina Classic Jeans,1
Williams Pro Cookware Set,Phillips Compact Coffee Maker,1
Williams Pro Cookware Set,Price Portable Novel,1
Williams Pro Cookware Set,Ruiz Modern Anthology,1
Williams Pro Cookware Set,Serrano Compact Dress,1
Williams Pro Cookware Set,Smith Essential Speaker,1
Williams Pro Cookware Set,Soto Deluxe Power Bank,1
Williams Pro Cookware Set,Sparks Pro Scarf,1
Williams Pro Cookware Set,Spencer Essential Comic Book,1
Williams Pro Cookware Set,Taylor Ultra T-Shirt,1
Williams Pro Cookware Set,Thomas Eco Smartwatch,1
Williams Pro Cookware Set,Thomas Ultra Bedsheet,1
Williams Pro Cookware Set,Vance Smart Bookshelf,1
Williams Pro Cookware Set,Vincent Eco Smartwatch,1
Williams Pro Cookware Set,White Portable Encyclopedia,1
Williams Pro Cookware Set,Williams Premium Mouse,1
Williams Pro Cookware Set,Young Smart Cookbook,1
Williams Pro Wall Clock,Arnold Modern Biography,1
Williams Pro Wall Clock,Davis Portable Textbook,1
Williams Pro Wall Clock,Gomez Smart Guidebook,1
Williams Pro Wall Clock,Gonzalez Eco Biography,1
Williams Pro Wall Clock,Gray Deluxe Hoodie,1
Williams Pro Wall Clock,Johnston Modern Cushion,1
Williams Pro Wall Clock,Miller Vintage Smartwatch,1
Williams Pro Wall Clock,Perez Compact Keyboard,1
Williams Pro Wall Clock,Ramos Premium Anthology,1
Williams Pro Wall Clock,Robinson Portable Smartwatch,1
Williams Pro Wall Clock,Roth Premium T-Shirt,1
Williams Pro Wall Clock,Saunders Pro Cap,1
Williams Pro Wall Clock,Stuart Classic Charger,1
Williams Pro Wall Clock,Winters Premium Smartphone,1
Williams Smart Atlas,Morgan Premium Sneakers,1
Williams Smart Atlas,Pena Portable Camera,1
Williams Smart Atlas,Ross Compact Hoodie,1
Williams Smart Atlas,Thompson Eco Jeans,1
Williams Smart Atlas,Wood Deluxe Vase,1
Wilson Compact Smartwatch,Brock Smart Dress,1
Wilson Compact Smartwatch,Douglas Vintage Journal,1
Wilson Compact Smartwatch,Hanson Compact Vase,1
Wilson Compact Smartwatch,Hopkins Essential Blazer,1
Wilson Compact Smartwatch,Johnston Modern Cushion,1
Wilson Compact Smartwatch,Lynch Deluxe Sweater,1
Wilson Compact Smartwatch,Mays Portable Comic Book,1
Wilson Compact Smartwatch,Mclaughlin Pro Guidebook,1
Wilson Compact Smartwatch,Morales Eco Organizer,1
Wilson Compact Smartwatch,Nielsen Premium Smartphone,1
Wilson Compact Smartwatch,Ryan Eco Mouse,1
Wilson Compact Smartwatch,Schroeder Smart Earbuds,1
Wilson Compact Smartwatch,Stephens Compact Comic Book,1
Wilson Compact Smartwatch,Sullivan Deluxe Dress,1
Wilson Compact Smartwatch,Vincent Compact Biography,1
Wilson Deluxe Dress,Baker Smart Keyboard,1
Wilson Deluxe Dress,Brown Modern Organizer,1
Wilson Deluxe Dress,Calhoun Vintage Curtains,1
Wilson Deluxe Dress,Gibson Modern Cap,1
Wilson Deluxe Dress,Hansen Premium Monitor,1
Wilson Deluxe Dress,Haynes Classic Webcam,1
Wilson Deluxe Dress,Lee Compact Socks,1
Wilson Deluxe Dress,Olson Compact Blender,1
Wilson Deluxe Dress,Ramsey Pro Jacket,1
Wilson Deluxe Dress,Reyes Essential Monitor,1
Wilson Deluxe Dress,White Vintage Smartphone,1
Wilson Deluxe T-Shirt,Avery Smart Organizer,1
Wilson Deluxe T-Shirt,Baker Smart Keyboard,1
Wilson Deluxe T-Shirt,Conley Smart Blender,1
Wilson Deluxe T-Shirt,Dixon Premium Coffee Maker,1
Wilson Deluxe T-Shirt,Goodman Modern Dress,1
Wilson Deluxe T-Shirt,Green Deluxe Anthology,1
Wilson Deluxe T-Shirt,Griffin Portable Wall Clock,1
Wilson Deluxe T-Shirt,Hardin Pro Cookbook,1
Wilson Deluxe T-Shirt,Hopkins Essential Camera,1
Wilson Deluxe T-Shirt,Jennings Essential T-Shirt,1
Wilson Deluxe T-Shirt,Kent Smart Mouse,1
Wilson Deluxe T-Shirt,Knight Portable Speaker,1
Wilson Deluxe T-Shirt,Lane Compact Cap,1
Wilson Deluxe T-Shirt,Lynch Deluxe Sweater,1
Wilson Deluxe T-Shirt,Mccarty Vintage Jacket,1
Wilson Deluxe T-Shirt,Miller Premium Textbook,1
Wilson Deluxe T-Shirt,Mills Smart Router,1
Wilson Deluxe T-Shirt,Morrow Vintage Vase,1
Wilson Deluxe T-Shirt,Nichols Modern Cookware Set,1
Wilson Deluxe T-Shirt,Nicholson Smart Anthology,1
Wilson Deluxe T-Shirt,Palmer Classic Router,1
Wilson Deluxe T-Shirt,Robinson Vintage Earbuds,1
Wilson Deluxe T-Shirt,Ross Compact Hoodie,1
Wilson Deluxe T-Shirt,Roth Premium T-Shirt,1
Wilson Deluxe T-Shirt,Serrano Essential Organizer,1
Wilson Deluxe T-Shirt,Taylor Ultra T-Shirt,1
Wilson Deluxe T-Shirt,Thomas Ultra Blender,1
Wilson Deluxe T-Shirt,Williams Smart Atlas,1
Wilson Deluxe T-Shirt,Wood Deluxe Vase,1
Wilson Deluxe T-Shirt,Young Modern Headphones,1
Wilson Eco Guidebook,Bell Modern Guidebook,1
Wilson Eco Guidebook,Brown Vintage Guidebook,1
Wilson Eco Guidebook,Dennis Classic Journal,1
Wilson Eco Guidebook,Gonzalez Compact Jeans,1
Wilson Eco Guidebook,Gordon Ultra Coffee Maker,1
Wilson Eco Guidebook,Hall Ultra Blender,1
Wilson Eco Guidebook,Harmon Deluxe Vase,1
Wilson Eco Guidebook,Haynes Classic Webcam,1
Wilson Eco Guidebook,Hill Portable Bedsheet,1
Wilson Eco Guidebook,Hudson Smart Organizer,1
Wilson Eco Guidebook,Hunt Classic Monitor,1
Wilson Eco Guidebook,Lewis Eco Vase,1
Wilson Eco Guidebook,Luna Pro Charger,1
Wilson Eco Guidebook,Mills Smart Router,1
Wilson Eco Guidebook,Olson Compact Blender,1
Wilson Eco Guidebook,Owen Eco Cap,1
Wilson Eco Guidebook,Robinson Eco Curtains,1
Wilson Eco Guidebook,Rubio Modern Textbook,1
Wilson Eco Guidebook,Spencer Essential Comic Book,1
Wilson Eco Guidebook,Todd Ultra Jeans,1
Wilson Eco Guidebook,Velez Premium Novel,1
Wilson Eco Guidebook,Williams Deluxe Novel,1
Wilson Eco Guidebook,Wilson Deluxe Dress,1
Wilson Premium Sweater,Mclaughlin Pro Guidebook,1
Wilson Vintage Bedsheet,Baker Ultra Cushion,1
Wilson Vintage Bedsheet,Baxter Compact Laptop,1
Wilson Vintage Bedsheet,Brown Modern Organizer,1
Wilson Vintage Bedsheet,Campbell Premium Router,1
Wilson Vintage Bedsheet,Coleman Eco Cookbook,1
Wilson Vintage Bedsheet,Conley Smart Blender,1
Wilson Vintage Bedsheet,Gonzalez Eco Biography,1
Wilson Vintage Bedsheet,Holmes Pro Vase,1
Wilson Vintage Bedsheet,James Classic Bedsheet,1
Wilson Vintage Bedsheet,Smith Vintage Cushion,1
Wilson Vintage Bedsheet,Stewart Modern Novel,1
Wilson Vintage Hoodie,Brooks Premium Novel,1
Wilson Vintage Hoodie,Brown Modern Organizer,1
Wilson Vintage Hoodie,Golden Essential Jeans,1
Wilson Vintage Hoodie,Gutierrez Portable Earbuds,1
Wilson Vintage Hoodie,Hanson Compact Vase,1
Wilson Vintage Hoodie,Howard Ultra Speaker,1
Wilson Vintage Hoodie,King Pro Curtains,1
Wilson Vintage Hoodie,King Smart Camera,1
Wilson Vintage Hoodie,Lee Compact Socks,1
Wilson Vintage Hoodie,Long Smart Blazer,1
Wilson Vintage Hoodie,Luna Pro Charger,1
Wilson Vintage Hoodie,Maldonado Portable T-Shirt,1
Wilson Vintage Hoodie,Miller Modern Wall Clock,1
Wilson Vintage Hoodie,Obrien Premium Speaker,1
Wilson Vintage Hoodie,Palmer Classic Router,1
Wilson Vintage Hoodie,Poole Pro Power Bank,1
Wilson Vintage Hoodie,Richards Compact Cookware Set,1
Wilson Vintage Hoodie,Robinson Eco Curtains,1
Wilson Vintage Hoodie,Schmitt Pro Smartphone,1
Wilson Vintage Hoodie,Sims Ultra Earbuds,1
Wilson Vintage Hoodie,Valdez Essential Sweater,1
Wilson Vintage Hoodie,Young Eco Curtains,1
Winters Premium Smartphone,Cannon Portable Cap,1
Winters Premium Smartphone,Dunn Vintage Sweater,1
Winters Premium Smartphone,Gomez Smart Guidebook,1
Winters Premium Smartphone,Kent Smart Mouse,1
Winters Premium Smartphone,Ortiz Eco Cap,1
Winters Premium Smartphone,Richards Compact Cookware Set,1
Winters Premium Smartphone,Robinson Portable Smartwatch,1
Winters Premium Smartphone,Webb Deluxe Dinner Set,1
Wolfe Ultra Cap,Atkins Eco Curtains,1
Wolfe Ultra Cap,Baker Smart Keyboard,1
Wolfe Ultra Cap,Coleman Eco Cookbook,1
Wolfe Ultra Cap,Edwards Essential Cushion,1
Wolfe Ultra Cap,Galvan Modern Blazer,1
Wolfe Ultra Cap,Gilbert Portable Jacket,1
Wolfe Ultra Cap,Gordon Ultra Coffee Maker,1
Wolfe Ultra Cap,Hansen Premium Monitor,1
Wolfe Ultra Cap,Holmes Eco Atlas,1
Wolfe Ultra Cap,Lee Compact Socks,1
Wolfe Ultra Cap,Maxwell Deluxe Blender,1
Wolfe Ultra Cap,Mitchell Pro Encyclopedia,1
Wolfe Ultra Cap,Ochoa Premium Mouse,1
Wolfe Ultra Cap,Ortiz Eco Cap,1
Wolfe Ultra Cap,Powell Portable Dress,1
Wolfe Ultra Cap,Shields Portable Vase,1
Wong Essential Tablet,Brock Smart Dress,1
Wong Essential Tablet,Harris Compact Tablet,1
Wong Essential Tablet,Luna Pro Charger,1
Wong Essential Tablet,Padilla Premium Bookshelf,1
Wong Essential Tablet,Scott Deluxe Guidebook,1
Wong Essential Tablet,Williams Smart Atlas,1
Wong Pro Socks,Arias Modern Shorts,1
Wong Pro Socks,Atkins Eco Curtains,1
Wong Pro Socks,Campbell Pro Journal,1
Wong Pro Socks,Carlson Vintage Curtains,1
Wong Pro Socks,Gonzalez Eco Biography,1
Wong Pro Socks,Hernandez Portable Headphones,1
Wong Pro Socks,Kent Smart Mouse,1
Wong Pro Socks,Lee Ultra Hoodie,1
Wong Pro Socks,Matthews Compact Encyclopedia,1
Wong Pro Socks,Mclaughlin Pro Guidebook,1
Wong Pro Socks,Mitchell Essential Cookware Set,1
Wong Pro Socks,Morrow Vintage Vase,1
Wong Pro Socks,Ortiz Eco Cap,1
Wong Pro Socks,Price Portable Novel,1
Wong Pro Socks,Ruiz Modern Anthology,1
Wong Pro Socks,Smith Classic Charger,1
Wong Pro Socks,Thompson Compact Encyclopedia,1
Wood Deluxe Vase,Caldwell Eco Wall Clock,1
Wood Deluxe Vase,Ross Compact Hoodie,1
Wright Vintage Cookbook,Charles Deluxe Novel,1
York Compact Cushion,Aguirre Compact Power Bank,1
York Compact Cushion,Anderson Modern Scarf,1
York Compact Cushion,Carr Ultra Textbook,1
York Compact Cushion,Fisher Portable Vase,1
York Compact Cushion,Goodman Modern Dress,1
York Compact Cushion,Herrera Classic Charger,1
York Compact Cushion,Hood Vintage Wall Clock,1
York Compact Cushion,Jennings Essential T-Shirt,1
York Compact Cushion,Morgan Premium Sneakers,1
York Compact Cushion,Owen Eco Cap,1
York Compact Cushion,Webb Deluxe Dinner Set,1
Young Eco Curtains,Ballard Classic Router,1
Young Eco Curtains,Bowers Ultra Blazer,1
Young Eco Curtains,Goodwin Portable Organizer,1
Young Eco Curtains,Kelly Classic Vase,1
Young Eco Curtains,Mills Smart Router,1
Young Eco Curtains,Morgan Premium Sneakers,1
Young Eco Curtains,Mosley Compact Monitor,1
Young Eco Curtains,Richards Compact Cookware Set,1
Young Eco Curtains,Ross Compact Hoodie,1
Young Eco Curtains,Sparks Pro Scarf,1
Young Eco Curtains,Sullivan Classic Novel,1
Young Eco Curtains,Velez Premium Novel,1
Young Smart Cookbook,Baker Smart Keyboard,1
Young Smart Cookbook,Blankenship Smart Router,1
Young Smart Cookbook,Braun Eco Dress,1
Young Smart Cookbook,Coleman Eco Cookbook,1
Young Smart Cookbook,Fisher Portable Vase,1
Young Smart Cookbook,Gross Deluxe Cap,1
Young Smart Cookbook,Hall Pro T-Shirt,1
Young Smart Cookbook,Hood Vintage Wall Clock,1
Young Smart Cookbook,Hopkins Essential Blazer,1
Young Smart Cookbook,Johnston Modern Cushion,1
Young Smart Cookbook,Lee Ultra Hoodie,1
Young Smart Cookbook,Medina Classic Jeans,1
Young Smart Cookbook,Owen Eco Cap,1
Young Smart Cookbook,Scott Ultra Cookware Set,1
Young Smart Cookbook,Smith Essential Speaker,1
Young Smart Cookbook,Welch Premium Dinner Set,1
Young Smart Cookbook,Williams Smart Atlas,1
Zimmerman Portable Wall Clock,Aguilar Ultra Hoodie,1
Zimmerman Portable Wall Clock,Allen Pro Monitor,1
Zimmerman Portable Wall Clock,Brennan Smart Encyclopedia,1
Zimmerman Portable Wall Clock,Cannon Portable Cap,1
Zimmerman Portable Wall Clock,Clark Classic Dress,1
Zimmerman Portable Wall Clock,Cohen Vintage Textbook,1
Zimmerman Portable Wall Clock,Gross Deluxe Cap,1
Zimmerman Portable Wall Clock,Hansen Vintage Textbook,1
Zimmerman Portable Wall Clock,Hanson Compact Vase,1
Zimmerman Portable Wall Clock,Jensen Modern Router,1
Zimmerman Portable Wall Clock,Jones Essential Shorts,1
Zimmerman Portable Wall Clock,Leonard Ultra Monitor,1
Zimmerman Portable Wall Clock,Moore Portable Headphones,1
Zimmerman Portable Wall Clock,Mosley Compact Monitor,1
Zimmerman Portable Wall Clock,Pena Portable Camera,1
Zimmerman Portable Wall Clock,Reed Vintage Scarf,1
Zimmerman Portable Wall Clock,Reese Smart Cookbook,1
Zimmerman Portable Wall Clock,Richards Compact Cookware Set,1
Zimmerman Portable Wall Clock,Rivera Modern Bookshelf,1
Zimmerman Portable Wall Clock,Ross Compact Hoodie,1
Zimmerman Portable Wall Clock,Sanford Pro Monitor,1
Zimmerman Portable Wall Clock,Smith Compact Sneakers,1
Zimmerman Portable Wall Clock,Smith Vintage Cushion,1
Zimmerman Portable Wall Clock,Taylor Premium Anthology,1
Zimmerman Portable Wall Clock,Tucker Modern Blender,1
Zimmerman Portable Wall Clock,Winters Premium Smartphone,1
Zimmerman Portable Wall Clock,Young Eco Curtains,1
