product_id,product_name,category,region,priority,price,user_id
1,Stapler,Stationery,West,Medium,47,2542
2,Highlighter,Stationery,North,High,119,
3,Sweater,Clothing,North,Low,4714,3028
4,Bench,Furniture,North,Medium,27496,
5,Desk,Furniture,Central,High,20479,9858
6,Charger,Electronics,East,Medium,24888,4078
7,Pen,Stationery,Central,Medium,298,
8,Stool,Furniture,Central,Low,22087,8424
9,Folder,Stationery,South,Medium,367,2341
10,Net,Sports,Central,Low,5777,5717
11,Ball,Sports,North,Medium,2852,3490
12,Sweater,Clothing,North,High,835,6140
13,Glue,Stationery,Central,Low,418,2533
14,Eraser,Stationery,North,Low,369,8301
15,Scissors,Stationery,East,Low,246,2918
16,T-Shirt,Clothing,South,Medium,1259,7519
17,Scarf,Clothing,North,Low,3490,3243
18,Belt,Clothing,East,Medium,3139,7233
19,Sofa,Furniture,North,Low,16701,1197
20,Gloves,Clothing,South,Low,233,9758
21,Highlighter,Stationery,Central,Low,74,9445
22,Bat,Sports,West,High,6578,7457
23,Mouse,Electronics,West,Low,10027,8219
24,Chair,Furniture,East,Medium,8209,
25,Wardrobe,Furniture,North,High,41721,
26,Bench,Furniture,West,Low,18031,6966
27,Jeans,Clothing,North,High,4017,6109
28,Monitor,Electronics,North,Medium,35902,3645
29,Bat,Sports,South,High,8804,9899
30,Speaker,Electronics,East,High,13128,5278
31,Dumbbell,Sports,South,Low,3800,9236
32,Marker,Stationery,Central,High,398,4922
33,Shoes,Clothing,South,Medium,3112,1457
34,Eraser,Stationery,East,Low,319,8327
35,Glue,Stationery,North,Low,126,6533
36,Stool,Furniture,Central,High,41494,8855
37,Pen,Stationery,North,High,410,4265
38,Jacket,Clothing,West,Medium,2923,7485
39,Sweater,Clothing,North,Medium,1592,1451
40,Bench,Furniture,West,High,11079,8771
41,Stapler,Stationery,Central,Medium,20,
42,Speaker,Electronics,South,Low,26733,4457
43,Camera,Electronics,South,Low,32727,6341
44,Ruler,Stationery,West,High,41,6796
45,Gloves,Clothing,Central,Low,4309,3487
46,Football,Sports,North,High,3150,3454
47,Sofa,Furniture,West,Medium,9386,6340
48,Football,Sports,Central,Low,1888,1930
49,Bookshelf,Furniture,East,Low,7905,1456
50,Mouse,Electronics,East,Medium,67463,4267
51,Eraser,Stationery,Central,Medium,254,5057
52,Net,Sports,Central,High,3469,3246
53,Jeans,Clothing,West,Low,794,8017
54,Headphones,Electronics,East,Medium,21443,6999
55,Lamp,Furniture,South,High,15890,2542
56,Scarf,Clothing,South,High,2032,8070
57,Yoga Mat,Sports,East,Low,5992,6995
58,Tablet,Electronics,Central,Low,3570,9477
59,Net,Sports,Central,High,1998,4744
60,Phone,Electronics,East,Low,24996,3122
61,Cap,Clothing,West,Low,4417,6358
62,Camera,Electronics,North,Medium,25231,2186
63,Notebook,Stationery,North,High,52,4643
64,Camera,Electronics,North,Low,45653,7844
65,Highlighter,Stationery,South,Low,373,2793
66,Lamp,Furniture,North,Low,21946,9701
67,Lamp,Furniture,West,Medium,13158,1297
68,Notebook,Stationery,North,Low,268,4104
69,Skipping Rope,Sports,South,High,1891,8080
70,Belt,Clothing,West,High,2721,4761
71,Marker,Stationery,South,Low,187,3126
72,Phone,Electronics,East,Low,8461,7240
73,Net,Sports,Central,Low,4951,
74,Sofa,Furniture,East,Low,18751,6389
75,Dumbbell,Sports,South,Low,5221,3997
76,Tablet,Electronics,West,Low,37759,4292
77,Wardrobe,Furniture,North,Low,7382,1682
78,T-Shirt,Clothing,East,Low,2107,9670
79,Bench,Furniture,West,Medium,48730,3448
80,Highlighter,Stationery,South,Low,437,9404
81,Belt,Clothing,South,High,4331,1263
82,Helmet,Sports,North,Low,2330,2718
83,Scarf,Clothing,Central,Low,354,5006
84,Cap,Clothing,North,Low,774,9240
85,Ball,Sports,Central,Low,7913,2219
86,Marker,Stationery,South,Low,342,9092
87,Jeans,Clothing,West,High,2553,4248
88,Charger,Electronics,South,Low,41100,3186
89,Mouse,Electronics,North,Low,14244,9021
90,Ruler,Stationery,East,Low,248,9996
91,Lamp,Furniture,North,High,2647,2252
92,Skipping Rope,Sports,East,Low,3602,
93,Monitor,Electronics,Central,Low,48327,9335
94,Pen,Stationery,East,Low,469,7456
95,Monitor,Electronics,North,High,60282,3305
96,Socks,Clothing,West,Low,2914,
97,Scissors,Stationery,North,High,110,5748
98,Glue,Stationery,North,Low,455,6909
99,Cap,Clothing,North,Low,622,5679
100,Bookshelf,Furniture,East,Low,22183,7116
101,T-Shirt,Clothing,West,High,4739,2320
102,Keyboard,Electronics,West,Medium,19362,5689
103,T-Shirt,Clothing,Central,Low,4068,5616
104,Folder,Stationery,East,Low,132,7461
105,Monitor,Electronics,South,Low,66815,9144
106,Helmet,Sports,West,High,7522,9974
107,Bookshelf,Furniture,North,Low,37929,4917
108,Folder,Stationery,Central,Low,20,7763
109,Sweater,Clothing,Central,Low,2413,2016
110,Cap,Clothing,Central,High,1231,9670
111,Chair,Furniture,East,High,26702,8304
112,Cap,Clothing,North,Low,3683,8754
113,Skipping Rope,Sports,North,Low,8798,8355
114,Chair,Furniture,South,Low,35733,2784
115,Jeans,Clothing,Central,Medium,211,4810
116,Bat,Sports,East,High,4275,8166
117,Phone,Electronics,North,Low,77600,5274
118,Bench,Furniture,North,Low,21260,5564
119,Marker,Stationery,West,Medium,290,7747
120,Notebook,Stationery,North,Low,463,7881
121,Camera,Electronics,South,Medium,49725,1558
122,Scissors,Stationery,East,Medium,111,
123,Ruler,Stationery,North,Low,112,4177
124,Stool,Furniture,South,Low,20828,9122
125,Racket,Sports,South,Low,1074,3398
126,T-Shirt,Clothing,South,Low,5083,1849
127,Monitor,Electronics,West,Low,42382,2300
128,Table,Furniture,South,Low,35893,1522
129,Scissors,Stationery,East,High,236,1047
130,Camera,Electronics,North,Low,17414,4398
131,Socks,Clothing,East,High,3742,8757
132,Table,Furniture,Central,High,14150,8774
133,Keyboard,Electronics,South,High,54254,
134,Mouse,Electronics,North,High,9326,2029
135,Dumbbell,Sports,East,Low,864,6185
136,Folder,Stationery,North,Medium,314,2070
137,Headphones,Electronics,North,Low,62245,7332
138,Scissors,Stationery,West,Low,264,5969
139,Bench,Furniture,South,Low,22441,2294
140,Helmet,Sports,West,Medium,4201,1554
141,Belt,Clothing,Central,Low,3694,2182
142,Highlighter,Stationery,North,Low,225,8323
143,Bookshelf,Furniture,South,Low,42152,4849
144,Ball,Sports,East,Low,4535,5265
145,Stool,Furniture,South,Low,16933,4084
146,Pen,Stationery,West,Low,135,4790
147,Mouse,Electronics,North,Low,63428,4786
148,Socks,Clothing,North,High,2107,4105
149,Frisbee,Sports,South,High,6248,3912
150,Gloves,Clothing,East,Medium,5645,2733
151,Frisbee,Sports,East,Low,6190,1723
152,Lamp,Furniture,North,Medium,44206,1186
153,Scissors,Stationery,East,Low,169,
154,Mouse,Electronics,Central,Low,54699,7476
155,Racket,Sports,Central,Low,2831,5442
156,Cap,Clothing,East,Low,620,6852
157,Sweater,Clothing,North,High,3180,7401
158,Shoes,Clothing,North,Low,1482,2482
159,Gloves,Clothing,East,Low,1531,1846
160,Racket,Sports,West,Low,6225,3812
161,Table,Furniture,East,Low,12758,2782
162,Scarf,Clothing,South,Low,556,8909
163,Notebook,Stationery,Central,High,208,3625
164,Bench,Furniture,West,Medium,14352,3997
165,Helmet,Sports,North,Low,8635,6885
166,Monitor,Electronics,South,High,26443,
167,Bat,Sports,East,Low,7616,6017
168,Cap,Clothing,Central,Low,3388,8320
169,Skipping Rope,Sports,South,Low,8169,8320
170,Skipping Rope,Sports,South,High,6709,3104
171,Scissors,Stationery,East,Low,236,1667
172,Monitor,Electronics,North,High,42320,9380
173,Laptop,Electronics,Central,High,19050,
174,Charger,Electronics,North,Low,65670,3705
175,Chair,Furniture,East,Medium,18029,5505
176,Jacket,Clothing,East,Medium,4133,5306
177,Football,Sports,South,Low,753,7610
178,Lamp,Furniture,East,High,12558,5330
179,Speaker,Electronics,North,Medium,48356,8422
180,Football,Sports,Central,Medium,1863,9776
181,Socks,Clothing,East,Low,3222,6902
182,Pen,Stationery,West,Low,325,1791
183,Ruler,Stationery,East,Low,455,6122
184,Laptop,Electronics,South,Low,57853,6965
185,Monitor,Electronics,West,Low,7174,
186,Charger,Electronics,East,Low,69762,4674
187,Gloves,Clothing,East,Medium,1872,8780
188,Sofa,Furniture,North,High,17463,8386
189,Phone,Electronics,South,High,36558,5329
190,Laptop,Electronics,Central,High,79151,8270
191,Football,Sports,West,Low,156,
192,Bat,Sports,West,Low,2758,
193,Laptop,Electronics,Central,Medium,27055,4268
194,Frisbee,Sports,Central,Medium,6953,3861
195,Net,Sports,North,Low,944,8830
196,Bat,Sports,West,High,7772,8413
197,Bookshelf,Furniture,North,Low,43706,
198,Folder,Stationery,North,Low,293,9572
199,Folder,Stationery,South,Low,269,
200,Marker,Stationery,South,High,392,4144
201,Socks,Clothing,Central,Low,5366,9787
202,Scarf,Clothing,Central,Medium,417,4831
203,Net,Sports,South,Low,1424,3810
204,Desk,Furniture,North,Low,42261,6650
205,Desk,Furniture,North,Low,46891,1698
206,Laptop,Electronics,North,High,48832,9747
207,Keyboard,Electronics,North,Low,27828,1564
208,Camera,Electronics,West,Low,14026,4358
209,Glue,Stationery,East,Low,20,5630
210,Tablet,Electronics,East,Medium,67225,5712
211,Bat,Sports,West,Low,8647,6681
212,T-Shirt,Clothing,Central,Medium,944,5704
213,Cabinet,Furniture,North,Medium,20396,1884
214,Tablet,Electronics,West,Low,25385,6688
215,Net,Sports,Central,High,4798,4793
216,Jacket,Clothing,North,High,862,2713
217,Glue,Stationery,North,Low,212,2411
218,T-Shirt,Clothing,East,Low,2356,9928
219,Racket,Sports,West,High,3976,3078
220,Frisbee,Sports,Central,Medium,5859,9548
221,Stool,Furniture,Central,Medium,12611,5214
222,Helmet,Sports,South,Low,4048,5382
223,Highlighter,Stationery,South,Medium,136,9555
224,Stapler,Stationery,South,Low,106,2667
225,Chair,Furniture,South,Low,11220,5872
226,Cap,Clothing,South,Low,1075,7362
227,T-Shirt,Clothing,North,Low,3776,9199
228,Eraser,Stationery,North,Low,319,1090
229,Cabinet,Furniture,Central,Medium,43914,4744
230,Helmet,Sports,South,Medium,7586,5256
231,Keyboard,Electronics,South,Medium,21707,7939
232,Scarf,Clothing,North,Medium,3553,3999
233,Notebook,Stationery,West,High,474,1624
234,Ruler,Stationery,South,Low,410,4273
235,Dumbbell,Sports,North,High,7633,8794
236,Bat,Sports,East,Medium,6873,8486
237,Sofa,Furniture,West,Medium,9521,6824
238,Camera,Electronics,East,Low,9261,
239,Sweater,Clothing,East,Medium,1095,7561
240,Helmet,Sports,West,Low,2845,2128
241,Stool,Furniture,Central,Medium,11085,7771
242,Cap,Clothing,Central,Medium,4045,4775
243,Scissors,Stationery,East,High,357,1044
244,Glue,Stationery,South,Medium,174,8020
245,Ball,Sports,East,Low,5117,1934
246,Charger,Electronics,East,Medium,19602,6654
247,Bat,Sports,North,Low,1329,5096
248,Ball,Sports,Central,Low,3977,8404
249,Stapler,Stationery,South,High,415,2481
250,Net,Sports,South,Low,3641,8185
251,Speaker,Electronics,North,Low,31893,8753
252,Belt,Clothing,North,Low,1383,5039
253,Jacket,Clothing,Central,Medium,254,6254
254,Gloves,Clothing,West,Medium,4015,7861
255,Monitor,Electronics,East,Medium,4939,
256,Tablet,Electronics,North,Medium,64727,3367
257,Headphones,Electronics,West,Medium,45581,6999
258,Eraser,Stationery,Central,Medium,477,8130
259,Scissors,Stationery,East,Medium,433,6819
260,Sweater,Clothing,East,Medium,2425,6649
261,Stool,Furniture,North,Low,22281,3090
262,Ball,Sports,North,Low,6802,1814
263,Cap,Clothing,North,Low,1755,8783
264,Bat,Sports,Central,High,6311,2359
265,Desk,Furniture,West,Medium,12896,3970
266,Keyboard,Electronics,North,High,2959,3272
267,Ruler,Stationery,East,High,104,6217
268,Keyboard,Electronics,Central,Medium,8358,9554
269,Phone,Electronics,West,Medium,54238,1231
270,Gloves,Clothing,Central,High,5601,8789
271,Belt,Clothing,North,Low,4068,3486
272,Keyboard,Electronics,North,Low,17147,2444
273,Chair,Furniture,South,Low,19551,4969
274,Jacket,Clothing,North,Low,5892,2381
275,Ruler,Stationery,West,Low,487,1862
276,Laptop,Electronics,North,Low,11643,6119
277,Racket,Sports,West,Medium,5331,8188
278,Jacket,Clothing,South,High,1156,3687
279,Scarf,Clothing,West,Medium,3908,6470
280,Folder,Stationery,North,Medium,343,6440
281,Bat,Sports,South,Medium,5206,5032
282,Sweater,Clothing,West,Medium,2119,5641
283,Tablet,Electronics,East,Low,21815,1692
284,Stapler,Stationery,Central,Low,445,9975
285,Socks,Clothing,Central,Low,4735,7254
286,Bookshelf,Furniture,East,Medium,45911,4384
287,Highlighter,Stationery,North,Medium,245,9784
288,Pen,Stationery,South,Low,276,9550
289,Eraser,Stationery,Central,Medium,106,2510
290,Lamp,Furniture,East,Medium,25020,9474
291,Bookshelf,Furniture,North,High,33826,2738
292,Eraser,Stationery,North,Low,315,
293,Ruler,Stationery,Central,Low,27,8967
294,Frisbee,Sports,South,Low,4734,8321
295,Frisbee,Sports,South,Low,770,3961
296,Jeans,Clothing,North,Low,4766,8508
297,Jeans,Clothing,Central,Medium,1182,2473
298,Glue,Stationery,Central,Low,55,9298
299,Jacket,Clothing,West,High,3238,4632
300,Desk,Furniture,East,High,5384,1455
301,Camera,Electronics,Central,Medium,64563,
302,Table,Furniture,North,High,45860,8229
303,Mouse,Electronics,East,Low,52324,8885
304,Jacket,Clothing,West,Low,1372,1206
305,Shoes,Clothing,North,Low,2006,
306,Dumbbell,Sports,South,Medium,1739,7309
307,Phone,Electronics,West,High,43479,8823
308,Tablet,Electronics,South,Low,8635,8395
309,Racket,Sports,West,High,4514,5042
310,Desk,Furniture,East,Medium,20934,3749
311,Eraser,Stationery,North,Low,472,3512
312,Bat,Sports,South,Medium,4839,4303
313,Scissors,Stationery,East,High,483,7392
314,Scissors,Stationery,South,Low,381,3365
315,Mouse,Electronics,Central,Low,19568,9627
316,Stapler,Stationery,East,Low,476,5535
317,Racket,Sports,South,High,8696,3877
318,Bench,Furniture,North,High,41382,5487
319,Bookshelf,Furniture,South,Medium,47883,4148
320,Net,Sports,South,Low,8662,1907
321,Dumbbell,Sports,East,Low,8227,7709
322,Jacket,Clothing,East,Low,4813,7014
323,Monitor,Electronics,East,Medium,1808,8303
324,Ball,Sports,North,Low,4159,6258
325,Gloves,Clothing,North,Low,1082,9106
326,Belt,Clothing,North,Medium,4601,4990
327,Headphones,Electronics,Central,Low,14657,1492
328,Phone,Electronics,South,Low,79764,8601
329,Helmet,Sports,West,Low,1688,1740
330,Pen,Stationery,West,Low,266,2802
331,Phone,Electronics,West,High,72188,4719
332,Bench,Furniture,West,Medium,12269,1303
333,Sweater,Clothing,Central,High,4505,
334,Tablet,Electronics,East,Low,45119,6253
335,Belt,Clothing,North,Low,1401,6790
336,Cabinet,Furniture,North,Low,36286,6314
337,Shoes,Clothing,Central,Medium,2047,7505
338,T-Shirt,Clothing,North,Low,5455,5479
339,Bat,Sports,Central,Low,2143,8105
340,Desk,Furniture,East,Low,24277,2972
341,Charger,Electronics,Central,High,12272,9746
342,Stool,Furniture,North,Medium,20741,5723
343,Marker,Stationery,North,Medium,157,4630
344,Shoes,Clothing,Central,Medium,3975,5975
345,Skipping Rope,Sports,West,High,657,4630
346,Wardrobe,Furniture,Central,Low,39883,6777
347,Bookshelf,Furniture,East,Medium,33704,4541
348,Notebook,Stationery,North,Low,44,6701
349,T-Shirt,Clothing,Central,Low,3803,2789
350,Helmet,Sports,South,Low,5924,4317
351,Frisbee,Sports,East,High,8633,8786
352,Stapler,Stationery,West,High,12,2924
353,Sweater,Clothing,Central,Low,2488,2819
354,Scarf,Clothing,West,Low,3088,7400
355,Football,Sports,Central,Low,5425,
356,Sweater,Clothing,West,Low,4598,3375
357,Gloves,Clothing,West,Medium,920,6408
358,Highlighter,Stationery,South,High,114,1175
359,Laptop,Electronics,East,Medium,66387,9789
360,Ruler,Stationery,Central,High,274,8046
361,Scarf,Clothing,East,Low,5739,1170
362,Speaker,Electronics,South,Low,50275,3526
363,Cabinet,Furniture,West,Low,42434,6624
364,Ball,Sports,South,Low,6157,6089
365,Racket,Sports,North,Medium,4981,9337
366,Jacket,Clothing,Central,Low,4391,4081
367,Jacket,Clothing,North,Medium,5140,1693
368,T-Shirt,Clothing,North,Low,5858,5988
369,Jeans,Clothing,Central,Low,441,9156
370,Frisbee,Sports,East,High,8857,3354
371,Helmet,Sports,West,Medium,2531,9347
372,Laptop,Electronics,North,Low,69684,8659
373,Yoga Mat,Sports,North,Medium,5439,4903
374,Folder,Stationery,South,Low,331,2032
375,Marker,Stationery,West,Medium,20,
376,Gloves,Clothing,North,Low,5280,4651
377,Monitor,Electronics,Central,High,42460,
378,Cap,Clothing,West,Medium,4259,2106
379,Cabinet,Furniture,Central,Low,21760,8936
380,Headphones,Electronics,North,Low,48175,1125
381,Scissors,Stationery,Central,Low,181,7317
382,Scissors,Stationery,North,High,226,6754
383,Helmet,Sports,West,Low,4796,8136
384,Camera,Electronics,North,Low,21633,3127
385,Headphones,Electronics,East,Medium,17950,8652
386,Sofa,Furniture,East,Low,48847,4408
387,Eraser,Stationery,Central,Low,449,3145
388,Highlighter,Stationery,West,Medium,198,7621
389,Football,Sports,South,Low,2161,2498
390,Net,Sports,West,Low,2526,7388
391,Monitor,Electronics,South,Low,15481,
392,Ruler,Stationery,East,Low,377,4709
393,Stapler,Stationery,West,Low,216,8609
394,Lamp,Furniture,South,Low,46039,6757
395,T-Shirt,Clothing,West,Low,3481,2600
396,Lamp,Furniture,North,Low,41405,1662
397,T-Shirt,Clothing,Central,Low,1822,3559
398,T-Shirt,Clothing,Central,Low,5429,4729
399,Skipping Rope,Sports,Central,Low,7275,6718
400,Phone,Electronics,East,High,77893,1775
401,Chair,Furniture,North,Medium,15271,6663
402,Keyboard,Electronics,West,High,30140,2473
403,Scissors,Stationery,West,High,364,8418
404,Bat,Sports,South,Low,8536,3091
405,Shoes,Clothing,North,High,4780,9952
406,Bookshelf,Furniture,Central,Low,5391,6689
407,Jeans,Clothing,South,Medium,1323,8969
408,Shoes,Clothing,South,Low,5864,6758
409,Stapler,Stationery,South,Medium,133,2932
410,Yoga Mat,Sports,South,Medium,2686,8555
411,Shoes,Clothing,North,Medium,301,4382
412,Laptop,Electronics,East,Low,15695,8340
413,Monitor,Electronics,East,Low,75804,3754
414,Ball,Sports,North,Low,8104,6434
415,Net,Sports,North,Medium,7264,9897
416,Notebook,Stationery,East,High,339,5119
417,Chair,Furniture,South,Medium,3157,3377
418,Glue,Stationery,South,High,279,3760
419,Camera,Electronics,Central,Low,25388,6836
420,Marker,Stationery,East,Low,480,5154
421,Desk,Furniture,North,Low,42670,7606
422,Headphones,Electronics,West,Low,21841,2314
423,Bookshelf,Furniture,South,Low,43230,2469
424,Mouse,Electronics,West,Low,50022,
425,Football,Sports,West,Low,1329,9431
426,Socks,Clothing,North,Low,5656,3888
427,Cabinet,Furniture,East,Low,38421,4201
428,Jeans,Clothing,Central,Low,3972,9760
429,Cabinet,Furniture,Central,Medium,5432,6431
430,Net,Sports,Central,Medium,6189,3242
431,Glue,Stationery,Central,High,24,4645
432,Jeans,Clothing,South,Medium,3247,7821
433,Ruler,Stationery,South,Medium,212,4723
434,Bookshelf,Furniture,Central,Medium,16000,5153
435,Headphones,Electronics,Central,Medium,65330,8506
436,Wardrobe,Furniture,Central,Medium,49707,2314
437,Jeans,Clothing,West,Low,4321,2877
438,Ball,Sports,West,High,6571,4139
439,Skipping Rope,Sports,North,Low,1092,1773
440,Notebook,Stationery,North,Medium,499,5914
441,Monitor,Electronics,West,High,12695,4303
442,Ball,Sports,East,Low,5743,1190
443,Pen,Stationery,South,Low,387,6848
444,T-Shirt,Clothing,Central,Low,3114,2850
445,Headphones,Electronics,East,Low,59758,
446,Skipping Rope,Sports,North,Medium,8146,5233
447,Sofa,Furniture,Central,High,46533,3363
448,Net,Sports,Central,High,4552,1226
449,Tablet,Electronics,South,Low,64634,1580
450,Monitor,Electronics,Central,High,79838,8794
451,Stool,Furniture,West,Low,41532,6913
452,Ruler,Stationery,South,Low,77,1715
453,Sofa,Furniture,East,Medium,23216,7355
454,Glue,Stationery,North,Low,257,1336
455,Stool,Furniture,Central,Low,11057,3353
456,Scissors,Stationery,East,Low,144,9653
457,Racket,Sports,North,High,1710,7983
458,Ball,Sports,East,Medium,4050,3312
459,Camera,Electronics,East,Medium,67903,5017
460,Ruler,Stationery,West,Low,370,6295
461,Belt,Clothing,East,High,2123,3470
462,Bookshelf,Furniture,North,High,45500,8299
463,Gloves,Clothing,East,High,5007,
464,Folder,Stationery,East,Medium,292,6578
465,Headphones,Electronics,Central,High,77867,6791
466,Socks,Clothing,West,Medium,754,6230
467,Lamp,Furniture,East,Medium,12284,4881
468,Headphones,Electronics,North,Low,27459,5630
469,Ball,Sports,South,Low,1080,1796
470,Phone,Electronics,Central,Low,19113,
471,Ruler,Stationery,North,Medium,482,
472,Glue,Stationery,North,Medium,217,6534
473,Desk,Furniture,West,Medium,7214,6480
474,Gloves,Clothing,West,Low,3995,1421
475,Highlighter,Stationery,East,Low,324,6393
476,Chair,Furniture,North,Low,10849,2472
477,Glue,Stationery,West,Low,358,3513
478,Frisbee,Sports,East,Low,4374,8824
479,Camera,Electronics,Central,High,60596,6920
480,Football,Sports,East,Low,298,2634
481,Stapler,Stationery,South,Low,56,3197
482,Laptop,Electronics,Central,Medium,73977,5245
483,Dumbbell,Sports,South,High,2805,6747
484,Stool,Furniture,West,Low,24059,7373
485,Shoes,Clothing,East,Medium,416,1252
486,Keyboard,Electronics,East,Low,75150,7153
487,Desk,Furniture,East,Low,47982,4790
488,Marker,Stationery,East,Medium,339,9169
489,Bench,Furniture,South,Low,19016,3236
490,Folder,Stationery,North,Low,258,5091
491,Table,Furniture,Central,Medium,31190,1854
492,Table,Furniture,North,Medium,30275,3290
493,Notebook,Stationery,North,Low,477,
494,Stapler,Stationery,Central,Medium,59,8610
495,Jeans,Clothing,West,Low,5650,6499
496,Charger,Electronics,South,Low,3212,
497,Frisbee,Sports,South,Medium,1868,1791
498,Pen,Stationery,North,Low,259,9608
499,T-Shirt,Clothing,South,Low,4627,9937
500,Ball,Sports,Central,Low,8280,2266
501,Marker,Stationery,South,Medium,149,1249
502,Folder,Stationery,North,High,110,7686
503,Dumbbell,Sports,East,Low,828,9912
504,Ruler,Stationery,East,Medium,457,5400
505,Sweater,Clothing,East,Medium,3337,7341
506,Sweater,Clothing,South,High,5401,
507,Football,Sports,East,Medium,6326,4250
508,Phone,Electronics,Central,Medium,7689,6314
509,Belt,Clothing,East,Low,4932,
510,Belt,Clothing,East,Medium,3312,7206
511,Pen,Stationery,West,High,146,6277
512,Speaker,Electronics,South,High,35924,8754
513,Ruler,Stationery,Central,Low,123,2078
514,Dumbbell,Sports,Central,Low,2921,4909
515,Sofa,Furniture,West,Low,44235,1708
516,Scissors,Stationery,East,High,428,7717
517,Lamp,Furniture,West,Low,24873,9562
518,Net,Sports,West,Medium,4655,8310
519,Mouse,Electronics,West,Medium,24073,3455
520,Monitor,Electronics,East,Low,32346,9575
521,Scissors,Stationery,East,Low,112,
522,Notebook,Stationery,Central,Low,377,6308
523,Marker,Stationery,East,High,56,9083
524,Headphones,Electronics,South,Low,39270,7088
525,Mouse,Electronics,West,Low,39898,8060
526,Net,Sports,East,Low,2271,4139
527,Dumbbell,Sports,North,Medium,5547,2309
528,Sweater,Clothing,West,Medium,4268,1419
529,Charger,Electronics,Central,Low,61778,8145
530,Scarf,Clothing,South,High,3803,3216
531,Bat,Sports,South,Medium,6731,5816
532,Dumbbell,Sports,West,Medium,2085,2263
533,Bat,Sports,North,Low,3682,1901
534,Table,Furniture,West,High,37569,7847
535,Racket,Sports,West,High,2534,4117
536,Bat,Sports,South,High,4650,2419
537,Scissors,Stationery,East,Medium,162,9371
538,T-Shirt,Clothing,East,Low,3314,9840
539,Folder,Stationery,South,Low,116,7124
540,Scarf,Clothing,Central,Low,2999,1838
541,Notebook,Stationery,Central,Low,497,6301
542,Camera,Electronics,South,Medium,39411,4430
543,Frisbee,Sports,West,Low,7438,4329
544,Monitor,Electronics,West,High,17513,
545,Charger,Electronics,West,Low,74739,3689
546,Shoes,Clothing,East,High,4578,3388
547,Wardrobe,Furniture,North,Low,14713,1824
548,Shoes,Clothing,East,Medium,3824,3536
549,Monitor,Electronics,North,Low,59699,4812
550,Dumbbell,Sports,Central,Medium,5221,6314
551,Helmet,Sports,South,High,3931,1539
552,Scissors,Stationery,South,Medium,124,2533
553,Stool,Furniture,South,Medium,29671,7576
554,Laptop,Electronics,East,Low,28787,9590
555,Ball,Sports,East,Low,441,9135
556,Headphones,Electronics,West,Low,40908,9859
557,Headphones,Electronics,South,Low,30976,5912
558,Charger,Electronics,Central,Low,1372,3493
559,Notebook,Stationery,South,Low,240,6399
560,Stapler,Stationery,North,Medium,162,8454
561,Speaker,Electronics,North,Medium,79265,1588
562,Laptop,Electronics,Central,Medium,55333,3162
563,Gloves,Clothing,East,Low,5632,6889
564,Chair,Furniture,East,Low,43755,8868
565,Stapler,Stationery,East,Low,460,3507
566,Cap,Clothing,Central,Medium,2856,3687
567,Football,Sports,North,Medium,6161,5644
568,Belt,Clothing,South,High,2165,9762
569,Helmet,Sports,North,Low,1029,4455
570,Chair,Furniture,South,Low,18812,7946
571,Gloves,Clothing,Central,Low,4867,2381
572,Helmet,Sports,South,Low,8554,2018
573,Chair,Furniture,Central,Low,7927,
574,Racket,Sports,East,Low,7715,3995
575,Tablet,Electronics,West,Medium,5425,5011
576,Wardrobe,Furniture,South,Low,24065,4338
577,Bookshelf,Furniture,East,Medium,5883,8859
578,Mouse,Electronics,Central,Medium,10248,2026
579,Desk,Furniture,East,Medium,7554,6721
580,Racket,Sports,West,Medium,8280,5963
581,Mouse,Electronics,Central,Low,51770,9404
582,Highlighter,Stationery,Central,Medium,333,5128
583,Bookshelf,Furniture,South,Medium,38305,9071
584,Bat,Sports,West,Medium,6618,6613
585,Sweater,Clothing,North,Low,5704,6563
586,Yoga Mat,Sports,East,Low,8162,2812
587,Sweater,Clothing,West,Medium,3947,9935
588,Chair,Furniture,East,Low,32035,5786
589,Pen,Stationery,East,Low,465,9817
590,Chair,Furniture,South,Medium,4221,4016
591,Cap,Clothing,East,High,3168,6759
592,Yoga Mat,Sports,East,Low,8452,4103
593,Cabinet,Furniture,Central,Low,12991,5028
594,Gloves,Clothing,East,Medium,5739,9419
595,Jacket,Clothing,East,Medium,821,6425
596,Cap,Clothing,East,Low,5616,7158
597,Bat,Sports,West,Low,444,
598,Speaker,Electronics,West,Low,68372,8518
599,Tablet,Electronics,West,Low,36780,9322
600,Keyboard,Electronics,South,Medium,38014,4960
601,Ruler,Stationery,North,Low,218,7233
602,Socks,Clothing,East,Low,4911,1791
603,Dumbbell,Sports,South,Low,1160,9528
604,Lamp,Furniture,North,Medium,26598,6900
605,Lamp,Furniture,East,High,32612,6257
606,Sweater,Clothing,North,Medium,3163,7316
607,Cap,Clothing,North,Low,5301,7688
608,Table,Furniture,North,Low,36606,7745
609,Camera,Electronics,West,Low,53044,5724
610,Camera,Electronics,West,Medium,6617,6006
611,Highlighter,Stationery,East,Low,134,9987
612,Charger,Electronics,West,High,15784,3718
613,Chair,Furniture,West,Low,23896,9188
614,Glue,Stationery,South,Medium,83,9539
615,Cap,Clothing,South,Low,5786,
616,Jeans,Clothing,Central,Low,4900,8086
617,Shoes,Clothing,Central,Medium,5766,3170
618,Bookshelf,Furniture,South,Medium,20020,7241
619,Stapler,Stationery,West,Medium,150,9340
620,Highlighter,Stationery,South,High,168,2288
621,Notebook,Stationery,Central,Low,439,4578
622,Mouse,Electronics,South,Low,67177,
623,Gloves,Clothing,Central,Medium,464,
624,Jeans,Clothing,West,Low,5356,6423
625,Frisbee,Sports,South,Low,3573,9799
626,Headphones,Electronics,South,Low,67348,7134
627,Camera,Electronics,North,Medium,53647,7701
628,Desk,Furniture,East,High,23089,5124
629,Mouse,Electronics,Central,Low,60702,8449
630,Table,Furniture,Central,Low,27902,4181
631,Speaker,Electronics,North,Low,27113,4223
632,Marker,Stationery,Central,Medium,439,1375
633,Bat,Sports,North,Low,6997,
634,Net,Sports,Central,Low,2831,6172
635,Folder,Stationery,North,Low,99,7897
636,Mouse,Electronics,North,Low,21368,8721
637,Jeans,Clothing,East,Medium,4101,3102
638,Speaker,Electronics,Central,Low,52174,5127
639,Headphones,Electronics,East,High,69224,7293
640,Cabinet,Furniture,South,Low,8782,9704
641,T-Shirt,Clothing,North,High,904,1708
642,Bench,Furniture,Central,High,22692,8565
643,Shoes,Clothing,North,Low,3104,2704
644,Charger,Electronics,South,High,58876,8202
645,Charger,Electronics,North,High,23347,4928
646,Scarf,Clothing,Central,Low,4279,2027
647,Bookshelf,Furniture,North,Low,16191,1627
648,Chair,Furniture,South,High,3994,7586
649,Bookshelf,Furniture,North,High,43353,7778
650,Notebook,Stationery,South,Low,255,2700
651,Monitor,Electronics,South,High,22540,6296
652,Speaker,Electronics,West,High,1496,
653,Speaker,Electronics,North,Medium,79130,9806
654,Laptop,Electronics,Central,Medium,61110,1125
655,Helmet,Sports,North,Low,8456,8503
656,Chair,Furniture,South,Medium,8735,2414
657,Football,Sports,East,Medium,1589,2661
658,Tablet,Electronics,East,Low,39960,6486
659,Desk,Furniture,North,Low,8949,4504
660,Yoga Mat,Sports,West,High,3604,2307
661,Laptop,Electronics,North,Medium,18899,8057
662,Monitor,Electronics,Central,High,59099,3197
663,Folder,Stationery,East,Low,205,8256
664,Stool,Furniture,Central,High,22862,5091
665,Keyboard,Electronics,Central,Low,31448,6845
666,Notebook,Stationery,South,High,416,
667,Chair,Furniture,North,High,22056,6520
668,Pen,Stationery,Central,Low,244,9698
669,Speaker,Electronics,South,High,54612,9500
670,Headphones,Electronics,South,Low,2986,8067
671,Monitor,Electronics,Central,Low,23014,5658
672,Shoes,Clothing,East,Low,426,4427
673,Highlighter,Stationery,Central,Low,45,7408
674,Pen,Stationery,North,Medium,284,
675,Pen,Stationery,South,Medium,379,9360
676,Eraser,Stationery,South,High,140,7700
677,Stool,Furniture,North,High,31687,4375
678,Keyboard,Electronics,South,Low,28577,6497
679,Highlighter,Stationery,North,High,47,3589
680,Net,Sports,East,Low,2503,1937
681,Cap,Clothing,North,Medium,2028,
682,Notebook,Stationery,East,High,76,6822
683,Ruler,Stationery,South,Low,413,7069
684,Stapler,Stationery,Central,Medium,456,3716
685,Scissors,Stationery,North,Low,109,7294
686,Marker,Stationery,West,Low,13,
687,Socks,Clothing,South,Low,4071,2897
688,Mouse,Electronics,Central,Medium,13485,8945
689,Jacket,Clothing,South,Low,697,2112
690,Glue,Stationery,West,Low,489,1938
691,Speaker,Electronics,South,Low,29494,7163
692,Laptop,Electronics,West,Medium,32622,9363
693,Marker,Stationery,North,Low,145,8551
694,Chair,Furniture,West,Medium,7918,6918
695,Phone,Electronics,West,Low,24789,9432
696,Mouse,Electronics,North,Medium,31882,3282
697,Stapler,Stationery,West,High,494,1684
698,Stapler,Stationery,South,Low,244,2342
699,Shoes,Clothing,North,Low,1350,5988
700,Highlighter,Stationery,South,High,215,
701,Desk,Furniture,East,High,16776,
702,Ruler,Stationery,West,Medium,118,4545
703,Stool,Furniture,South,Low,31422,6272
704,Keyboard,Electronics,South,Low,4208,3655
705,Desk,Furniture,South,Medium,18398,8783
706,Football,Sports,West,Low,4089,5487
707,Jacket,Clothing,South,High,1308,1932
708,Bookshelf,Furniture,West,Low,39877,7699
709,Highlighter,Stationery,South,High,499,7680
710,Laptop,Electronics,West,High,14845,5745
711,Camera,Electronics,South,High,56261,
712,Cap,Clothing,Central,Medium,3855,9690
713,Dumbbell,Sports,Central,High,3306,5150
714,Yoga Mat,Sports,South,High,4338,7750
715,Ruler,Stationery,East,Medium,47,1935
716,Skipping Rope,Sports,South,Medium,307,6571
717,Stool,Furniture,East,Medium,16763,2457
718,Wardrobe,Furniture,West,Low,10277,4809
719,Glue,Stationery,West,Medium,402,4646
720,Lamp,Furniture,North,Low,10412,7894
721,Mouse,Electronics,Central,Low,44720,6827
722,Scissors,Stationery,East,Low,256,3636
723,Socks,Clothing,North,High,2593,4342
724,Bench,Furniture,South,Low,21216,3677
725,Charger,Electronics,West,High,78375,
726,Charger,Electronics,Central,Low,74686,2147
727,Monitor,Electronics,North,Medium,1715,3859
728,Marker,Stationery,North,Low,52,4249
729,Stool,Furniture,East,Low,24367,7838
730,Cap,Clothing,East,Low,887,5350
731,Phone,Electronics,Central,Low,35665,6384
732,Ruler,Stationery,West,Low,319,1839
733,Cabinet,Furniture,West,Low,2589,2182
734,Jeans,Clothing,North,Medium,1767,8408
735,Shoes,Clothing,Central,Low,5635,8134
736,Desk,Furniture,South,High,15641,8492
737,Lamp,Furniture,Central,Low,36440,1935
738,Headphones,Electronics,North,Low,39316,8442
739,Helmet,Sports,South,Low,5247,5272
740,Sofa,Furniture,North,Low,23709,6073
741,Socks,Clothing,Central,Medium,655,6169
742,Camera,Electronics,North,Low,32178,5016
743,T-Shirt,Clothing,South,Low,4351,6944
744,Belt,Clothing,East,Medium,1070,7341
745,Scarf,Clothing,North,Low,5676,8366
746,Eraser,Stationery,West,Medium,200,6155
747,Bat,Sports,North,Medium,1589,5564
748,Desk,Furniture,Central,Low,32031,1575
749,Pen,Stationery,East,Low,53,2540
750,Laptop,Electronics,East,High,18900,2157
751,Stapler,Stationery,Central,Medium,218,3845
752,Sweater,Clothing,East,Low,2189,2916
753,Camera,Electronics,West,Low,25442,5730
754,Sweater,Clothing,South,Medium,1261,9045
755,Speaker,Electronics,East,High,4825,8687
756,Bench,Furniture,East,Low,49300,6596
757,Cabinet,Furniture,North,High,16685,1170
758,Highlighter,Stationery,North,High,497,4734
759,Folder,Stationery,East,Low,326,7197
760,Pen,Stationery,South,Low,356,5003
761,Monitor,Electronics,South,High,34389,6339
762,Sweater,Clothing,East,Low,4616,1898
763,Stapler,Stationery,East,High,81,9889
764,Speaker,Electronics,West,High,62832,4508
765,Glue,Stationery,South,Low,70,1425
766,Headphones,Electronics,East,Low,10068,1860
767,Stool,Furniture,West,Low,32737,6077
768,Skipping Rope,Sports,East,High,5254,6771
769,Ball,Sports,Central,Medium,8645,
770,Sweater,Clothing,North,High,5652,4414
771,Ruler,Stationery,East,High,347,3045
772,Bat,Sports,West,Medium,7233,
773,Cabinet,Furniture,North,Low,20570,6842
774,Headphones,Electronics,Central,High,29905,8101
775,Cabinet,Furniture,North,High,14720,6390
776,Racket,Sports,West,Medium,8347,
777,Bench,Furniture,West,High,38272,3688
778,Desk,Furniture,Central,High,8892,6926
779,Laptop,Electronics,South,Medium,67050,4524
780,Skipping Rope,Sports,South,Medium,2504,8180
781,Keyboard,Electronics,South,Medium,35166,4830
782,Shoes,Clothing,Central,Medium,643,1092
783,Stapler,Stationery,South,Medium,128,3874
784,Bench,Furniture,South,High,14738,2799
785,Gloves,Clothing,South,Low,3676,1861
786,T-Shirt,Clothing,West,High,770,7800
787,Table,Furniture,West,Low,15685,6505
788,Shoes,Clothing,South,Low,3559,8143
789,Folder,Stationery,South,Medium,238,4164
790,Dumbbell,Sports,North,Medium,3158,8206
791,Skipping Rope,Sports,West,High,7873,8730
792,Football,Sports,South,Medium,3966,
793,Jeans,Clothing,West,Low,3682,7421
794,Stool,Furniture,Central,Medium,4229,8811
795,Ruler,Stationery,West,High,327,1064
796,Table,Furniture,West,Medium,40167,4599
797,Stapler,Stationery,Central,Medium,343,2891
798,Desk,Furniture,Central,Low,32932,5500
799,Ruler,Stationery,North,Low,282,6326
800,Jeans,Clothing,East,Low,5194,5269
801,Tablet,Electronics,West,Low,71840,
802,Folder,Stationery,West,Low,363,2240
803,Bookshelf,Furniture,North,Medium,10713,4735
804,Desk,Furniture,West,Low,49565,2754
805,Wardrobe,Furniture,Central,High,7371,3434
806,Shoes,Clothing,North,Medium,3360,3940
807,Racket,Sports,East,Low,1066,1639
808,Tablet,Electronics,South,Low,22437,4235
809,Dumbbell,Sports,South,Low,7268,7701
810,Eraser,Stationery,South,Low,22,3868
811,Sofa,Furniture,South,Medium,42527,1965
812,Belt,Clothing,Central,Medium,474,9967
813,Bat,Sports,West,Low,527,6521
814,Belt,Clothing,South,High,4794,9138
815,Cabinet,Furniture,South,Medium,1801,9435
816,Tablet,Electronics,West,Medium,25979,7697
817,Eraser,Stationery,Central,High,324,7170
818,Lamp,Furniture,South,Medium,41778,6346
819,Ruler,Stationery,East,High,182,9946
820,Cap,Clothing,North,Low,580,2353
821,Yoga Mat,Sports,East,Medium,7150,1071
822,Charger,Electronics,South,Low,37459,8133
823,Cap,Clothing,North,Medium,5514,1584
824,Cap,Clothing,South,Low,2314,7070
825,Wardrobe,Furniture,Central,High,29467,5548
826,Socks,Clothing,West,Medium,5912,2943
827,Monitor,Electronics,East,Low,72103,3148
828,Scissors,Stationery,South,Low,269,
829,T-Shirt,Clothing,North,Low,481,8684
830,Camera,Electronics,East,High,25488,2967
831,Wardrobe,Furniture,East,Low,12234,4655
832,Shoes,Clothing,East,Low,699,5946
833,Keyboard,Electronics,Central,Medium,59336,7821
834,Socks,Clothing,North,Medium,2100,8878
835,Helmet,Sports,East,Low,2111,7637
836,Sofa,Furniture,West,Low,19053,2620
837,Skipping Rope,Sports,Central,Low,5766,7024
838,Jeans,Clothing,South,Low,2515,7308
839,Football,Sports,South,Low,619,8508
840,Camera,Electronics,West,Medium,74996,6936
841,Shoes,Clothing,Central,High,5646,6903
842,Bench,Furniture,South,Low,48014,2054
843,T-Shirt,Clothing,South,Medium,1885,2935
844,Chair,Furniture,East,High,14159,1029
845,Notebook,Stationery,West,Low,153,1144
846,Yoga Mat,Sports,East,High,8878,1214
847,Helmet,Sports,South,High,3822,2992
848,Highlighter,Stationery,Central,High,355,7636
849,Phone,Electronics,Central,High,56834,5430
850,Racket,Sports,West,Low,511,1892
851,Gloves,Clothing,Central,Medium,1519,6987
852,Racket,Sports,East,High,6213,3321
853,Sofa,Furniture,South,Low,40070,3044
854,Lamp,Furniture,Central,Medium,7795,7761
855,Belt,Clothing,North,Medium,2134,4878
856,Headphones,Electronics,East,Low,13335,7349
857,Socks,Clothing,West,Medium,2021,1801
858,Belt,Clothing,South,High,5148,4247
859,Camera,Electronics,North,Medium,12845,2291
860,Cap,Clothing,North,Medium,3861,3534
861,Lamp,Furniture,West,Low,8457,8026
862,Bench,Furniture,North,Low,49663,3565
863,Camera,Electronics,Central,Low,7461,4133
864,Yoga Mat,Sports,South,Low,3582,8436
865,Headphones,Electronics,West,Low,30393,2654
866,Cabinet,Furniture,North,Medium,20353,6488
867,Lamp,Furniture,East,Low,27763,8056
868,Monitor,Electronics,North,Low,72373,5311
869,Keyboard,Electronics,Central,Medium,34360,9120
870,Skipping Rope,Sports,East,Low,7908,2099
871,Sweater,Clothing,South,Medium,406,1740
872,Phone,Electronics,East,Low,30166,5395
873,Stapler,Stationery,East,Low,433,8172
874,Jacket,Clothing,North,Low,4655,4853
875,Lamp,Furniture,North,Low,26442,4620
876,Monitor,Electronics,North,High,12237,6215
877,Frisbee,Sports,West,High,8885,9499
878,Stool,Furniture,East,Low,24747,4646
879,Net,Sports,Central,Low,516,4038
880,Speaker,Electronics,East,Low,59641,9476
881,Shoes,Clothing,Central,Medium,4656,7586
882,Camera,Electronics,West,Low,29107,6864
883,Eraser,Stationery,East,Low,194,4397
884,Cabinet,Furniture,East,Medium,46949,
885,Bat,Sports,East,Low,680,9597
886,Marker,Stationery,East,Low,65,4047
887,Jeans,Clothing,East,Low,4191,
888,Table,Furniture,West,High,30286,3545
889,Stapler,Stationery,South,Medium,190,5020
890,Notebook,Stationery,South,High,228,3495
891,Ruler,Stationery,North,Low,149,7512
892,Net,Sports,North,Low,3194,1181
893,Pen,Stationery,East,Low,357,
894,Bookshelf,Furniture,North,Medium,39033,5813
895,Headphones,Electronics,South,Low,78007,6275
896,Laptop,Electronics,Central,Low,12997,3004
897,Bookshelf,Furniture,West,Low,28792,1252
898,Chair,Furniture,East,High,17253,7920
899,Table,Furniture,Central,Low,43028,
900,Net,Sports,East,Low,8000,1223
901,Keyboard,Electronics,West,Low,24162,8692
902,Yoga Mat,Sports,South,Medium,1863,8215
903,Camera,Electronics,West,High,1480,
904,Monitor,Electronics,East,Low,54984,5739
905,Ruler,Stationery,East,High,96,9648
906,Jeans,Clothing,East,Low,4632,7349
907,Glue,Stationery,Central,Medium,298,2383
908,Dumbbell,Sports,North,Low,8866,3253
909,Pen,Stationery,East,Low,21,6912
910,Cabinet,Furniture,North,Low,44916,9708
911,Socks,Clothing,West,Low,1611,8491
912,Table,Furniture,North,Low,15898,6255
913,T-Shirt,Clothing,West,Medium,1818,2105
914,Sofa,Furniture,East,High,34383,3812
915,Dumbbell,Sports,East,Medium,2345,2823
916,Lamp,Furniture,East,Low,14680,4640
917,Socks,Clothing,Central,Low,3182,3689
918,Phone,Electronics,North,Medium,5550,9391
919,Lamp,Furniture,North,Low,35625,
920,Helmet,Sports,West,Low,7587,3989
921,Table,Furniture,East,Medium,10130,2082
922,Laptop,Electronics,Central,Medium,7831,5793
923,Folder,Stationery,North,High,235,5602
924,Bat,Sports,North,Medium,3879,8930
925,Frisbee,Sports,South,Low,7752,8470
926,Bookshelf,Furniture,East,Low,34955,6007
927,T-Shirt,Clothing,South,Low,3802,7032
928,Belt,Clothing,East,Medium,417,6848
929,Shoes,Clothing,South,Low,5590,3560
930,Racket,Sports,West,High,7880,4434
931,Bookshelf,Furniture,East,Medium,7683,6711
932,Mouse,Electronics,East,Low,77044,6172
933,T-Shirt,Clothing,East,Low,1329,3055
934,Lamp,Furniture,North,Medium,45943,8652
935,Sweater,Clothing,South,High,1479,9348
936,Table,Furniture,South,Medium,29943,3439
937,Monitor,Electronics,Central,High,22335,9809
938,Stool,Furniture,Central,Low,7996,
939,Stool,Furniture,North,High,43838,9813
940,Shoes,Clothing,East,Medium,5070,3817
941,Glue,Stationery,North,Low,43,3582
942,Stapler,Stationery,East,Medium,385,1981
943,Bat,Sports,South,Low,1527,2413
944,Eraser,Stationery,South,Low,163,4656
945,Marker,Stationery,West,Low,124,2875
946,Pen,Stationery,West,Medium,409,
947,Bookshelf,Furniture,East,Low,26942,9740
948,Shoes,Clothing,East,Low,5268,9390
949,Sweater,Clothing,Central,Medium,4099,7657
950,Shoes,Clothing,North,Medium,3979,5015
951,Football,Sports,North,Low,6194,8059
952,Laptop,Electronics,East,Medium,21884,8700
953,Lamp,Furniture,West,Medium,49231,3338
954,T-Shirt,Clothing,East,Low,3817,9517
955,Helmet,Sports,East,Low,945,5701
956,Camera,Electronics,East,Medium,22483,2116
957,Notebook,Stationery,East,Medium,325,9213
958,Jeans,Clothing,North,Medium,2658,8273
959,Jeans,Clothing,West,High,3313,6271
960,Sweater,Clothing,West,Medium,4756,2794
961,Bat,Sports,West,Low,3476,7385
962,Net,Sports,East,Low,8657,3435
963,Marker,Stationery,North,Medium,223,8280
964,Highlighter,Stationery,West,Medium,42,2788
965,Cap,Clothing,Central,Medium,358,6965
966,Stool,Furniture,North,Low,11403,2335
967,Speaker,Electronics,South,Medium,10437,7829
968,Cap,Clothing,Central,Low,584,2598
969,Yoga Mat,Sports,East,Medium,1982,2048
970,Helmet,Sports,Central,High,4701,5741
971,Bench,Furniture,West,Low,31409,5900
972,Net,Sports,Central,Low,8610,4749
973,Pen,Stationery,East,Medium,267,6047
974,Marker,Stationery,West,High,272,4949
975,Scarf,Clothing,East,High,5212,3210
976,Racket,Sports,Central,Low,4366,3874
977,Folder,Stationery,Central,High,214,2572
978,Pen,Stationery,South,Low,342,7874
979,Headphones,Electronics,West,Low,56883,5682
980,Gloves,Clothing,West,Medium,1739,3307
981,Dumbbell,Sports,Central,Low,1486,2246
982,Racket,Sports,East,High,4535,8523
983,Socks,Clothing,East,Medium,1706,3896
984,Chair,Furniture,South,High,36240,6514
985,Speaker,Electronics,South,Low,73407,6391
986,Folder,Stationery,North,Low,212,8135
987,Cabinet,Furniture,West,Low,42874,1006
988,Headphones,Electronics,West,Low,4383,8569
989,Gloves,Clothing,Central,Low,3873,1958
990,Highlighter,Stationery,North,High,73,1344
991,Skipping Rope,Sports,Central,Low,6680,9843
992,Cap,Clothing,East,Low,1767,6502
993,Yoga Mat,Sports,South,High,5493,
994,Dumbbell,Sports,Central,Low,5610,5263
995,Scissors,Stationery,Central,Low,246,6205
996,Charger,Electronics,South,High,33735,3091
997,Sofa,Furniture,South,Low,23411,6460
998,Scarf,Clothing,North,Medium,1620,1948
999,Stool,Furniture,North,Low,3523,
1000,Sweater,Clothing,Central,High,3588,3265
1001,Charger,Electronics,West,Low,41155,7811
1002,T-Shirt,Clothing,Central,Low,505,8064
1003,Bookshelf,Furniture,East,High,3258,1908
1004,Scarf,Clothing,West,High,1008,6170
1005,Keyboard,Electronics,East,Low,9782,9634
1006,Jeans,Clothing,West,Low,5595,8081
1007,Frisbee,Sports,North,Low,7844,5983
1008,Charger,Electronics,West,Medium,37448,1045
1009,Shoes,Clothing,East,Medium,3303,1860
1010,Folder,Stationery,Central,Low,432,1477
1011,Scarf,Clothing,Central,Medium,4953,8831
1012,Ruler,Stationery,North,Medium,494,3421
1013,Notebook,Stationery,South,Low,341,5301
1014,Cabinet,Furniture,South,Medium,48554,6332
1015,Frisbee,Sports,South,High,1804,9454
1016,Socks,Clothing,South,High,1633,5733
1017,Notebook,Stationery,Central,Low,262,
1018,Monitor,Electronics,North,Low,73003,2052
1019,Glue,Stationery,North,Low,78,9876
1020,Charger,Electronics,North,High,61435,3345
1021,Jeans,Clothing,South,High,1460,4753
1022,Laptop,Electronics,East,Low,25046,9546
1023,Stapler,Stationery,South,Low,359,3380
1024,Skipping Rope,Sports,East,High,3155,7094
1025,Bookshelf,Furniture,North,Medium,9486,6017
1026,Camera,Electronics,East,Low,38139,8646
1027,Racket,Sports,West,Low,5868,3946
1028,Bookshelf,Furniture,North,High,1939,7573
1029,Monitor,Electronics,South,Low,8107,7704
1030,Jeans,Clothing,North,Low,1847,8137
1031,Eraser,Stationery,Central,Low,445,7308
1032,Camera,Electronics,West,Low,16569,6330
1033,Cap,Clothing,South,High,5430,5975
1034,Gloves,Clothing,North,High,3883,
1035,Sweater,Clothing,East,Low,3436,9224
1036,Wardrobe,Furniture,West,Low,1901,7264
1037,Scissors,Stationery,North,Medium,380,7428
1038,Lamp,Furniture,West,Medium,20359,8669
1039,Highlighter,Stationery,West,Medium,328,5160
1040,Bat,Sports,West,Medium,559,9785
1041,Socks,Clothing,South,Low,365,7735
1042,Chair,Furniture,North,Medium,16002,4322
1043,Socks,Clothing,Central,Medium,5819,8099
1044,Scissors,Stationery,North,Low,167,8327
1045,Socks,Clothing,Central,Low,1607,9310
1046,Yoga Mat,Sports,East,Low,5317,8311
1047,Mouse,Electronics,Central,Medium,8237,1922
1048,Folder,Stationery,North,High,131,5893
1049,Belt,Clothing,West,Medium,548,3831
1050,Chair,Furniture,West,Low,36077,5946
1051,Pen,Stationery,South,Medium,345,3036
1052,Phone,Electronics,West,Low,54024,5574
1053,Eraser,Stationery,South,Low,249,8426
1054,Stapler,Stationery,Central,Medium,425,2067
1055,Lamp,Furniture,East,Medium,36396,2641
1056,Dumbbell,Sports,West,Low,5375,
1057,Sweater,Clothing,East,Low,2103,4611
1058,Marker,Stationery,East,Medium,254,7202
1059,Laptop,Electronics,Central,High,5103,7361
1060,Eraser,Stationery,South,Low,342,4430
1061,T-Shirt,Clothing,West,Medium,1986,1009
1062,Folder,Stationery,South,Medium,236,4375
1063,Ruler,Stationery,West,Medium,383,6091
1064,Socks,Clothing,North,Low,3054,4164
1065,Racket,Sports,South,Low,4826,3420
1066,Camera,Electronics,East,Medium,55395,8454
1067,Ruler,Stationery,East,Low,496,1215
1068,Table,Furniture,South,Low,14506,5308
1069,Notebook,Stationery,East,Low,272,5461
1070,Bookshelf,Furniture,East,Low,25566,9325
1071,Cabinet,Furniture,East,Low,30740,6998
1072,Football,Sports,North,Low,4445,8791
1073,Socks,Clothing,South,Low,2313,2615
1074,Bookshelf,Furniture,South,Low,47413,3142
1075,Skipping Rope,Sports,East,High,6268,4151
1076,Cabinet,Furniture,Central,High,13799,
1077,Notebook,Stationery,North,Low,70,9407
1078,Racket,Sports,North,Medium,2584,3073
1079,Marker,Stationery,Central,Medium,250,
1080,Socks,Clothing,West,Low,3016,
1081,Scarf,Clothing,South,Low,4317,2923
1082,Shoes,Clothing,Central,Medium,2960,2677
1083,Wardrobe,Furniture,East,Low,6623,9860
1084,Camera,Electronics,West,High,61871,6614
1085,Ruler,Stationery,North,Low,100,
1086,Highlighter,Stationery,West,Low,382,2350
1087,Bat,Sports,Central,Low,8780,8185
1088,Net,Sports,East,High,6875,5432
1089,Bat,Sports,East,Low,3545,4438
1090,Sofa,Furniture,North,High,45069,5417
1091,Stool,Furniture,West,Low,1714,1934
1092,Ball,Sports,West,High,842,3228
1093,Scarf,Clothing,South,Low,4396,3153
1094,Yoga Mat,Sports,East,Low,4069,6962
1095,Ball,Sports,Central,Medium,3150,4525
1096,Desk,Furniture,North,Low,22024,1771
1097,Jacket,Clothing,North,Low,4112,4456
1098,Cap,Clothing,South,Low,5781,8704
1099,Desk,Furniture,East,Medium,15195,2938
1100,Stool,Furniture,North,Low,23407,9453
1101,Football,Sports,South,High,929,1118
1102,Gloves,Clothing,West,Medium,1256,7903
1103,Keyboard,Electronics,South,Medium,48610,3415
1104,Cap,Clothing,East,Low,5189,1277
1105,Pen,Stationery,West,Low,99,7012
1106,Headphones,Electronics,Central,Low,7932,5684
1107,Socks,Clothing,North,High,2126,4949
1108,Cap,Clothing,West,Low,1156,6987
1109,Tablet,Electronics,Central,High,61392,1991
1110,Shoes,Clothing,North,Medium,3846,8757
1111,Racket,Sports,North,Medium,278,5089
1112,Ball,Sports,Central,Low,5763,6320
1113,Mouse,Electronics,Central,High,25026,9485
1114,Pen,Stationery,East,High,19,7724
1115,Racket,Sports,Central,Low,705,6276
1116,Helmet,Sports,South,High,8928,9442
1117,Folder,Stationery,Central,Medium,238,3556
1118,Folder,Stationery,West,Low,321,4151
1119,Jacket,Clothing,South,Medium,1620,5996
1120,Scarf,Clothing,West,Low,3190,7971
1121,Stapler,Stationery,Central,Low,115,5449
1122,Sofa,Furniture,East,High,31694,4389
1123,Sofa,Furniture,East,High,37109,8096
1124,Chair,Furniture,East,Low,8648,9181
1125,Highlighter,Stationery,South,High,432,6674
1126,Charger,Electronics,North,Medium,4194,5228
1127,Ball,Sports,Central,High,3307,9917
1128,Eraser,Stationery,North,High,166,2921
1129,Socks,Clothing,Central,Low,1025,6307
1130,Folder,Stationery,East,Medium,129,1710
1131,Charger,Electronics,West,Low,25671,6565
1132,Marker,Stationery,South,High,346,5837
1133,Bench,Furniture,North,Medium,3510,9418
1134,Skipping Rope,Sports,South,Medium,7021,8672
1135,Desk,Furniture,East,High,2709,3344
1136,Charger,Electronics,North,Medium,18085,2776
1137,Racket,Sports,West,Medium,4987,3192
1138,Jacket,Clothing,West,Low,1239,3220
1139,Dumbbell,Sports,Central,Low,6209,2439
1140,Dumbbell,Sports,Central,High,1701,9777
1141,Frisbee,Sports,North,Medium,1746,6379
1142,Scissors,Stationery,North,Medium,61,7905
1143,Glue,Stationery,North,Low,399,3047
1144,Glue,Stationery,East,Medium,483,8547
1145,Tablet,Electronics,East,Low,68472,6153
1146,Tablet,Electronics,Central,Low,47873,6939
1147,Cap,Clothing,South,High,2699,4196
1148,T-Shirt,Clothing,North,High,4532,9839
1149,Cabinet,Furniture,Central,Medium,10238,2686
1150,Stool,Furniture,Central,High,46890,
1151,Desk,Furniture,South,Low,17025,3501
1152,Belt,Clothing,South,Low,4521,7520
1153,Cap,Clothing,North,High,2101,5983
1154,Skipping Rope,Sports,North,Low,2219,8383
1155,Bench,Furniture,Central,High,36177,1118
1156,Belt,Clothing,Central,Low,2966,7518
1157,Highlighter,Stationery,North,Medium,33,8684
1158,Phone,Electronics,Central,Low,31702,8333
1159,Mouse,Electronics,Central,High,74423,6052
1160,Frisbee,Sports,Central,Low,3710,2233
1161,Jeans,Clothing,Central,Low,1233,4417
1162,Bookshelf,Furniture,South,Low,3033,5692
1163,Laptop,Electronics,Central,Low,74738,5912
1164,Racket,Sports,West,Low,4835,2597
1165,Gloves,Clothing,East,Low,4352,9001
1166,Bookshelf,Furniture,East,Low,41553,2822
1167,Notebook,Stationery,Central,Low,188,2840
1168,Glue,Stationery,East,High,82,1379
1169,Ball,Sports,West,Medium,5291,9222
1170,Laptop,Electronics,East,Low,54823,6427
1171,Ruler,Stationery,North,Low,283,6908
1172,Charger,Electronics,Central,High,51332,5206
1173,Tablet,Electronics,West,Low,39906,7016
1174,Charger,Electronics,North,Low,70551,2557
1175,Dumbbell,Sports,North,Medium,4324,3352
1176,Mouse,Electronics,West,Medium,24613,9724
1177,Ruler,Stationery,East,High,383,5110
1178,Gloves,Clothing,Central,Medium,1831,1403
1179,Football,Sports,Central,Low,7348,7689
1180,Gloves,Clothing,East,Low,223,9925
1181,Sofa,Furniture,East,Low,40325,3858
1182,Laptop,Electronics,Central,High,43140,
1183,Cap,Clothing,South,Low,1067,4429
1184,Headphones,Electronics,North,Low,14150,2852
1185,Scissors,Stationery,East,High,488,7591
1186,Jacket,Clothing,East,Low,3869,2663
1187,Mouse,Electronics,Central,High,14979,
1188,Table,Furniture,South,Low,45810,8743
1189,Sweater,Clothing,South,Medium,3667,8596
1190,Ruler,Stationery,North,High,469,6383
1191,Marker,Stationery,Central,Medium,388,8303
1192,Belt,Clothing,West,Low,5542,3343
1193,Bookshelf,Furniture,East,High,23199,
1194,Pen,Stationery,West,Low,246,8678
1195,Keyboard,Electronics,North,Medium,69529,1442
1196,Racket,Sports,South,Medium,5787,4431
1197,Highlighter,Stationery,South,Medium,144,1065
1198,Table,Furniture,Central,Low,45148,2786
1199,Keyboard,Electronics,Central,High,58661,1271
1200,Skipping Rope,Sports,South,Medium,2733,8608
1201,Highlighter,Stationery,East,Medium,452,1324
1202,Glue,Stationery,East,Low,404,8238
1203,Speaker,Electronics,West,High,64057,2495
1204,Camera,Electronics,North,Low,70847,9456
1205,Cabinet,Furniture,South,Low,22795,9503
1206,Gloves,Clothing,Central,Low,4537,1130
1207,Monitor,Electronics,South,Low,43746,7412
1208,Tablet,Electronics,West,Medium,66784,9128
1209,Lamp,Furniture,Central,Low,14770,7773
1210,Stool,Furniture,South,Low,23704,4762
1211,Gloves,Clothing,West,Low,995,9870
1212,Mouse,Electronics,North,High,12675,1525
1213,Desk,Furniture,South,High,42079,7894
1214,Shoes,Clothing,East,Low,5459,8491
1215,Stool,Furniture,East,High,32065,
1216,Marker,Stationery,Central,Low,164,7002
1217,Speaker,Electronics,South,Low,30334,3146
1218,Monitor,Electronics,West,Low,72267,7261
1219,Stool,Furniture,North,High,46434,6312
1220,Cabinet,Furniture,East,Low,22738,9277
1221,Highlighter,Stationery,West,Medium,342,8729
1222,Shoes,Clothing,West,High,1200,8430
1223,Ball,Sports,North,Low,3258,7192
1224,Ball,Sports,North,Low,5021,
1225,Monitor,Electronics,West,Low,27454,7249
1226,Marker,Stationery,East,Low,69,4828
1227,Scissors,Stationery,West,Low,417,3666
1228,Lamp,Furniture,South,Medium,43256,4436
1229,Belt,Clothing,South,Low,1714,2261
1230,Socks,Clothing,East,Medium,918,2044
1231,Football,Sports,North,Low,1689,2316
1232,Tablet,Electronics,South,High,56391,6571
1233,Scissors,Stationery,Central,Low,286,3658
1234,Bat,Sports,East,Medium,3695,7525
1235,Shoes,Clothing,West,Medium,2011,2180
1236,Sweater,Clothing,West,Medium,2670,8161
1237,Eraser,Stationery,North,Low,193,8702
1238,Wardrobe,Furniture,East,Low,33575,2156
1239,Stool,Furniture,West,High,32828,9685
1240,Scissors,Stationery,Central,Low,19,2409
1241,Folder,Stationery,South,Low,173,7752
1242,Gloves,Clothing,North,Low,1888,4684
1243,Socks,Clothing,West,Low,4822,9509
1244,Charger,Electronics,Central,High,32110,1589
1245,Wardrobe,Furniture,Central,Medium,21707,9028
1246,Scissors,Stationery,Central,Low,151,4810
1247,Stool,Furniture,East,Low,37388,4446
1248,Jeans,Clothing,West,Medium,5852,2160
1249,Phone,Electronics,East,Low,30611,8830
1250,Folder,Stationery,South,High,74,
1251,Bookshelf,Furniture,Central,Low,40962,8869
1252,Eraser,Stationery,North,Low,144,4841
1253,Frisbee,Sports,East,High,4924,1824
1254,Stapler,Stationery,South,Medium,325,8540
1255,Stool,Furniture,North,Low,48558,6647
1256,Folder,Stationery,North,High,247,
1257,Cap,Clothing,West,Low,1129,9292
1258,Stool,Furniture,South,Low,31404,7206
1259,Sofa,Furniture,South,Low,27914,
1260,Skipping Rope,Sports,North,Low,1510,3625
1261,Chair,Furniture,South,Low,22701,2247
1262,Belt,Clothing,East,Low,5913,
1263,Racket,Sports,Central,Medium,7912,8308
1264,Pen,Stationery,East,Medium,71,6528
1265,Headphones,Electronics,East,Medium,74084,6448
1266,Pen,Stationery,West,High,134,2938
1267,Bookshelf,Furniture,South,Low,10289,1168
1268,Phone,Electronics,South,Low,35830,2824
1269,Tablet,Electronics,South,Medium,1971,4202
1270,Yoga Mat,Sports,Central,Medium,2016,3923
1271,Phone,Electronics,North,Low,50838,6847
1272,T-Shirt,Clothing,Central,High,772,1947
1273,Scissors,Stationery,West,Medium,318,3968
1274,Charger,Electronics,East,Medium,2844,1331
1275,Net,Sports,East,Medium,8316,8655
1276,Camera,Electronics,North,Low,68053,
1277,Cabinet,Furniture,West,Low,23092,5932
1278,Marker,Stationery,East,Low,333,1427
1279,Glue,Stationery,Central,Low,359,7193
1280,Marker,Stationery,North,Medium,309,2917
1281,Wardrobe,Furniture,East,High,21329,9011
1282,Belt,Clothing,West,Low,4439,1518
1283,T-Shirt,Clothing,West,Low,2835,4240
1284,Charger,Electronics,North,Medium,63548,5092
1285,Chair,Furniture,West,Low,47423,2669
1286,Football,Sports,North,Low,7550,1294
1287,Racket,Sports,North,Low,1610,3695
1288,Chair,Furniture,East,Low,28506,3357
1289,Bench,Furniture,East,Low,5668,8216
1290,Charger,Electronics,Central,Low,44708,8599
1291,Headphones,Electronics,South,Medium,11101,9895
1292,Socks,Clothing,West,High,2831,3838
1293,Racket,Sports,West,Medium,4337,4637
1294,Gloves,Clothing,East,High,2716,4742
1295,Sofa,Furniture,East,Low,44622,5447
1296,T-Shirt,Clothing,East,High,5415,2405
1297,Mouse,Electronics,South,High,43237,
1298,Yoga Mat,Sports,West,High,3557,3998
1299,Mouse,Electronics,South,Medium,39567,9374
1300,Scarf,Clothing,South,Low,4723,6759
1301,T-Shirt,Clothing,East,High,790,3592
1302,Shoes,Clothing,East,Low,1132,5381
1303,Ruler,Stationery,South,Low,220,2261
1304,Net,Sports,West,Low,8514,2143
1305,Tablet,Electronics,North,Medium,71280,
1306,Marker,Stationery,North,Low,489,6566
1307,Highlighter,Stationery,Central,Low,60,2221
1308,Football,Sports,North,High,4125,5525
1309,Charger,Electronics,South,Low,29171,7967
1310,Highlighter,Stationery,East,Medium,454,9933
1311,Marker,Stationery,North,Medium,295,2217
1312,Jeans,Clothing,South,High,3180,1231
1313,Bench,Furniture,South,Low,38276,9493
1314,Sofa,Furniture,East,High,10361,4078
1315,Skipping Rope,Sports,Central,Low,5693,
1316,Shoes,Clothing,East,Low,4609,
1317,Mouse,Electronics,East,Medium,77021,6876
1318,Socks,Clothing,North,Medium,5364,9963
1319,Belt,Clothing,East,Medium,5856,3311
1320,Sofa,Furniture,Central,Medium,28119,1967
1321,Jacket,Clothing,North,High,4704,5265
1322,Yoga Mat,Sports,North,Medium,7280,6354
1323,Belt,Clothing,East,Low,4407,3171
1324,Dumbbell,Sports,South,Medium,797,6969
1325,Lamp,Furniture,West,Low,36663,5602
1326,Sweater,Clothing,East,Low,3940,6800
1327,Yoga Mat,Sports,West,Low,1988,6723
1328,Bench,Furniture,South,High,23838,4833
1329,Sofa,Furniture,West,Low,46204,5117
1330,Phone,Electronics,West,Low,72492,2501
1331,Eraser,Stationery,East,Low,47,2024
1332,Folder,Stationery,East,High,139,
1333,Chair,Furniture,Central,Low,26054,8468
1334,Cabinet,Furniture,North,High,14079,5696
1335,Net,Sports,Central,Low,2408,3387
1336,Skipping Rope,Sports,East,Low,4754,5816
1337,Net,Sports,North,High,3574,3554
1338,Dumbbell,Sports,North,Low,8124,4328
1339,Jacket,Clothing,Central,Low,597,3266
1340,Speaker,Electronics,North,High,72335,2846
1341,Skipping Rope,Sports,East,High,6558,1611
1342,Belt,Clothing,Central,Low,4948,1734
1343,Stapler,Stationery,West,High,37,4280
1344,Bat,Sports,South,Medium,2815,9277
1345,Keyboard,Electronics,North,High,30382,2845
1346,Yoga Mat,Sports,Central,Low,6861,9008
1347,Headphones,Electronics,West,Low,17194,2230
1348,Frisbee,Sports,West,Low,7611,8890
1349,Ball,Sports,West,High,4989,1716
1350,Socks,Clothing,Central,High,4747,5284
1351,T-Shirt,Clothing,North,High,2970,1253
1352,Gloves,Clothing,Central,Low,3437,8081
1353,Frisbee,Sports,South,Low,369,2594
1354,Racket,Sports,North,Low,3836,7128
1355,Gloves,Clothing,North,Medium,4357,7830
1356,Jacket,Clothing,West,Low,1113,8255
1357,Speaker,Electronics,West,Low,13999,9635
1358,Frisbee,Sports,South,Low,7799,8863
1359,Stool,Furniture,South,Low,41522,4959
1360,Sweater,Clothing,East,High,4277,7875
1361,Shoes,Clothing,West,Low,4053,9082
1362,Headphones,Electronics,East,Low,72735,3719
1363,Chair,Furniture,North,Low,11524,2480
1364,Racket,Sports,North,Medium,8523,6019
1365,Stool,Furniture,Central,Low,40663,9519
1366,Charger,Electronics,North,High,59573,3969
1367,Football,Sports,South,Low,1545,3468
1368,Speaker,Electronics,West,Low,62462,9371
1369,Bat,Sports,Central,Low,6296,2231
1370,Racket,Sports,South,Low,2788,
1371,Ruler,Stationery,North,High,76,1572
1372,Monitor,Electronics,South,Medium,2120,4483
1373,Glue,Stationery,North,Medium,76,2826
1374,Belt,Clothing,North,Low,731,9632
1375,Sofa,Furniture,South,Low,15925,6472
1376,Bat,Sports,East,Low,6194,6931
1377,Tablet,Electronics,East,Medium,32452,7652
1378,Frisbee,Sports,East,Low,5076,1261
1379,Wardrobe,Furniture,East,Medium,23058,
1380,Skipping Rope,Sports,Central,Medium,1345,3546
1381,Highlighter,Stationery,East,Low,92,6956
1382,Camera,Electronics,East,Medium,2343,2844
1383,Skipping Rope,Sports,West,Medium,4890,8305
1384,Monitor,Electronics,West,High,41093,2820
1385,T-Shirt,Clothing,North,High,2293,9847
1386,Stool,Furniture,West,High,22724,9621
1387,Gloves,Clothing,West,Medium,4610,5277
1388,Jacket,Clothing,East,Medium,5840,
1389,Racket,Sports,Central,Low,7419,8157
1390,Table,Furniture,West,Low,20207,3457
1391,Camera,Electronics,Central,Medium,17926,8124
1392,Ruler,Stationery,West,Medium,288,1175
1393,Phone,Electronics,North,Medium,55382,5091
1394,Helmet,Sports,East,High,1393,1681
1395,Charger,Electronics,South,Medium,45751,6327
1396,Gloves,Clothing,South,Low,2172,2311
1397,Speaker,Electronics,North,Low,18746,3109
1398,Glue,Stationery,Central,Medium,36,7342
1399,Frisbee,Sports,East,Low,5228,6171
1400,Monitor,Electronics,Central,Medium,15262,7046
1401,Pen,Stationery,North,Low,147,7502
1402,Eraser,Stationery,South,Medium,311,8280
1403,Folder,Stationery,East,High,335,1456
1404,Sofa,Furniture,East,Low,36610,5717
1405,Eraser,Stationery,North,High,121,1250
1406,Net,Sports,West,Medium,2682,9332
1407,Pen,Stationery,South,Low,62,1699
1408,Skipping Rope,Sports,South,Medium,5062,7570
1409,Mouse,Electronics,North,Low,48976,1767
1410,Ball,Sports,West,Medium,2542,5841
1411,Shoes,Clothing,West,Low,1936,3823
1412,Tablet,Electronics,Central,Medium,68698,9065
1413,Football,Sports,East,Low,8608,8499
1414,Keyboard,Electronics,Central,Medium,20911,9327
1415,Frisbee,Sports,North,Low,8496,8491
1416,Speaker,Electronics,North,Medium,57391,5244
1417,Socks,Clothing,East,Low,4223,8599
1418,Lamp,Furniture,East,Medium,34300,3615
1419,Scissors,Stationery,Central,High,421,3365
1420,Gloves,Clothing,West,Low,3167,7787
1421,Belt,Clothing,East,Low,3224,1922
1422,Table,Furniture,East,High,45100,3159
1423,Shoes,Clothing,South,Low,259,1391
1424,Lamp,Furniture,East,Low,28049,1331
1425,Helmet,Sports,North,Low,7086,3373
1426,Frisbee,Sports,North,Medium,3885,3583
1427,Bookshelf,Furniture,South,Low,37636,4477
1428,Sofa,Furniture,North,High,7239,2098
1429,Sofa,Furniture,North,Low,21283,1027
1430,Net,Sports,East,Medium,769,3065
1431,Helmet,Sports,West,Low,3615,2872
1432,Sofa,Furniture,North,Medium,49336,9821
1433,Headphones,Electronics,East,Low,48629,1152
1434,Bench,Furniture,East,High,9965,9448
1435,Scarf,Clothing,North,Low,4265,6491
1436,T-Shirt,Clothing,South,High,1965,8478
1437,Wardrobe,Furniture,South,Low,15692,7344
1438,Jacket,Clothing,Central,Low,958,2852
1439,Charger,Electronics,South,Low,41063,3194
1440,Bench,Furniture,Central,Medium,13931,5347
1441,Net,Sports,West,High,5135,2462
1442,Notebook,Stationery,North,High,172,2214
1443,Scissors,Stationery,North,High,49,2914
1444,Dumbbell,Sports,Central,Low,2532,7862
1445,Table,Furniture,Central,Low,26506,1002
1446,Keyboard,Electronics,North,Low,18524,4059
1447,Camera,Electronics,Central,Medium,70051,9519
1448,Headphones,Electronics,South,Low,13289,7102
1449,Charger,Electronics,South,Low,78455,1439
1450,Jeans,Clothing,South,Medium,3132,5128
1451,Charger,Electronics,West,Low,58432,7203
1452,Charger,Electronics,West,Low,56337,2728
1453,Belt,Clothing,Central,Medium,3454,7246
1454,Headphones,Electronics,South,Medium,3291,3868
1455,Glue,Stationery,North,Low,458,2631
1456,Highlighter,Stationery,North,High,239,1467
1457,Headphones,Electronics,East,Medium,20766,
1458,Speaker,Electronics,West,Medium,55985,6715
1459,Lamp,Furniture,South,High,45591,7853
1460,Gloves,Clothing,North,Low,4869,3844
1461,Socks,Clothing,Central,High,4812,8347
1462,Shoes,Clothing,North,Medium,2753,1700
1463,Socks,Clothing,East,Low,4643,9638
1464,Scissors,Stationery,Central,High,279,6877
1465,Stool,Furniture,East,Medium,28590,1596
1466,Helmet,Sports,South,Medium,1173,7229
1467,Cabinet,Furniture,East,Low,41283,4563
1468,Table,Furniture,North,Medium,39644,7903
1469,Notebook,Stationery,East,Low,260,6573
1470,Bookshelf,Furniture,East,Low,34229,2926
1471,Shoes,Clothing,North,Medium,1151,7650
1472,Skipping Rope,Sports,North,Low,6001,3749
1473,Bat,Sports,West,Low,7968,3892
1474,Lamp,Furniture,East,Low,23057,
1475,Chair,Furniture,East,Medium,22892,5038
1476,Mouse,Electronics,West,Low,17181,7872
1477,Frisbee,Sports,South,Low,2346,
1478,T-Shirt,Clothing,South,High,1893,4134
1479,Eraser,Stationery,Central,High,445,9677
1480,Tablet,Electronics,North,Low,64921,3906
1481,T-Shirt,Clothing,North,Medium,1799,9086
1482,Glue,Stationery,North,Low,184,
1483,Speaker,Electronics,Central,Low,9116,4643
1484,Chair,Furniture,Central,Medium,31084,1152
1485,Ball,Sports,East,Low,5729,8154
1486,Eraser,Stationery,West,Low,182,7347
1487,Marker,Stationery,South,Low,360,3533
1488,Eraser,Stationery,North,Medium,174,3298
1489,Jacket,Clothing,West,High,5534,9659
1490,Wardrobe,Furniture,Central,Low,5440,2523
1491,Scarf,Clothing,North,Low,350,5440
1492,Racket,Sports,South,High,7920,
1493,Mouse,Electronics,Central,High,10294,9326
1494,Ruler,Stationery,South,High,338,3350
1495,Jeans,Clothing,South,High,2817,7805
1496,T-Shirt,Clothing,Central,Low,5388,
1497,Frisbee,Sports,North,Medium,5754,6201
1498,Cap,Clothing,North,Low,4510,7252
1499,Folder,Stationery,West,Low,343,6621
1500,Wardrobe,Furniture,North,Medium,28525,5375
1501,Gloves,Clothing,North,Low,1882,8521
1502,Notebook,Stationery,North,Low,182,3427
1503,Bookshelf,Furniture,West,Low,38512,6230
1504,Racket,Sports,East,Medium,1520,8926
1505,Net,Sports,West,Low,493,1090
1506,Jacket,Clothing,West,Medium,4276,2813
1507,Stool,Furniture,South,Medium,5068,7405
1508,Net,Sports,West,Low,894,3581
1509,Jacket,Clothing,East,Low,1600,5651
1510,Football,Sports,North,Medium,462,6078
1511,Jacket,Clothing,South,Low,3178,2158
1512,Jacket,Clothing,West,Medium,371,3295
1513,Sofa,Furniture,North,Medium,5911,5835
1514,Phone,Electronics,East,Medium,43406,5790
1515,Charger,Electronics,East,Low,44319,7438
1516,Marker,Stationery,South,High,228,8708
1517,Stapler,Stationery,West,Low,58,7915
1518,Glue,Stationery,South,High,498,7352
1519,Desk,Furniture,East,Medium,24784,3548
1520,Camera,Electronics,West,High,3261,1143
1521,Eraser,Stationery,North,Low,300,8827
1522,Racket,Sports,West,Low,7941,8840
1523,Highlighter,Stationery,South,Low,354,1094
1524,Keyboard,Electronics,East,High,75981,
1525,Net,Sports,Central,Low,3658,7625
1526,Mouse,Electronics,West,Medium,26723,3553
1527,Bench,Furniture,West,Low,25357,8496
1528,Scarf,Clothing,South,High,1653,1679
1529,Gloves,Clothing,Central,Medium,5526,5927
1530,Helmet,Sports,East,High,8236,2719
1531,Marker,Stationery,North,Low,20,4658
1532,Scarf,Clothing,West,Low,2205,7878
1533,Glue,Stationery,East,Low,114,1993
1534,Chair,Furniture,Central,Medium,37910,3209
1535,Scarf,Clothing,South,Medium,1218,9202
1536,Jacket,Clothing,North,Medium,5966,4025
1537,Speaker,Electronics,North,Low,35610,6911
1538,Cabinet,Furniture,South,Low,6501,7792
1539,Yoga Mat,Sports,North,Medium,7024,7673
1540,Marker,Stationery,West,Medium,14,3609
1541,Gloves,Clothing,South,Low,1952,5117
1542,Laptop,Electronics,North,Low,42750,3817
1543,Cap,Clothing,North,Low,5443,9764
1544,Lamp,Furniture,North,Low,34142,3193
1545,Tablet,Electronics,East,Low,21629,3628
1546,Sweater,Clothing,North,High,3082,1566
1547,Gloves,Clothing,East,Medium,5573,7515
1548,Scissors,Stationery,Central,Medium,186,8096
1549,Shoes,Clothing,North,Low,1738,4614
1550,Pen,Stationery,Central,Medium,134,8969
1551,Bookshelf,Furniture,South,Low,38215,6379
1552,Scissors,Stationery,West,Medium,382,9028
1553,Keyboard,Electronics,Central,Low,40709,1852
1554,Wardrobe,Furniture,West,High,48781,5305
1555,Cap,Clothing,East,Medium,603,5088
1556,Socks,Clothing,North,High,798,2623
1557,Scarf,Clothing,West,High,1033,6264
1558,Wardrobe,Furniture,Central,Low,47718,5143
1559,Belt,Clothing,North,Medium,4980,4769
1560,Stool,Furniture,South,Low,9659,2889
1561,Bench,Furniture,Central,Low,23337,7266
1562,Desk,Furniture,North,Low,12929,6170
1563,Socks,Clothing,West,Medium,4527,6986
1564,Laptop,Electronics,North,Low,53738,8594
1565,Chair,Furniture,Central,High,22714,2378
1566,Stool,Furniture,South,Medium,37782,6418
1567,T-Shirt,Clothing,Central,Low,1286,5181
1568,Laptop,Electronics,East,Low,19624,3774
1569,Marker,Stationery,East,Medium,127,8109
1570,Ball,Sports,East,Low,2496,9247
1571,Highlighter,Stationery,North,Medium,161,
1572,Bench,Furniture,North,Low,29625,6274
1573,Net,Sports,North,High,6313,2909
1574,T-Shirt,Clothing,West,Medium,1786,7526
1575,Camera,Electronics,Central,High,42445,7804
1576,Cabinet,Furniture,North,Low,29454,6672
1577,Dumbbell,Sports,North,Low,5064,3533
1578,Stapler,Stationery,Central,High,351,6153
1579,Chair,Furniture,East,High,42132,8961
1580,Football,Sports,West,High,5128,8832
1581,Net,Sports,South,Medium,868,1525
1582,Jeans,Clothing,South,Medium,3042,1209
1583,Jeans,Clothing,West,Medium,1147,2292
1584,Bat,Sports,North,Medium,6069,8484
1585,Monitor,Electronics,South,High,38835,9782
1586,Jeans,Clothing,Central,Low,5966,2261
1587,Stool,Furniture,South,Medium,37155,1641
1588,Cabinet,Furniture,North,Low,36062,4258
1589,Football,Sports,West,Medium,3182,7493
1590,Helmet,Sports,East,Low,1019,9605
1591,Yoga Mat,Sports,North,High,7605,7599
1592,Scarf,Clothing,North,Low,3455,4228
1593,Stapler,Stationery,North,Low,187,9583
1594,Helmet,Sports,East,High,860,8992
1595,Cabinet,Furniture,North,Medium,19575,9318
1596,Net,Sports,North,Low,1348,6545
1597,Pen,Stationery,South,High,417,3858
1598,Table,Furniture,Central,High,47809,
1599,Skipping Rope,Sports,North,Medium,1720,7980
1600,Scissors,Stationery,Central,Medium,222,3604
1601,Bat,Sports,South,Medium,2607,5356
1602,Highlighter,Stationery,North,High,462,7071
1603,Eraser,Stationery,East,Medium,422,3149
1604,Bookshelf,Furniture,West,Medium,11007,3889
1605,Notebook,Stationery,North,High,438,7483
1606,Ball,Sports,West,Low,497,6875
1607,Chair,Furniture,Central,Low,24091,2337
1608,Helmet,Sports,West,Low,8133,5554
1609,Ruler,Stationery,Central,High,60,2778
1610,Bat,Sports,West,Medium,6799,8285
1611,Jeans,Clothing,Central,Low,353,5957
1612,Sofa,Furniture,North,Low,16230,4737
1613,Shoes,Clothing,Central,High,1433,
1614,Marker,Stationery,East,Low,98,3965
1615,Glue,Stationery,West,Medium,131,5310
1616,Racket,Sports,North,Low,929,7351
1617,Belt,Clothing,North,Low,1697,3553
1618,Camera,Electronics,South,Low,73810,4183
1619,Shoes,Clothing,East,High,2781,6724
1620,Scarf,Clothing,East,Medium,4852,5979
1621,Cabinet,Furniture,East,Medium,49163,8645
1622,Skipping Rope,Sports,North,High,5543,2157
1623,Eraser,Stationery,South,Low,278,8859
1624,Sweater,Clothing,North,Low,1641,8178
1625,Scarf,Clothing,West,High,2058,
1626,Scarf,Clothing,East,High,4573,1040
1627,Scissors,Stationery,Central,Medium,37,
1628,Sofa,Furniture,North,Medium,19266,8625
1629,Eraser,Stationery,South,Low,434,2322
1630,Keyboard,Electronics,North,High,2542,6971
1631,Socks,Clothing,North,Low,961,5219
1632,Dumbbell,Sports,North,Low,1778,2130
1633,Table,Furniture,South,High,29961,2681
1634,Monitor,Electronics,North,Low,43885,9685
1635,Glue,Stationery,Central,Low,198,8260
1636,Stapler,Stationery,West,Medium,277,7016
1637,Cabinet,Furniture,Central,Low,25516,3703
1638,Yoga Mat,Sports,East,Low,1589,4648
1639,Bench,Furniture,West,Medium,10671,1741
1640,Scissors,Stationery,South,Medium,174,9268
1641,Laptop,Electronics,West,Low,3222,8124
1642,Football,Sports,East,Low,3528,8634
1643,Jacket,Clothing,North,Low,2253,6802
1644,Highlighter,Stationery,West,Low,68,8292
1645,Scarf,Clothing,West,Low,1044,8857
1646,Mouse,Electronics,East,Medium,8951,4642
1647,Marker,Stationery,West,Low,161,8134
1648,Marker,Stationery,South,High,355,5511
1649,Jacket,Clothing,North,Medium,640,9467
1650,Jeans,Clothing,North,Medium,3082,8723
1651,Racket,Sports,North,High,638,
1652,Sweater,Clothing,West,Low,4340,9752
1653,Socks,Clothing,South,Low,5967,1695
1654,Net,Sports,North,Medium,732,4023
1655,Yoga Mat,Sports,South,Medium,3892,8179
1656,Mouse,Electronics,North,Medium,21044,6928
1657,Marker,Stationery,South,Low,410,4942
1658,Stool,Furniture,North,Low,48963,2110
1659,Bookshelf,Furniture,North,Low,42863,5375
1660,Yoga Mat,Sports,North,High,8465,2004
1661,Belt,Clothing,North,Low,3283,
1662,Ruler,Stationery,West,Medium,341,9030
1663,Cap,Clothing,East,Low,1938,7882
1664,Lamp,Furniture,East,Medium,24980,5039
1665,Glue,Stationery,East,Low,23,9580
1666,Football,Sports,South,Medium,4430,4918
1667,Keyboard,Electronics,West,Medium,42651,9826
1668,Jeans,Clothing,Central,Low,2076,9271
1669,Belt,Clothing,West,Medium,1273,8351
1670,Camera,Electronics,Central,Medium,45090,6856
1671,Socks,Clothing,Central,Low,4895,7389
1672,Sofa,Furniture,East,Low,22830,8517
1673,Belt,Clothing,West,Low,368,
1674,Bench,Furniture,Central,Low,30812,6186
1675,Cabinet,Furniture,West,Low,29940,4553
1676,Belt,Clothing,North,Medium,4407,9803
1677,Gloves,Clothing,South,Low,4853,9566
1678,Charger,Electronics,South,Medium,31881,5622
1679,Highlighter,Stationery,Central,Medium,26,
1680,Wardrobe,Furniture,Central,Low,21636,4004
1681,Racket,Sports,West,Low,3939,6714
1682,Jeans,Clothing,East,Medium,3212,4017
1683,Cabinet,Furniture,Central,Low,21199,4920
1684,Desk,Furniture,Central,Medium,34371,4515
1685,Bookshelf,Furniture,Central,High,8310,4574
1686,Scissors,Stationery,North,High,277,4132
1687,Helmet,Sports,South,Low,2516,1465
1688,Keyboard,Electronics,Central,Low,54124,8839
1689,Shoes,Clothing,South,Low,2850,5836
1690,Socks,Clothing,West,Medium,1351,
1691,Scissors,Stationery,South,Low,125,9939
1692,Dumbbell,Sports,South,Medium,3753,8377
1693,T-Shirt,Clothing,South,Medium,1593,3798
1694,Yoga Mat,Sports,West,Low,2434,8491
1695,Notebook,Stationery,Central,Low,446,3670
1696,Keyboard,Electronics,West,Medium,5233,3524
1697,Marker,Stationery,South,Low,296,3059
1698,Monitor,Electronics,Central,High,56493,6448
1699,Monitor,Electronics,East,Medium,29520,1982
1700,Cabinet,Furniture,South,High,21903,9195
1701,Speaker,Electronics,Central,Medium,14829,5243
1702,Stapler,Stationery,North,Medium,456,3133
1703,Gloves,Clothing,East,Medium,882,7488
1704,Eraser,Stationery,South,Medium,222,6762
1705,Frisbee,Sports,South,High,804,2542
1706,Bat,Sports,North,Low,2570,9123
1707,Net,Sports,East,Medium,6864,7455
1708,Ruler,Stationery,East,Low,92,2796
1709,Gloves,Clothing,Central,High,3060,1306
1710,Yoga Mat,Sports,Central,Medium,3974,8071
1711,Helmet,Sports,South,Medium,2375,9840
1712,Cabinet,Furniture,North,Low,17654,7214
1713,Racket,Sports,South,Medium,5798,6758
1714,Gloves,Clothing,West,High,3129,6889
1715,Eraser,Stationery,East,Low,25,1251
1716,Pen,Stationery,North,Medium,182,1880
1717,Phone,Electronics,North,Low,37503,2432
1718,Cabinet,Furniture,West,High,21748,8675
1719,Laptop,Electronics,North,High,59875,7129
1720,Marker,Stationery,Central,High,150,4501
1721,Scarf,Clothing,Central,Low,3751,5426
1722,Table,Furniture,East,Medium,19644,2185
1723,Yoga Mat,Sports,East,Low,8976,8370
1724,Notebook,Stationery,East,Medium,459,7026
1725,Folder,Stationery,East,Medium,183,5313
1726,Bench,Furniture,West,Low,15624,7037
1727,Bat,Sports,North,Medium,636,7871
1728,Headphones,Electronics,West,Low,3172,4541
1729,Scarf,Clothing,South,High,4054,9904
1730,Cabinet,Furniture,North,Low,16341,9918
1731,Table,Furniture,East,Low,26921,2570
1732,Helmet,Sports,Central,High,4529,7186
1733,Bench,Furniture,West,Low,44111,6891
1734,Shoes,Clothing,West,Low,3659,4810
1735,Ball,Sports,North,Medium,2938,5549
1736,Pen,Stationery,East,Medium,406,9623
1737,Frisbee,Sports,West,Low,8035,9563
1738,Frisbee,Sports,East,Low,3639,2126
1739,Notebook,Stationery,North,Medium,54,2878
1740,Wardrobe,Furniture,West,Low,2969,6000
1741,Ball,Sports,Central,Medium,2425,7071
1742,Table,Furniture,North,Medium,30853,5119
1743,T-Shirt,Clothing,West,Low,2800,5088
1744,Socks,Clothing,North,Low,2882,
1745,Highlighter,Stationery,Central,Low,91,5391
1746,Highlighter,Stationery,West,Low,46,4560
1747,Frisbee,Sports,North,High,188,1404
1748,Gloves,Clothing,Central,Low,5759,4575
1749,Pen,Stationery,East,Low,485,2152
1750,Skipping Rope,Sports,East,Low,8214,4842
1751,Glue,Stationery,West,Medium,430,5985
1752,Stapler,Stationery,West,High,98,5194
1753,Belt,Clothing,Central,Low,5597,4199
1754,Desk,Furniture,North,Low,3977,7746
1755,Charger,Electronics,North,Medium,7009,9308
1756,Dumbbell,Sports,Central,Low,4404,9618
1757,Yoga Mat,Sports,East,Low,4689,7910
1758,Keyboard,Electronics,South,High,52279,2291
1759,Cabinet,Furniture,Central,Medium,7176,7467
1760,Socks,Clothing,North,Low,1551,5324
1761,Desk,Furniture,South,Medium,48599,9784
1762,Bat,Sports,South,Low,6966,6801
1763,Monitor,Electronics,East,Medium,40368,3360
1764,Phone,Electronics,South,Medium,16002,7272
1765,Helmet,Sports,East,Low,7316,9360
1766,Skipping Rope,Sports,Central,Medium,7208,5545
1767,Ruler,Stationery,East,High,94,4173
1768,Phone,Electronics,East,High,43067,8230
1769,Belt,Clothing,Central,Low,2182,3174
1770,Folder,Stationery,South,Low,228,2162
1771,Wardrobe,Furniture,South,Low,8790,4738
1772,Gloves,Clothing,North,Medium,3509,9945
1773,Cap,Clothing,Central,Low,3032,1619
1774,Cap,Clothing,West,Medium,1232,6233
1775,Desk,Furniture,South,High,31139,2613
1776,Ball,Sports,East,Low,6318,6859
1777,Scissors,Stationery,South,Medium,282,5903
1778,Net,Sports,West,Medium,7750,5675
1779,Lamp,Furniture,Central,High,20301,9270
1780,Sweater,Clothing,South,High,2498,5562
1781,Tablet,Electronics,West,Low,21399,
1782,T-Shirt,Clothing,East,Low,2764,7151
1783,Racket,Sports,South,Low,8591,4400
1784,Charger,Electronics,North,Low,55630,4091
1785,Shoes,Clothing,West,High,3621,7445
1786,Gloves,Clothing,South,Low,2548,6115
1787,Chair,Furniture,Central,Low,31179,7531
1788,Gloves,Clothing,West,Medium,3767,8516
1789,Shoes,Clothing,South,Medium,3985,9364
1790,Mouse,Electronics,North,Low,67173,2424
1791,Yoga Mat,Sports,East,Low,1441,6611
1792,Bench,Furniture,West,High,25466,9903
1793,Glue,Stationery,West,Low,233,8317
1794,Laptop,Electronics,West,Low,75475,9592
1795,Football,Sports,West,Low,7057,4507
1796,Desk,Furniture,Central,High,36824,7538
1797,Socks,Clothing,South,Low,2992,5572
1798,Gloves,Clothing,West,Low,1277,9713
1799,Glue,Stationery,West,High,144,6337
1800,Phone,Electronics,Central,Low,40170,
1801,Phone,Electronics,East,Medium,60248,4697
1802,Chair,Furniture,West,Low,35629,4720
1803,Folder,Stationery,East,Low,106,5831
1804,Belt,Clothing,North,High,5756,9532
1805,Skipping Rope,Sports,East,Medium,2662,1511
1806,Keyboard,Electronics,South,Medium,9125,6751
1807,Glue,Stationery,Central,Low,418,3036
1808,Scarf,Clothing,North,High,3784,4662
1809,Headphones,Electronics,Central,Medium,70476,6024
1810,Lamp,Furniture,South,Low,31058,8372
1811,Cap,Clothing,Central,Low,731,7809
1812,Desk,Furniture,Central,High,13690,3776
1813,Headphones,Electronics,North,High,75807,5760
1814,Ruler,Stationery,East,Low,306,1004
1815,Cabinet,Furniture,Central,Low,35401,5333
1816,Chair,Furniture,Central,High,31338,8079
1817,Ruler,Stationery,East,High,221,1911
1818,Yoga Mat,Sports,East,Low,7476,2302
1819,Cap,Clothing,South,Low,237,2411
1820,Chair,Furniture,West,High,5050,
1821,Table,Furniture,West,Medium,29422,2457
1822,Dumbbell,Sports,Central,Medium,2247,4805
1823,Bat,Sports,North,Medium,1823,2599
1824,Glue,Stationery,South,Medium,73,5482
1825,Jeans,Clothing,West,Low,3517,7461
1826,Lamp,Furniture,South,High,48750,7118
1827,Monitor,Electronics,West,Medium,30919,6631
1828,Phone,Electronics,South,High,4398,6587
1829,Folder,Stationery,South,High,306,4763
1830,Shoes,Clothing,South,Low,5290,4993
1831,Cabinet,Furniture,South,Medium,25829,9669
1832,Helmet,Sports,North,Medium,4978,1137
1833,Laptop,Electronics,South,High,77836,9189
1834,Racket,Sports,North,Low,1367,2307
1835,Stapler,Stationery,Central,Medium,103,9849
1836,Skipping Rope,Sports,Central,Low,7933,8626
1837,Ball,Sports,East,Medium,7670,5189
1838,Ruler,Stationery,South,Low,17,
1839,Scarf,Clothing,South,Low,2001,5037
1840,Jacket,Clothing,West,Low,207,3443
1841,Stapler,Stationery,West,Low,326,6411
1842,Cabinet,Furniture,West,Low,8131,3745
1843,Eraser,Stationery,Central,Low,181,9281
1844,Chair,Furniture,North,Medium,26317,3116
1845,Skipping Rope,Sports,North,Low,306,7741
1846,Table,Furniture,East,Medium,14100,3681
1847,Shoes,Clothing,Central,Low,1065,2275
1848,Monitor,Electronics,West,Low,64687,6331
1849,Laptop,Electronics,North,Low,37827,7417
1850,Bookshelf,Furniture,North,Medium,49443,5336
1851,Football,Sports,East,High,159,2817
1852,Skipping Rope,Sports,Central,Low,6722,3062
1853,Racket,Sports,North,Medium,652,6112
1854,Bat,Sports,North,Low,542,7332
1855,Headphones,Electronics,West,Low,50033,3138
1856,Headphones,Electronics,South,Low,60268,2977
1857,Socks,Clothing,South,Medium,3731,1379
1858,Yoga Mat,Sports,North,Low,779,5506
1859,T-Shirt,Clothing,South,High,1440,9380
1860,Charger,Electronics,Central,Low,28017,8250
1861,Lamp,Furniture,West,Low,39299,4973
1862,Cabinet,Furniture,Central,High,21158,6351
1863,Laptop,Electronics,Central,Medium,69153,5250
1864,Notebook,Stationery,East,Low,132,3981
1865,Sweater,Clothing,South,Medium,2953,5502
1866,Cabinet,Furniture,North,Low,18376,6389
1867,Bat,Sports,South,High,4746,1987
1868,Skipping Rope,Sports,West,Medium,605,1080
1869,Stapler,Stationery,North,High,222,
1870,Lamp,Furniture,North,High,10316,5382
1871,Lamp,Furniture,East,Low,44807,9110
1872,Dumbbell,Sports,South,High,8876,9701
1873,Racket,Sports,East,Low,4343,1646
1874,Ruler,Stationery,East,High,27,6585
1875,Eraser,Stationery,North,Low,211,8060
1876,Stool,Furniture,North,Medium,3583,
1877,Racket,Sports,East,High,804,
1878,Cabinet,Furniture,West,Low,14199,3114
1879,Racket,Sports,Central,Medium,7550,
1880,Racket,Sports,South,High,8028,6447
1881,Tablet,Electronics,South,Low,19143,7915
1882,Ball,Sports,South,Medium,3623,2508
1883,Stool,Furniture,North,Medium,38609,5266
1884,Marker,Stationery,West,Low,360,
1885,Frisbee,Sports,West,High,1878,2925
1886,Phone,Electronics,East,High,79239,3645
1887,Marker,Stationery,Central,Low,66,5788
1888,Yoga Mat,Sports,East,Low,4733,1160
1889,Stool,Furniture,North,Low,14883,9142
1890,Charger,Electronics,East,High,10823,
1891,Headphones,Electronics,East,Medium,11535,9694
1892,Tablet,Electronics,North,Low,16259,5031
1893,Monitor,Electronics,South,Medium,44246,9015
1894,Ruler,Stationery,West,Low,69,3965
1895,Wardrobe,Furniture,Central,Medium,38887,1732
1896,Ruler,Stationery,East,Low,257,9678
1897,Highlighter,Stationery,Central,Medium,273,9235
1898,Eraser,Stationery,South,Low,490,2568
1899,Belt,Clothing,East,Medium,3920,3839
1900,Chair,Furniture,West,Medium,11206,1476
1901,Sweater,Clothing,Central,High,3681,5936
1902,T-Shirt,Clothing,East,High,1834,6720
1903,Lamp,Furniture,North,Low,12611,1006
1904,Racket,Sports,South,Medium,5531,3794
1905,T-Shirt,Clothing,South,High,349,3670
1906,Cap,Clothing,South,High,2424,3002
1907,Socks,Clothing,North,Low,4909,3991
1908,Tablet,Electronics,East,Low,28031,5471
1909,Table,Furniture,Central,Low,41188,4701
1910,Jacket,Clothing,South,Medium,3474,7035
1911,Wardrobe,Furniture,North,High,3456,9409
1912,Headphones,Electronics,North,High,71027,8065
1913,Stapler,Stationery,West,High,295,1040
1914,Charger,Electronics,North,Low,31884,1510
1915,Sweater,Clothing,West,Low,1469,
1916,Belt,Clothing,West,Medium,1303,9561
1917,Keyboard,Electronics,South,Medium,5969,5880
1918,Socks,Clothing,North,Low,3588,4318
1919,Sofa,Furniture,South,Low,21335,7275
1920,T-Shirt,Clothing,East,Low,1174,
1921,Scarf,Clothing,West,Low,373,6965
1922,Folder,Stationery,South,Low,359,8667
1923,Bench,Furniture,Central,Low,44217,9418
1924,Mouse,Electronics,East,High,46283,5455
1925,Scarf,Clothing,North,Medium,906,1260
1926,Bat,Sports,Central,Low,7534,3241
1927,Dumbbell,Sports,Central,Low,5735,7345
1928,Phone,Electronics,South,High,70696,5871
1929,Sofa,Furniture,West,Medium,17776,9750
1930,Bookshelf,Furniture,South,Medium,36266,4330
1931,Wardrobe,Furniture,South,Medium,17199,7840
1932,Headphones,Electronics,West,Medium,32633,8057
1933,Shoes,Clothing,South,Low,2837,1079
1934,Lamp,Furniture,North,Low,14566,6016
1935,Belt,Clothing,West,Medium,4495,
1936,Sofa,Furniture,South,Medium,28572,2682
1937,Racket,Sports,South,Low,8031,9145
1938,Net,Sports,West,Low,4576,
1939,Glue,Stationery,East,Low,111,5106
1940,Shoes,Clothing,North,High,2232,3795
1941,Desk,Furniture,Central,Medium,32023,2456
1942,Cap,Clothing,South,Medium,3366,
1943,Football,Sports,Central,High,4038,7647
1944,Stapler,Stationery,Central,Low,389,6773
1945,Scarf,Clothing,South,High,4653,4805
1946,Football,Sports,South,Medium,3364,4575
1947,Bench,Furniture,East,Medium,21293,7257
1948,Scarf,Clothing,Central,Medium,5998,5112
1949,Ruler,Stationery,South,Low,202,5498
1950,Bat,Sports,East,Low,2470,5254
1951,Marker,Stationery,North,Low,216,8050
1952,Cap,Clothing,East,Low,5774,9996
1953,Lamp,Furniture,East,High,2016,3522
1954,Folder,Stationery,North,Low,17,9005
1955,Frisbee,Sports,South,High,2503,1596
1956,Football,Sports,South,Medium,6350,5900
1957,Tablet,Electronics,North,Low,39735,4638
1958,Laptop,Electronics,North,Low,56512,5567
1959,Scissors,Stationery,West,Medium,299,9711
1960,Bench,Furniture,East,Low,9206,2924
1961,Dumbbell,Sports,South,High,4975,
1962,Chair,Furniture,Central,Low,5793,5995
1963,Tablet,Electronics,East,Low,59758,8993
1964,Dumbbell,Sports,South,Low,927,1496
1965,Football,Sports,North,High,3339,3524
1966,Chair,Furniture,South,High,37873,9982
1967,Camera,Electronics,South,Low,11567,3410
1968,Jeans,Clothing,Central,Low,5595,8144
1969,Racket,Sports,East,Low,8086,5842
1970,Bat,Sports,East,Low,1330,3169
1971,Table,Furniture,West,High,44061,4302
1972,Pen,Stationery,North,Low,113,
1973,Highlighter,Stationery,South,Medium,65,4352
1974,Ruler,Stationery,North,High,23,4312
1975,Lamp,Furniture,South,Low,32285,4230
1976,Marker,Stationery,South,Medium,449,3403
1977,Ball,Sports,North,High,1976,6930
1978,Scissors,Stationery,West,Medium,490,3385
1979,Net,Sports,West,High,4491,7337
1980,Folder,Stationery,North,Low,220,4974
1981,Frisbee,Sports,West,Low,3197,5815
1982,T-Shirt,Clothing,West,Medium,3512,8463
1983,Marker,Stationery,Central,High,79,1198
1984,Skipping Rope,Sports,West,High,3612,9189
1985,Cap,Clothing,North,Low,2855,2699
1986,Bench,Furniture,South,Low,36348,2289
1987,Mouse,Electronics,East,Medium,53770,4908
1988,Bench,Furniture,West,Medium,33404,1799
1989,Table,Furniture,Central,High,38154,9126
1990,Laptop,Electronics,North,Low,77928,7992
1991,Ball,Sports,Central,Medium,4767,8589
1992,Headphones,Electronics,Central,Medium,52202,6080
1993,Bat,Sports,Central,Low,7742,5035
1994,Highlighter,Stationery,West,Medium,135,9148
1995,Scissors,Stationery,East,Low,260,5922
1996,Belt,Clothing,Central,Low,5512,6958
1997,Socks,Clothing,North,Low,1016,3057
1998,Racket,Sports,East,Medium,195,3519
1999,Socks,Clothing,East,Low,1848,7398
2000,Stapler,Stationery,North,Low,277,6151
2001,Marker,Stationery,East,Low,196,7487
2002,Shoes,Clothing,East,Medium,2525,1632
2003,Socks,Clothing,East,Low,5078,8625
2004,Shoes,Clothing,South,High,1705,3828
2005,Ruler,Stationery,West,Medium,370,2041
2006,Ruler,Stationery,North,Low,492,5356
2007,Bookshelf,Furniture,Central,Medium,34876,3809
2008,Stool,Furniture,North,Low,26195,1205
2009,Jeans,Clothing,Central,High,1314,9632
2010,Bookshelf,Furniture,West,Medium,3755,6637
2011,Phone,Electronics,South,Low,47244,2027
2012,Speaker,Electronics,West,Medium,74203,9600
2013,Stapler,Stationery,West,Low,221,9110
2014,Cap,Clothing,North,High,677,4419
2015,Net,Sports,West,Medium,1985,7862
2016,Socks,Clothing,West,Low,5160,6865
2017,Jacket,Clothing,North,Low,5420,8050
2018,Camera,Electronics,East,Medium,2828,3439
2019,Helmet,Sports,Central,High,3873,6088
2020,Speaker,Electronics,West,Low,30202,6462
2021,Marker,Stationery,Central,Low,160,2654
2022,Camera,Electronics,North,Low,65892,5651
2023,Pen,Stationery,West,Low,471,5238
2024,Notebook,Stationery,Central,Low,24,2890
2025,Helmet,Sports,Central,Low,7229,
2026,Football,Sports,West,High,6213,5602
2027,Jacket,Clothing,Central,Low,4635,5090
2028,Stool,Furniture,Central,Low,21288,1354
2029,Wardrobe,Furniture,Central,Low,3568,4308
2030,Glue,Stationery,North,High,337,1605
2031,Monitor,Electronics,West,Low,46785,8719
2032,Socks,Clothing,North,High,286,7378
2033,Ball,Sports,North,High,7000,8801
2034,Wardrobe,Furniture,Central,Low,24969,4582
2035,Stapler,Stationery,Central,Low,37,
2036,Phone,Electronics,Central,Low,51101,9828
2037,Lamp,Furniture,Central,High,35845,7847
2038,Dumbbell,Sports,North,Low,7110,1314
2039,Scarf,Clothing,North,Low,2202,1189
2040,Cap,Clothing,North,Low,5095,9235
2041,Headphones,Electronics,Central,High,8227,9754
2042,Cabinet,Furniture,Central,Low,41674,4107
2043,Gloves,Clothing,West,High,5251,7871
2044,Jeans,Clothing,East,Low,5979,7295
2045,Stapler,Stationery,North,Low,235,5579
2046,Marker,Stationery,South,Low,198,9495
2047,T-Shirt,Clothing,East,Medium,1118,4603
2048,Notebook,Stationery,Central,Low,463,1150
2049,Scarf,Clothing,East,Medium,1187,7765
2050,Dumbbell,Sports,South,Low,8120,5800
2051,Socks,Clothing,South,Low,1304,3774
2052,Marker,Stationery,North,Medium,16,2555
2053,Ruler,Stationery,South,High,235,8599
2054,Charger,Electronics,South,Medium,30535,6465
2055,Bench,Furniture,Central,Low,22416,4847
2056,Laptop,Electronics,East,Low,2102,9316
2057,Table,Furniture,South,Low,5197,4292
2058,Pen,Stationery,South,Low,114,6144
2059,Dumbbell,Sports,West,Medium,2079,
2060,Phone,Electronics,East,Low,68319,8354
2061,Scarf,Clothing,West,Low,1869,6085
2062,Folder,Stationery,North,Low,207,2612
2063,Charger,Electronics,Central,High,26401,6248
2064,Sofa,Furniture,North,Low,4934,2261
2065,Bench,Furniture,North,Low,45904,5687
2066,Table,Furniture,Central,High,3982,6335
2067,Keyboard,Electronics,North,Low,11819,5906
2068,Table,Furniture,East,Medium,43878,9767
2069,Jeans,Clothing,Central,High,3841,5999
2070,Jeans,Clothing,East,Low,4294,2431
2071,Yoga Mat,Sports,East,Medium,8262,6404
2072,Belt,Clothing,Central,Medium,5305,8242
2073,Ruler,Stationery,Central,Low,34,6267
2074,Sofa,Furniture,Central,Medium,13017,
2075,Bookshelf,Furniture,South,Medium,22372,6499
2076,Chair,Furniture,East,Low,18817,9179
2077,Keyboard,Electronics,West,Medium,57943,
2078,Speaker,Electronics,South,High,21460,8566
2079,Keyboard,Electronics,South,Medium,46889,
2080,Glue,Stationery,Central,High,273,2702
2081,Shoes,Clothing,North,High,3053,
2082,Jeans,Clothing,West,Low,4533,8122
2083,Desk,Furniture,West,High,28057,1316
2084,Desk,Furniture,Central,Low,10101,5081
2085,Speaker,Electronics,East,Low,63938,3573
2086,Scarf,Clothing,South,Low,4260,
2087,Frisbee,Sports,South,Low,4547,5104
2088,Keyboard,Electronics,West,Medium,46084,6493
2089,Stapler,Stationery,North,Medium,95,4465
2090,Speaker,Electronics,North,Low,48113,6765
2091,Socks,Clothing,South,High,1441,3908
2092,Cap,Clothing,Central,Medium,4394,6299
2093,Dumbbell,Sports,East,Low,8850,6354
2094,Headphones,Electronics,West,High,68606,7982
2095,Table,Furniture,West,Low,33623,4430
2096,Stapler,Stationery,East,Medium,21,5135
2097,Ruler,Stationery,West,Medium,29,9955
2098,Stool,Furniture,East,Low,19199,1280
2099,Helmet,Sports,East,Medium,7261,4501
2100,Phone,Electronics,East,Low,73535,3922
2101,Racket,Sports,Central,Low,7835,8141
2102,Marker,Stationery,North,Medium,226,5065
2103,Charger,Electronics,North,Low,39394,9794
2104,Folder,Stationery,West,Low,215,9000
2105,Notebook,Stationery,East,Medium,215,
2106,Yoga Mat,Sports,Central,Low,2451,
2107,Ruler,Stationery,East,Low,394,5953
2108,Lamp,Furniture,North,Medium,45168,8430
2109,Glue,Stationery,West,Medium,308,3053
2110,Helmet,Sports,West,High,1405,8313
2111,Chair,Furniture,East,High,19405,9997
2112,Laptop,Electronics,North,Low,31671,2432
2113,Stapler,Stationery,West,High,94,9023
2114,Phone,Electronics,Central,Medium,6671,5789
2115,Belt,Clothing,East,Medium,4870,
2116,Wardrobe,Furniture,Central,Low,34438,8073
2117,Ruler,Stationery,East,Low,157,
2118,Sofa,Furniture,Central,Low,6361,2836
2119,Monitor,Electronics,Central,Medium,10215,2766
2120,Desk,Furniture,North,Medium,39678,1039
2121,Mouse,Electronics,South,Low,54557,
2122,Sofa,Furniture,Central,Low,42939,1909
2123,Bookshelf,Furniture,Central,Low,31059,1327
2124,Ball,Sports,West,Medium,6456,2035
2125,Ruler,Stationery,Central,Low,387,4923
2126,Keyboard,Electronics,Central,Medium,51023,8500
2127,Scarf,Clothing,South,High,5989,
2128,Monitor,Electronics,South,Medium,38265,5663
2129,Laptop,Electronics,South,Medium,25680,4229
2130,Frisbee,Sports,East,High,4079,2757
2131,T-Shirt,Clothing,North,Medium,4937,4078
2132,Desk,Furniture,Central,Medium,34216,9272
2133,Socks,Clothing,North,Low,641,9138
2134,Cabinet,Furniture,West,Low,13682,5985
2135,Tablet,Electronics,East,Medium,62961,7996
2136,Mouse,Electronics,South,Medium,55931,1947
2137,Stapler,Stationery,South,Medium,359,6496
2138,T-Shirt,Clothing,Central,Low,3575,7255
2139,Yoga Mat,Sports,East,Low,4242,7818
2140,Stapler,Stationery,South,High,95,6790
2141,Ruler,Stationery,West,Low,454,3157
2142,Shoes,Clothing,North,Low,3873,8615
2143,Shoes,Clothing,East,Low,4911,9635
2144,Notebook,Stationery,North,Medium,65,1801
2145,Scarf,Clothing,West,Low,4587,4690
2146,Yoga Mat,Sports,North,Medium,4042,1616
2147,Stapler,Stationery,West,Low,364,4499
2148,Folder,Stationery,Central,Low,57,9086
2149,Wardrobe,Furniture,East,Medium,37707,6562
2150,Cap,Clothing,South,High,528,5156
2151,Highlighter,Stationery,North,Medium,274,4317
2152,T-Shirt,Clothing,East,Low,4651,1126
2153,Socks,Clothing,South,Medium,3487,8440
2154,Notebook,Stationery,South,Low,33,3739
2155,Racket,Sports,South,High,5937,3322
2156,Keyboard,Electronics,South,Low,1397,4736
2157,Mouse,Electronics,Central,High,3398,2581
2158,Tablet,Electronics,North,Medium,32941,3833
2159,Shoes,Clothing,Central,Low,586,6124
2160,Shoes,Clothing,East,Medium,2301,4248
2161,Keyboard,Electronics,West,Medium,73961,
2162,Stool,Furniture,Central,Medium,31177,1418
2163,Frisbee,Sports,North,Medium,4368,7461
2164,Monitor,Electronics,North,Low,77435,7868
2165,Glue,Stationery,East,Medium,331,7781
2166,Football,Sports,North,Low,287,6682
2167,Racket,Sports,East,Low,7161,7198
2168,Gloves,Clothing,West,High,3796,6384
2169,Wardrobe,Furniture,Central,Low,38949,8056
2170,Speaker,Electronics,West,Low,11186,2097
2171,Helmet,Sports,Central,Low,3960,6359
2172,Helmet,Sports,South,Low,4323,7460
2173,Tablet,Electronics,East,Medium,36069,3205
2174,Eraser,Stationery,East,Low,107,2248
2175,T-Shirt,Clothing,West,Low,1351,
2176,Jacket,Clothing,South,Low,611,7262
2177,Wardrobe,Furniture,North,High,2520,9897
2178,Notebook,Stationery,West,High,417,4009
2179,Skipping Rope,Sports,South,Low,5356,3970
2180,Mouse,Electronics,Central,Medium,8881,7569
2181,Ball,Sports,Central,Medium,8882,3713
2182,Jacket,Clothing,North,Low,687,8040
2183,Frisbee,Sports,North,High,659,
2184,Marker,Stationery,Central,Low,225,9426
2185,Jacket,Clothing,North,High,866,
2186,Ruler,Stationery,Central,Medium,113,
2187,Charger,Electronics,West,High,24198,5475
2188,Glue,Stationery,North,Medium,152,9467
2189,Frisbee,Sports,East,Low,2012,7611
2190,Racket,Sports,East,High,8794,3595
2191,Stool,Furniture,North,High,2777,9759
2192,Glue,Stationery,Central,Low,445,
2193,Mouse,Electronics,South,Low,26361,9044
2194,Phone,Electronics,East,High,61407,
2195,Scissors,Stationery,East,Low,116,3454
2196,Glue,Stationery,East,Low,107,6239
2197,Notebook,Stationery,North,Medium,386,
2198,Cap,Clothing,South,Low,2623,8948
2199,Lamp,Furniture,South,Low,5575,8297
2200,Marker,Stationery,East,Medium,486,8935
2201,Socks,Clothing,Central,Low,410,9768
2202,Bookshelf,Furniture,Central,High,22391,5936
2203,Bench,Furniture,South,High,31000,6107
2204,Skipping Rope,Sports,West,Low,1148,6048
2205,Stapler,Stationery,South,Low,91,1299
2206,Chair,Furniture,Central,Medium,35447,7861
2207,Monitor,Electronics,South,High,51127,5361
2208,Table,Furniture,Central,High,22731,7942
2209,Jacket,Clothing,West,Low,2805,1535
2210,Pen,Stationery,South,Low,152,2297
2211,Cabinet,Furniture,North,Low,13609,9067
2212,Table,Furniture,East,High,30998,
2213,Stool,Furniture,East,Low,29562,7313
2214,Stapler,Stationery,North,Medium,195,1089
2215,Tablet,Electronics,East,Low,12875,
2216,Jeans,Clothing,East,Medium,4757,5398
2217,Folder,Stationery,North,High,434,4350
2218,Skipping Rope,Sports,West,Low,7285,
2219,Gloves,Clothing,South,High,3161,8888
2220,Football,Sports,South,Low,8102,7034
2221,Tablet,Electronics,South,Low,37749,1838
2222,Desk,Furniture,North,Medium,2360,6469
2223,Table,Furniture,West,Low,11381,8104
2224,Yoga Mat,Sports,South,High,8348,1177
2225,Phone,Electronics,Central,Low,49396,
2226,Stapler,Stationery,North,Low,245,6698
2227,Bench,Furniture,South,Medium,25740,6225
2228,Bench,Furniture,Central,High,28693,3205
2229,Glue,Stationery,Central,Low,41,1904
2230,Sofa,Furniture,East,Medium,11797,1751
2231,Phone,Electronics,South,Low,31051,2233
2232,Marker,Stationery,East,Low,381,7456
2233,Helmet,Sports,East,Low,5841,8503
2234,Ball,Sports,North,Low,7132,6566
2235,Net,Sports,West,Medium,8182,9997
2236,Folder,Stationery,West,High,475,3914
2237,Stapler,Stationery,South,Low,56,1830
2238,Eraser,Stationery,East,Low,44,
2239,Socks,Clothing,East,Low,1774,6003
2240,Bookshelf,Furniture,West,Low,5939,7445
2241,Skipping Rope,Sports,West,Low,2003,2010
2242,Monitor,Electronics,West,Low,74074,5275
2243,Keyboard,Electronics,West,High,40814,7564
2244,Ball,Sports,Central,Low,2460,1737
2245,Laptop,Electronics,East,Medium,27482,
2246,Marker,Stationery,West,Medium,453,6356
2247,Cabinet,Furniture,Central,Medium,16554,2180
2248,Phone,Electronics,Central,High,31738,8113
2249,Yoga Mat,Sports,South,Medium,6819,9733
2250,Folder,Stationery,Central,Medium,154,5138
2251,Scissors,Stationery,North,Low,144,7841
2252,Ruler,Stationery,West,Low,500,1600
2253,Bat,Sports,Central,Low,4166,7783
2254,Keyboard,Electronics,East,Low,72574,8224
2255,Charger,Electronics,Central,Low,63490,7541
2256,Scissors,Stationery,West,Medium,218,6093
2257,Headphones,Electronics,East,Low,44586,2081
2258,Glue,Stationery,West,Low,201,5592
2259,Marker,Stationery,North,High,489,8097
2260,Folder,Stationery,South,Low,433,4604
2261,Football,Sports,West,Low,945,1286
2262,Mouse,Electronics,South,Low,69683,7603
2263,Cabinet,Furniture,Central,Low,4867,
2264,Notebook,Stationery,East,Low,232,3564
2265,Desk,Furniture,South,Medium,47143,5626
2266,Belt,Clothing,East,Medium,1215,6808
2267,Glue,Stationery,East,Low,425,4251
2268,Speaker,Electronics,North,Low,72648,1584
2269,Table,Furniture,South,Medium,18685,1136
2270,Highlighter,Stationery,South,High,140,1834
2271,Stapler,Stationery,South,Low,54,3354
2272,Frisbee,Sports,North,Low,3094,8295
2273,Sweater,Clothing,South,Low,4888,
2274,Sofa,Furniture,East,Low,10626,2407
2275,Headphones,Electronics,Central,Medium,59771,2994
2276,Bookshelf,Furniture,North,Low,29144,9275
2277,Pen,Stationery,West,Low,248,7075
2278,Scarf,Clothing,West,Medium,5917,4396
2279,Belt,Clothing,South,High,4104,
2280,Cabinet,Furniture,South,Low,48952,2635
2281,Frisbee,Sports,South,Medium,1360,5426
2282,Scissors,Stationery,Central,Low,441,
2283,Frisbee,Sports,North,Low,1438,1000
2284,Keyboard,Electronics,West,Low,56146,
2285,Eraser,Stationery,West,Low,168,2943
2286,Belt,Clothing,East,High,408,9615
2287,Sweater,Clothing,Central,Low,5173,2164
2288,Desk,Furniture,North,Low,11065,
2289,Speaker,Electronics,Central,Low,31095,7285
2290,Scarf,Clothing,South,Low,297,5721
2291,Helmet,Sports,East,Low,6627,2079
2292,Chair,Furniture,East,Low,26397,4507
2293,Sweater,Clothing,East,Low,3289,
2294,Gloves,Clothing,East,High,1245,1993
2295,Dumbbell,Sports,South,Low,4747,1182
2296,Bench,Furniture,West,Low,24445,9564
2297,Marker,Stationery,West,High,354,5977
2298,Stool,Furniture,South,Low,20260,5019
2299,Keyboard,Electronics,Central,High,30390,3603
2300,Phone,Electronics,East,Low,33861,
2301,Football,Sports,Central,Low,4032,4624
2302,Table,Furniture,Central,Medium,26736,4143
2303,Monitor,Electronics,East,Low,62836,
2304,Desk,Furniture,North,High,19446,1010
2305,Marker,Stationery,North,Medium,455,2437
2306,Stapler,Stationery,North,Low,301,9267
2307,Belt,Clothing,East,Medium,495,6927
2308,Net,Sports,North,Medium,3224,7862
2309,Shoes,Clothing,North,High,3977,6357
2310,Helmet,Sports,East,High,4994,8412
2311,Keyboard,Electronics,Central,Low,23644,7544
2312,Chair,Furniture,North,Medium,25713,4510
2313,Belt,Clothing,Central,Medium,1455,4806
2314,T-Shirt,Clothing,South,Low,3250,
2315,Laptop,Electronics,Central,Low,66602,2423
2316,Stapler,Stationery,East,Medium,130,8166
2317,Socks,Clothing,East,Low,416,4015
2318,Jeans,Clothing,Central,Low,1122,2588
2319,Stapler,Stationery,Central,Low,345,9859
2320,Chair,Furniture,West,Medium,36336,5978
2321,Sofa,Furniture,West,Medium,44652,5533
2322,Jacket,Clothing,West,Low,5314,9399
2323,Charger,Electronics,East,Medium,38575,4912
2324,Marker,Stationery,West,Low,150,1765
2325,Scarf,Clothing,East,Medium,2286,4281
2326,Scarf,Clothing,West,Medium,1079,8940
2327,Phone,Electronics,West,High,23324,3936
2328,Chair,Furniture,West,Medium,36769,8560
2329,T-Shirt,Clothing,East,Medium,386,
2330,Eraser,Stationery,South,Medium,138,5979
2331,Table,Furniture,South,Low,4762,1825
2332,Table,Furniture,East,Low,31019,9240
2333,Net,Sports,East,Low,4505,9467
2334,Gloves,Clothing,North,Low,5706,8968
2335,Scarf,Clothing,North,Low,5060,7700
2336,Notebook,Stationery,West,Low,339,8319
2337,Bat,Sports,East,Medium,1738,6646
2338,Camera,Electronics,South,Low,20148,6488
2339,Lamp,Furniture,West,Low,7426,4654
2340,Pen,Stationery,South,Medium,28,7816
2341,Eraser,Stationery,Central,Medium,292,3396
2342,Skipping Rope,Sports,East,Low,4653,7213
2343,Sweater,Clothing,West,Low,3182,3052
2344,Folder,Stationery,West,High,249,1390
2345,Scissors,Stationery,West,High,224,6661
2346,Cap,Clothing,North,High,657,1854
2347,Stapler,Stationery,East,Low,271,2756
2348,Jacket,Clothing,East,Low,308,8309
2349,Scarf,Clothing,East,Low,2790,2843
2350,Yoga Mat,Sports,South,Medium,6410,7323
2351,T-Shirt,Clothing,West,Low,1147,1025
2352,Bench,Furniture,Central,Low,11483,4035
2353,Socks,Clothing,West,High,5523,1656
2354,Yoga Mat,Sports,West,Low,5843,1514
2355,Bat,Sports,South,High,8173,8023
2356,Scarf,Clothing,East,High,2487,
2357,Frisbee,Sports,Central,Low,2142,9716
2358,Stapler,Stationery,Central,Low,271,1781
2359,Wardrobe,Furniture,Central,Low,12861,2490
2360,Folder,Stationery,West,Medium,360,9593
2361,Laptop,Electronics,Central,High,6658,5958
2362,Stool,Furniture,North,Low,29579,6494
2363,Pen,Stationery,North,High,25,9932
2364,Sweater,Clothing,East,High,2718,5540
2365,Yoga Mat,Sports,Central,High,6737,8977
2366,Racket,Sports,East,Medium,1039,
2367,Yoga Mat,Sports,Central,Medium,780,3570
2368,Scarf,Clothing,South,Low,2236,7497
2369,Belt,Clothing,South,Medium,2159,
2370,Table,Furniture,Central,Low,27864,5239
2371,Helmet,Sports,South,Low,4670,5474
2372,Socks,Clothing,North,Medium,5427,4386
2373,Yoga Mat,Sports,South,Low,236,4164
2374,Stool,Furniture,North,Medium,2544,6795
2375,Football,Sports,West,Low,8275,2868
2376,Highlighter,Stationery,North,Medium,17,8517
2377,Monitor,Electronics,South,Low,19130,2667
2378,Stool,Furniture,North,Medium,45666,7149
2379,Marker,Stationery,North,Medium,392,6916
2380,Net,Sports,West,High,1172,7636
2381,Yoga Mat,Sports,South,Low,6493,3742
2382,Cabinet,Furniture,East,High,26631,
2383,Bench,Furniture,South,Low,13422,1017
2384,Phone,Electronics,North,Low,51588,
2385,Scissors,Stationery,East,Low,441,4648
2386,Belt,Clothing,Central,Low,274,9411
2387,Table,Furniture,East,Low,18624,3381
2388,Sofa,Furniture,South,Medium,7122,3412
2389,Helmet,Sports,East,Medium,2429,2479
2390,Shoes,Clothing,Central,Low,1947,
2391,Speaker,Electronics,North,Low,77190,1716
2392,Net,Sports,South,High,2781,5040
2393,Folder,Stationery,South,Medium,236,6726
2394,Glue,Stationery,North,High,341,4440
2395,Scissors,Stationery,Central,Medium,325,
2396,Dumbbell,Sports,East,High,979,1267
2397,Phone,Electronics,West,Low,79833,2359
2398,Phone,Electronics,North,Low,18211,1858
2399,Yoga Mat,Sports,North,Low,1118,6041
2400,Marker,Stationery,South,Low,485,6274
2401,Lamp,Furniture,North,High,43333,2708
2402,Headphones,Electronics,West,Medium,17890,6165
2403,Racket,Sports,Central,Medium,723,9913
2404,Football,Sports,South,Medium,7195,4101
2405,Bookshelf,Furniture,West,Medium,17950,
2406,Skipping Rope,Sports,North,Medium,2332,8218
2407,Headphones,Electronics,West,Low,19812,9468
2408,Notebook,Stationery,East,High,196,1604
2409,Scissors,Stationery,East,Medium,115,
2410,Sofa,Furniture,North,Low,22289,3921
2411,Scissors,Stationery,South,Low,205,5131
2412,Charger,Electronics,West,Medium,46015,2389
2413,Frisbee,Sports,West,Low,5398,3045
2414,Charger,Electronics,South,Low,48520,4480
2415,Socks,Clothing,East,High,1828,6808
2416,Jeans,Clothing,East,Low,1056,2755
2417,T-Shirt,Clothing,East,Medium,1358,1348
2418,Monitor,Electronics,North,Medium,59048,6247
2419,Dumbbell,Sports,Central,Medium,7908,6200
2420,Bench,Furniture,South,Low,25001,4599
2421,Ball,Sports,West,High,2443,7359
2422,Scissors,Stationery,Central,Low,245,1661
2423,Cabinet,Furniture,Central,Low,20202,4576
2424,Laptop,Electronics,West,Low,35378,6024
2425,Dumbbell,Sports,Central,High,8761,7624
2426,Table,Furniture,South,Low,5788,
2427,Frisbee,Sports,West,Low,1336,3190
2428,Cabinet,Furniture,North,Low,25750,2214
2429,Pen,Stationery,North,Medium,27,7133
2430,Mouse,Electronics,North,Medium,25535,9296
2431,Keyboard,Electronics,North,Low,20538,
2432,Cabinet,Furniture,Central,Low,5458,
2433,Helmet,Sports,South,Medium,8850,6856
2434,Belt,Clothing,North,Medium,3782,9053
2435,Sweater,Clothing,South,Low,1623,7485
2436,Bat,Sports,East,Low,8921,7894
2437,Speaker,Electronics,East,Medium,28118,7416
2438,Gloves,Clothing,Central,Medium,2523,1981
2439,Headphones,Electronics,West,Low,31917,1927
2440,Stapler,Stationery,North,Low,409,1049
2441,Glue,Stationery,Central,Medium,134,9340
2442,Pen,Stationery,South,Low,207,1514
2443,Racket,Sports,North,Medium,6514,5563
2444,Sofa,Furniture,South,High,4305,3202
2445,Monitor,Electronics,North,High,20704,1733
2446,Scissors,Stationery,North,High,37,8860
2447,Socks,Clothing,West,Low,5491,7823
2448,Ball,Sports,Central,Low,4362,5908
2449,Ball,Sports,South,Low,6948,6315
2450,Racket,Sports,South,Medium,8390,7860
2451,Ruler,Stationery,West,Medium,97,8998
2452,Desk,Furniture,South,Low,9898,7294
2453,Glue,Stationery,East,Medium,153,9355
2454,Notebook,Stationery,East,Low,369,6116
2455,Laptop,Electronics,Central,Medium,51063,
2456,Keyboard,Electronics,Central,Medium,30335,9952
2457,Racket,Sports,North,Low,7436,1376
2458,Racket,Sports,Central,Medium,8805,7166
2459,Ruler,Stationery,North,Low,380,4356
2460,Phone,Electronics,West,High,48559,5330
2461,Jeans,Clothing,South,Low,1698,2547
2462,Jacket,Clothing,West,Low,1342,2681
2463,Chair,Furniture,East,Low,16664,7281
2464,Scarf,Clothing,North,High,5970,4156
2465,Jacket,Clothing,East,High,5737,1691
2466,Stapler,Stationery,Central,High,126,6407
2467,Wardrobe,Furniture,East,High,13768,8246
2468,Table,Furniture,East,Medium,46926,4799
2469,Bat,Sports,East,Medium,6088,5115
2470,Pen,Stationery,South,Low,332,8837
2471,Highlighter,Stationery,North,High,252,8019
2472,Notebook,Stationery,South,High,155,7482
2473,Scarf,Clothing,Central,Low,2989,3236
2474,Notebook,Stationery,West,High,211,5432
2475,Keyboard,Electronics,West,Low,69692,3852
2476,Stool,Furniture,Central,Medium,28591,5086
2477,Marker,Stationery,East,Medium,369,2324
2478,Belt,Clothing,Central,Medium,4627,6583
2479,Glue,Stationery,Central,High,386,9983
2480,Ruler,Stationery,Central,High,45,8527
2481,Bench,Furniture,Central,Low,32909,7295
2482,Notebook,Stationery,Central,Low,306,6262
2483,Frisbee,Sports,Central,Low,581,1033
2484,Speaker,Electronics,Central,Low,14467,1798
2485,Lamp,Furniture,East,Low,25166,8539
2486,Speaker,Electronics,East,Low,47650,3863
2487,Yoga Mat,Sports,East,Low,2138,7025
2488,Wardrobe,Furniture,East,Medium,21320,5393
2489,Ruler,Stationery,West,High,294,6306
2490,Marker,Stationery,West,Low,470,1982
2491,Sofa,Furniture,South,Medium,25644,3711
2492,Sofa,Furniture,East,Medium,39318,9136
2493,Cabinet,Furniture,West,Low,29808,9709
2494,Belt,Clothing,South,Low,5009,5851
2495,Stool,Furniture,West,Low,39853,
2496,Marker,Stationery,West,Low,363,6027
2497,Ball,Sports,East,Medium,2209,1315
2498,Bookshelf,Furniture,East,Medium,13632,5250
2499,Camera,Electronics,North,Low,59932,7271
2500,Socks,Clothing,East,High,815,1155
2501,Dumbbell,Sports,West,Low,1339,9873
2502,Ruler,Stationery,South,Low,478,1443
2503,Desk,Furniture,South,High,28817,4634
2504,Lamp,Furniture,East,Low,27116,
2505,Bench,Furniture,South,Medium,26278,2731
2506,Wardrobe,Furniture,East,High,40735,7943
2507,Belt,Clothing,West,Medium,758,1012
2508,Camera,Electronics,North,Low,64522,2458
2509,Jeans,Clothing,East,Medium,2221,1028
2510,Charger,Electronics,North,Medium,67198,
2511,T-Shirt,Clothing,East,Low,5760,6328
2512,Monitor,Electronics,East,Medium,74154,6615
2513,Mouse,Electronics,South,Medium,19343,2358
2514,Keyboard,Electronics,South,Low,9141,7855
2515,Belt,Clothing,North,Low,1467,4940
2516,Cabinet,Furniture,South,High,5201,1518
2517,Notebook,Stationery,West,High,149,6586
2518,Lamp,Furniture,Central,Low,44246,3201
2519,Scissors,Stationery,North,Low,63,6112
2520,Marker,Stationery,South,Low,85,9379
2521,Table,Furniture,Central,Medium,19241,2492
2522,Shoes,Clothing,South,Medium,4650,2563
2523,Football,Sports,North,Low,4027,7285
2524,Sweater,Clothing,South,Medium,4778,8985
2525,Eraser,Stationery,North,Low,239,6620
2526,Sofa,Furniture,North,High,21694,6600
2527,Lamp,Furniture,South,High,31353,2927
2528,Helmet,Sports,North,Medium,5998,4219
2529,Laptop,Electronics,Central,Low,5711,8316
2530,Gloves,Clothing,East,Low,2725,5034
2531,Stapler,Stationery,West,Medium,223,2643
2532,Folder,Stationery,West,Low,52,2884
2533,Table,Furniture,South,Low,15792,4759
2534,Scarf,Clothing,West,Medium,2813,8703
2535,Football,Sports,South,Medium,5450,
2536,Tablet,Electronics,South,High,42128,7004
2537,Frisbee,Sports,South,Low,3150,3469
2538,Laptop,Electronics,Central,Low,67091,2707
2539,Stool,Furniture,East,Medium,34270,8068
2540,Table,Furniture,North,High,37852,1535
2541,Marker,Stationery,East,Medium,300,9876
2542,Football,Sports,Central,Medium,5777,3673
2543,Helmet,Sports,Central,Medium,6541,1431
2544,Charger,Electronics,North,Low,18751,1761
2545,Ball,Sports,South,Low,1980,4658
2546,Skipping Rope,Sports,East,Low,6999,7754
2547,Monitor,Electronics,East,Low,7206,8224
2548,Speaker,Electronics,Central,Low,70204,9098
2549,Eraser,Stationery,East,Low,493,9459
2550,Desk,Furniture,Central,Low,37308,9496
2551,Scissors,Stationery,Central,Medium,467,7262
2552,Dumbbell,Sports,East,High,2778,1795
2553,Tablet,Electronics,South,Low,39205,4326
2554,Cap,Clothing,South,Low,4268,3801
2555,Bat,Sports,North,Low,3479,6845
2556,Skipping Rope,Sports,West,High,884,4001
2557,Charger,Electronics,West,Medium,77687,3404
2558,Gloves,Clothing,East,Low,3727,8723
2559,Cabinet,Furniture,West,Low,15394,1665
2560,Eraser,Stationery,Central,Medium,145,7781
2561,Scarf,Clothing,North,Low,1753,7870
2562,Lamp,Furniture,South,Low,10612,8401
2563,Sofa,Furniture,North,Medium,11036,1051
2564,Helmet,Sports,South,High,2764,7826
2565,Ball,Sports,South,Low,3117,8789
2566,Keyboard,Electronics,South,Low,78121,5480
2567,Headphones,Electronics,North,Low,34164,
2568,Dumbbell,Sports,South,Low,1613,6305
2569,Monitor,Electronics,North,Low,67061,8224
2570,Monitor,Electronics,South,Low,78212,4883
2571,Socks,Clothing,Central,Medium,4722,1398
2572,Shoes,Clothing,North,Low,2979,7344
2573,Phone,Electronics,West,Low,57305,5402
2574,Desk,Furniture,Central,Low,13175,7222
2575,Marker,Stationery,North,High,99,5883
2576,Yoga Mat,Sports,Central,Medium,5324,3521
2577,Belt,Clothing,North,High,2509,1117
2578,Skipping Rope,Sports,East,Low,560,3662
2579,Stool,Furniture,North,Low,33256,7493
2580,Helmet,Sports,East,Medium,5319,2330
2581,T-Shirt,Clothing,North,Low,2967,8097
2582,Skipping Rope,Sports,Central,Low,8586,7358
2583,Jacket,Clothing,South,Low,5118,9417
2584,Cap,Clothing,East,Low,759,
2585,Gloves,Clothing,South,Low,1786,4854
2586,Charger,Electronics,East,Low,56394,2243
2587,Ruler,Stationery,North,Medium,382,7093
2588,Jeans,Clothing,Central,Medium,4836,8600
2589,Scarf,Clothing,West,Medium,3244,2576
2590,Jacket,Clothing,Central,Medium,252,9678
2591,Monitor,Electronics,Central,Medium,58116,8999
2592,Ruler,Stationery,East,Low,191,2550
2593,T-Shirt,Clothing,South,Medium,5339,3854
2594,Football,Sports,South,Medium,6084,8339
2595,Highlighter,Stationery,South,Medium,198,5329
2596,Camera,Electronics,West,High,70849,4184
2597,Cap,Clothing,Central,Medium,5637,6467
2598,Yoga Mat,Sports,Central,Low,5323,5805
2599,Net,Sports,West,Medium,1660,
2600,Racket,Sports,Central,Low,4322,3557
2601,Wardrobe,Furniture,Central,Low,37289,5289
2602,Headphones,Electronics,Central,High,18051,8996
2603,Bookshelf,Furniture,North,Medium,37248,9162
2604,Sofa,Furniture,West,Medium,14316,1875
2605,Headphones,Electronics,Central,Low,37395,
2606,Lamp,Furniture,South,High,14359,1420
2607,Belt,Clothing,Central,Low,3255,8757
2608,Cabinet,Furniture,West,Low,20677,3543
2609,Football,Sports,West,Low,2677,5990
2610,Racket,Sports,West,High,8960,5702
2611,Sofa,Furniture,West,Low,26201,5119
2612,Laptop,Electronics,Central,Low,39314,
2613,Charger,Electronics,North,Low,38584,5670
2614,Shoes,Clothing,South,Low,4222,4549
2615,Laptop,Electronics,North,Low,48463,3242
2616,Folder,Stationery,West,Low,63,1508
2617,Desk,Furniture,Central,Medium,23716,8216
2618,Frisbee,Sports,South,Medium,1889,2778
2619,T-Shirt,Clothing,West,High,3316,3931
2620,Speaker,Electronics,North,Low,40525,8150
2621,Glue,Stationery,East,High,89,9472
2622,Notebook,Stationery,South,Low,81,6036
2623,Laptop,Electronics,West,Low,20996,3844
2624,Mouse,Electronics,East,Low,70523,2212
2625,Shoes,Clothing,Central,Low,5667,7816
2626,Racket,Sports,West,Low,5448,
2627,Folder,Stationery,West,Medium,130,8419
2628,Football,Sports,North,Medium,8602,
2629,Marker,Stationery,West,Medium,426,7573
2630,Dumbbell,Sports,South,Low,4520,5858
2631,Bat,Sports,East,Medium,7207,1420
2632,Headphones,Electronics,North,Low,26640,6485
2633,Bench,Furniture,South,Low,38246,6890
2634,Bat,Sports,East,Medium,663,7070
2635,Tablet,Electronics,South,High,73376,2912
2636,Bookshelf,Furniture,East,Medium,43981,2859
2637,Phone,Electronics,East,High,8260,
2638,Helmet,Sports,Central,Low,5964,2720
2639,Eraser,Stationery,East,Low,99,9052
2640,Charger,Electronics,North,Low,3043,7280
2641,Headphones,Electronics,West,High,38033,1931
2642,Jeans,Clothing,Central,Medium,1197,
2643,Wardrobe,Furniture,South,Low,28210,7712
2644,T-Shirt,Clothing,Central,Low,2131,4908
2645,Stool,Furniture,East,High,15722,7712
2646,Ball,Sports,North,Medium,2909,4670
2647,Glue,Stationery,West,Medium,129,3289
2648,Table,Furniture,East,Low,47134,7110
2649,Charger,Electronics,North,Low,72478,9954
2650,Stapler,Stationery,North,Low,247,6625
2651,Monitor,Electronics,East,Low,74562,8825
2652,Frisbee,Sports,East,High,2619,
2653,Racket,Sports,South,Low,5041,6391
2654,Dumbbell,Sports,North,Medium,1034,3900
2655,Mouse,Electronics,Central,Low,9238,4220
2656,Sofa,Furniture,South,Low,28342,6378
2657,Jeans,Clothing,East,High,1711,
2658,Highlighter,Stationery,East,Medium,349,8622
2659,Charger,Electronics,South,Medium,76640,3929
2660,Marker,Stationery,West,Low,413,1089
2661,Scarf,Clothing,West,High,1569,5283
2662,Ruler,Stationery,Central,High,336,3827
2663,Stool,Furniture,North,Low,21404,5695
2664,Belt,Clothing,South,Medium,2033,
2665,Camera,Electronics,East,High,34448,8163
2666,Dumbbell,Sports,South,Medium,8929,1298
2667,Net,Sports,South,Low,1658,1158
2668,Sweater,Clothing,South,Low,3564,8770
2669,Cap,Clothing,South,Low,5788,2218
2670,Bat,Sports,North,Low,4403,1145
2671,Net,Sports,West,Medium,1554,8878
2672,Sofa,Furniture,East,Low,16394,6361
2673,Notebook,Stationery,North,Low,86,
2674,Folder,Stationery,Central,Low,382,8825
2675,Phone,Electronics,South,Low,65889,4490
2676,Laptop,Electronics,South,Low,61194,9526
2677,Football,Sports,Central,Low,6242,2158
2678,Gloves,Clothing,East,Low,4149,4529
2679,Net,Sports,South,Low,4528,
2680,Camera,Electronics,Central,Low,40122,5346
2681,Skipping Rope,Sports,Central,Low,6557,
2682,Sweater,Clothing,East,Low,4552,6482
2683,Jeans,Clothing,South,Medium,3626,
2684,Dumbbell,Sports,East,Low,3128,3217
2685,Net,Sports,Central,Medium,3348,9653
2686,Stapler,Stationery,North,Low,212,1208
2687,Glue,Stationery,North,Medium,468,7712
2688,Racket,Sports,East,Medium,6634,8247
2689,Pen,Stationery,West,High,455,2248
2690,Table,Furniture,East,High,29945,7019
2691,Skipping Rope,Sports,East,Low,3259,1438
2692,Pen,Stationery,South,Medium,150,5285
2693,Speaker,Electronics,East,Low,66031,2379
2694,Yoga Mat,Sports,East,Medium,2619,2193
2695,Headphones,Electronics,East,Low,56640,9066
2696,Cap,Clothing,Central,Low,4690,2025
2697,Ruler,Stationery,East,High,475,3581
2698,Stool,Furniture,East,Medium,16842,1736
2699,Cap,Clothing,East,Medium,3273,6714
2700,Football,Sports,East,Low,5269,5683
2701,Scissors,Stationery,Central,High,136,6698
2702,Charger,Electronics,East,Low,21800,4157
2703,Speaker,Electronics,West,Low,40872,4777
2704,Marker,Stationery,North,Low,120,6552
2705,Lamp,Furniture,East,Low,22446,3677
2706,Tablet,Electronics,East,Low,57823,9084
2707,Sofa,Furniture,West,Medium,27528,2322
2708,Glue,Stationery,West,Low,481,3368
2709,Shoes,Clothing,North,Medium,482,6152
2710,Dumbbell,Sports,Central,Low,8608,
2711,Gloves,Clothing,South,Low,2644,2945
2712,Racket,Sports,Central,High,5651,6134
2713,Bookshelf,Furniture,East,High,26799,9535
2714,Camera,Electronics,South,Medium,9445,9349
2715,Sweater,Clothing,East,Medium,3593,1937
2716,Cap,Clothing,South,Low,2963,9131
2717,Glue,Stationery,North,High,443,6309
2718,Dumbbell,Sports,East,Low,783,1698
2719,Eraser,Stationery,North,Medium,229,9894
2720,Sofa,Furniture,North,Low,23566,
2721,Shoes,Clothing,South,Medium,2681,2679
2722,Scissors,Stationery,East,High,325,9517
2723,Jacket,Clothing,East,High,5158,1334
2724,Dumbbell,Sports,West,Low,861,6917
2725,Stapler,Stationery,North,High,273,9325
2726,Cabinet,Furniture,North,High,37292,8269
2727,Sweater,Clothing,South,Low,4741,7268
2728,Cabinet,Furniture,North,Low,13949,3938
2729,Stool,Furniture,Central,Medium,7955,9613
2730,Cap,Clothing,South,Low,1542,9421
2731,Phone,Electronics,North,Low,71112,6898
2732,Folder,Stationery,East,High,426,9745
2733,Sweater,Clothing,East,Low,3286,6688
2734,Scarf,Clothing,Central,Medium,647,
2735,Sweater,Clothing,South,Medium,4669,7195
2736,T-Shirt,Clothing,South,Medium,2367,2426
2737,Shoes,Clothing,South,Low,295,4864
2738,Monitor,Electronics,North,High,68132,4971
2739,Tablet,Electronics,South,Medium,52037,7813
2740,Camera,Electronics,West,Low,5843,8712
2741,Laptop,Electronics,East,High,12841,6117
2742,Cap,Clothing,Central,Low,3713,8277
2743,Dumbbell,Sports,North,Medium,7896,7857
2744,Bat,Sports,West,Medium,8604,5161
2745,Camera,Electronics,East,Low,32861,2529
2746,Monitor,Electronics,South,Low,73725,3711
2747,Notebook,Stationery,West,Low,274,2398
2748,Dumbbell,Sports,North,Low,489,6389
2749,Skipping Rope,Sports,Central,Medium,7989,7463
2750,Bat,Sports,North,High,7385,
2751,Phone,Electronics,Central,Medium,43247,3544
2752,Wardrobe,Furniture,Central,Low,15047,8100
2753,Scarf,Clothing,North,Low,5302,1819
2754,Monitor,Electronics,North,Low,23543,4579
2755,Shoes,Clothing,Central,Low,2140,3124
2756,Bookshelf,Furniture,South,Medium,27483,3083
2757,Marker,Stationery,North,Low,455,9258
2758,Dumbbell,Sports,Central,Medium,5371,4787
2759,Bookshelf,Furniture,East,Low,3710,8517
2760,Helmet,Sports,Central,Medium,4085,8532
2761,Sweater,Clothing,Central,Low,1921,4472
2762,Scissors,Stationery,North,Low,310,8879
2763,Scissors,Stationery,East,Low,189,2005
2764,Chair,Furniture,East,Medium,24114,4553
2765,Marker,Stationery,Central,High,133,6071
2766,Cabinet,Furniture,Central,High,34922,2872
2767,Skipping Rope,Sports,North,Low,2923,7855
2768,Football,Sports,East,High,6991,4791
2769,Bat,Sports,Central,Low,4553,6788
2770,Cabinet,Furniture,West,Low,10506,5865
2771,Eraser,Stationery,East,High,163,4459
2772,Desk,Furniture,South,High,19798,
2773,Jeans,Clothing,East,Low,4140,
2774,Sweater,Clothing,North,Low,2541,2818
2775,Highlighter,Stationery,South,Low,77,6710
2776,Stool,Furniture,South,Medium,46812,
2777,Frisbee,Sports,West,Low,863,7300
2778,Belt,Clothing,East,Low,3048,3019
2779,Bat,Sports,North,High,3267,3696
2780,Scarf,Clothing,West,High,1804,7976
2781,Yoga Mat,Sports,South,Medium,8968,3823
2782,Cabinet,Furniture,East,High,35428,1499
2783,Headphones,Electronics,West,Low,65770,1494
2784,Stapler,Stationery,South,Low,109,9598
2785,Socks,Clothing,West,High,3993,8027
2786,Ball,Sports,East,Medium,2913,7682
2787,Stapler,Stationery,South,Low,309,
2788,Lamp,Furniture,North,Medium,15459,9619
2789,Ruler,Stationery,North,Medium,312,3918
2790,Jeans,Clothing,East,Medium,5439,8042
2791,Stapler,Stationery,West,High,346,8173
2792,Tablet,Electronics,North,Medium,10218,7366
2793,Sweater,Clothing,North,Low,4369,
2794,Cabinet,Furniture,South,Medium,5631,2261
2795,Bench,Furniture,West,Medium,2085,1570
2796,Yoga Mat,Sports,East,Low,2161,8565
2797,Ruler,Stationery,Central,Low,445,7416
2798,Skipping Rope,Sports,Central,Low,6687,
2799,Table,Furniture,West,High,32106,4790
2800,Jeans,Clothing,East,Medium,5906,4990
2801,Bookshelf,Furniture,West,High,18916,8037
2802,Chair,Furniture,Central,Medium,49902,6959
2803,Tablet,Electronics,West,Low,60116,8061
2804,Folder,Stationery,West,Low,173,9906
2805,Desk,Furniture,East,High,21618,6849
2806,Lamp,Furniture,South,Low,46345,7185
2807,Pen,Stationery,Central,Low,381,6007
2808,Net,Sports,North,Low,3862,4068
2809,Bench,Furniture,North,High,23762,1278
2810,Skipping Rope,Sports,East,High,874,4408
2811,Ball,Sports,Central,Low,1628,3584
2812,Folder,Stationery,North,High,276,4553
2813,Highlighter,Stationery,Central,Medium,189,3258
2814,Bookshelf,Furniture,West,Low,46821,4633
2815,Cap,Clothing,East,Low,2011,7970
2816,Ball,Sports,Central,Low,6093,
2817,Stapler,Stationery,South,Low,205,6539
2818,Stapler,Stationery,Central,Medium,39,4304
2819,Chair,Furniture,South,Low,42629,5384
2820,Marker,Stationery,East,Low,170,5266
2821,Sofa,Furniture,West,Medium,27293,8899
2822,Eraser,Stationery,Central,High,466,8255
2823,Lamp,Furniture,East,Medium,28573,2961
2824,Highlighter,Stationery,North,Medium,303,1171
2825,Bench,Furniture,East,Medium,44890,2155
2826,Desk,Furniture,Central,Low,33045,9172
2827,Jacket,Clothing,Central,Low,4429,4205
2828,Helmet,Sports,South,Low,549,6708
2829,Folder,Stationery,North,High,293,
2830,Ruler,Stationery,Central,High,294,
2831,T-Shirt,Clothing,South,Low,5944,3372
2832,Ball,Sports,South,Low,2878,4136
2833,Marker,Stationery,North,Medium,373,5139
2834,Sweater,Clothing,West,Low,5120,1544
2835,Notebook,Stationery,West,High,157,8710
2836,Folder,Stationery,North,Low,214,6909
2837,Highlighter,Stationery,South,Low,140,9841
2838,Cap,Clothing,West,Medium,5771,9699
2839,Wardrobe,Furniture,West,Low,35527,2775
2840,Sofa,Furniture,South,Medium,39753,
2841,Notebook,Stationery,Central,Medium,194,5383
2842,Cap,Clothing,North,Medium,3631,9454
2843,Notebook,Stationery,South,Medium,31,1600
2844,Net,Sports,South,Medium,1429,8502
2845,Speaker,Electronics,Central,Medium,12690,4233
2846,Table,Furniture,East,Low,15234,6600
2847,Pen,Stationery,Central,High,335,5919
2848,T-Shirt,Clothing,South,High,3063,2800
2849,Table,Furniture,North,Low,8353,5981
2850,T-Shirt,Clothing,South,Low,1924,6365
2851,Shoes,Clothing,North,Medium,4968,5056
2852,Bat,Sports,Central,High,3993,3457
2853,Bookshelf,Furniture,Central,Low,4560,5176
2854,Speaker,Electronics,West,Medium,42534,8310
2855,Cap,Clothing,Central,Medium,1748,9807
2856,Folder,Stationery,East,Low,99,6651
2857,Mouse,Electronics,South,Medium,52282,8407
2858,Headphones,Electronics,North,Medium,7560,6504
2859,Eraser,Stationery,East,Low,499,4837
2860,Sweater,Clothing,East,Low,2058,6200
2861,Marker,Stationery,East,Medium,220,2504
2862,Keyboard,Electronics,West,Medium,52376,5237
2863,Racket,Sports,West,Low,8344,2247
2864,Monitor,Electronics,North,Medium,7415,4952
2865,Stool,Furniture,South,Low,23636,1817
2866,Stapler,Stationery,East,Medium,358,
2867,Socks,Clothing,West,Medium,1821,1585
2868,Wardrobe,Furniture,East,Low,39678,9986
2869,Scarf,Clothing,East,High,4154,9174
2870,Jacket,Clothing,West,Medium,1638,1650
2871,Stapler,Stationery,Central,Medium,480,7029
2872,Racket,Sports,Central,Low,1857,8035
2873,Eraser,Stationery,North,High,69,7064
2874,Notebook,Stationery,Central,Low,23,2689
2875,Camera,Electronics,West,Low,76789,8553
2876,Socks,Clothing,West,Low,4611,6035
2877,Bench,Furniture,South,Low,13131,9079
2878,Frisbee,Sports,West,Low,837,7990
2879,Cabinet,Furniture,South,High,12874,6317
2880,Racket,Sports,Central,Low,7724,
2881,Football,Sports,North,Medium,4735,
2882,Scissors,Stationery,North,Low,324,9827
2883,Skipping Rope,Sports,North,Medium,7437,2515
2884,Bench,Furniture,South,Low,40611,2825
2885,Net,Sports,North,Low,4754,3596
2886,Stapler,Stationery,Central,High,177,
2887,Sweater,Clothing,Central,Low,829,4538
2888,Bat,Sports,North,Low,2100,8932
2889,Cap,Clothing,North,Medium,1108,1044
2890,Football,Sports,Central,High,3161,5948
2891,Lamp,Furniture,West,Low,15034,1734
2892,Desk,Furniture,Central,Low,37979,9802
2893,Headphones,Electronics,North,Low,60922,2989
2894,Yoga Mat,Sports,Central,Low,1215,6971
2895,Monitor,Electronics,North,Low,68160,9867
2896,Cabinet,Furniture,Central,Low,44276,5703
2897,Belt,Clothing,East,Medium,5621,7474
2898,Tablet,Electronics,North,High,48330,9325
2899,Football,Sports,South,Low,3526,3925
2900,Gloves,Clothing,Central,Medium,1940,7873
2901,Bench,Furniture,North,High,23923,7196
2902,Speaker,Electronics,South,Low,58963,7698
2903,Table,Furniture,East,Medium,7553,3399
2904,Belt,Clothing,East,Medium,5702,6241
2905,Ball,Sports,East,Low,8390,6930
2906,Speaker,Electronics,East,Low,7250,5122
2907,Frisbee,Sports,North,Medium,7385,1034
2908,Ball,Sports,West,High,8818,4267
2909,Bookshelf,Furniture,East,Low,40524,1680
2910,Stapler,Stationery,East,Low,33,6494
2911,Tablet,Electronics,West,High,51082,6487
2912,Shoes,Clothing,North,Medium,5345,6199
2913,Marker,Stationery,East,High,207,7885
2914,Wardrobe,Furniture,South,Low,36530,9081
2915,Shoes,Clothing,North,Medium,3793,9162
2916,Monitor,Electronics,West,Low,44841,9725
2917,Socks,Clothing,West,Low,3517,9655
2918,Yoga Mat,Sports,West,Low,1285,6778
2919,Pen,Stationery,East,Medium,98,1345
2920,Headphones,Electronics,South,Medium,21774,5495
2921,Scissors,Stationery,South,Low,282,6911
2922,Frisbee,Sports,South,Medium,2009,1406
2923,Eraser,Stationery,North,Medium,362,9680
2924,Football,Sports,West,Medium,1548,1442
2925,Ball,Sports,South,Low,7440,4507
2926,Ruler,Stationery,East,Low,343,5113
2927,Keyboard,Electronics,West,Low,61150,9521
2928,Table,Furniture,North,Medium,36234,
2929,Jeans,Clothing,Central,Low,5850,5019
2930,Table,Furniture,West,Medium,26731,
2931,Bat,Sports,South,Medium,1649,3568
2932,Tablet,Electronics,North,Low,78622,8702
2933,Dumbbell,Sports,North,Low,6860,9285
2934,Helmet,Sports,South,Medium,8625,5660
2935,Tablet,Electronics,West,Low,9936,3386
2936,Cap,Clothing,South,Low,2326,1722
2937,Cabinet,Furniture,East,High,1795,9010
2938,Camera,Electronics,South,High,55037,3531
2939,Desk,Furniture,North,Low,14299,3022
2940,Frisbee,Sports,North,Low,6226,3142
2941,Glue,Stationery,West,Medium,310,9845
2942,Lamp,Furniture,Central,High,26088,6869
2943,Tablet,Electronics,West,Medium,9635,2978
2944,Tablet,Electronics,North,Medium,79636,5406
2945,Highlighter,Stationery,East,Low,354,8546
2946,Ruler,Stationery,North,Low,434,6755
2947,Desk,Furniture,Central,High,45418,6027
2948,Sweater,Clothing,West,High,5141,1484
2949,Highlighter,Stationery,North,Low,413,9456
2950,Desk,Furniture,West,Low,38513,8614
2951,Shoes,Clothing,North,Low,5235,4550
2952,Charger,Electronics,Central,Low,72049,1555
2953,Highlighter,Stationery,North,Low,52,9402
2954,Helmet,Sports,South,Low,7849,5545
2955,Stool,Furniture,West,Low,38190,4491
2956,Wardrobe,Furniture,West,Low,10539,3935
2957,Frisbee,Sports,North,Medium,7472,3772
2958,Wardrobe,Furniture,North,Low,28342,5722
2959,Bookshelf,Furniture,West,Medium,9192,3544
2960,Racket,Sports,West,Low,4223,1192
2961,Desk,Furniture,South,Medium,48693,1239
2962,Dumbbell,Sports,West,High,3152,8749
2963,Football,Sports,North,Low,5311,8438
2964,Mouse,Electronics,West,Low,56874,8926
2965,Wardrobe,Furniture,West,Low,8901,7729
2966,Cabinet,Furniture,East,Medium,45302,3910
2967,Charger,Electronics,East,Medium,41010,5733
2968,Sweater,Clothing,East,Medium,5013,8667
2969,Belt,Clothing,East,Low,291,4617
2970,Ball,Sports,East,Low,1626,8293
2971,Cap,Clothing,Central,Low,2251,7093
2972,Keyboard,Electronics,Central,Low,34435,7735
2973,Belt,Clothing,East,Low,2771,7252
2974,Stool,Furniture,South,Low,28155,3707
2975,Lamp,Furniture,South,Low,31600,8572
2976,Jacket,Clothing,North,Low,5417,6018
2977,Chair,Furniture,West,High,7414,2889
2978,Chair,Furniture,South,Low,12078,7020
2979,Pen,Stationery,Central,Low,114,7156
2980,Phone,Electronics,East,Low,73661,7989
2981,Cap,Clothing,East,Low,3503,7358
2982,Lamp,Furniture,West,Low,7110,6892
2983,Shoes,Clothing,North,Low,2677,6418
2984,Frisbee,Sports,South,Medium,5912,2829
2985,Highlighter,Stationery,Central,Medium,437,8849
2986,Belt,Clothing,South,Medium,5088,6391
2987,Football,Sports,Central,Medium,4910,8413
2988,Sofa,Furniture,Central,Low,23624,8743
2989,Charger,Electronics,South,Low,69867,7018
2990,Yoga Mat,Sports,West,Low,6233,1869
2991,Socks,Clothing,North,Low,2056,1094
2992,Bookshelf,Furniture,West,Low,4150,
2993,Belt,Clothing,South,Medium,2327,1738
2994,Table,Furniture,East,Low,32941,
2995,Charger,Electronics,South,Medium,54762,2956
2996,Jeans,Clothing,North,Low,5963,2012
2997,Racket,Sports,South,Low,6321,2985
2998,Socks,Clothing,Central,Medium,3948,2081
2999,Shoes,Clothing,West,Medium,4214,5036
3000,Cap,Clothing,East,Low,4057,3522
