product_id,product_name,category,region,priority,price,user_id,final_price
1,Stapler,Stationery,West,Medium,47.0,2542,55.459999999999994
3,Sweater,Clothing,North,Low,4714.0,3028,5562.5199999999995
5,Desk,Furniture,Central,High,20479.0,9858,24165.219999999998
6,Charger,Electronics,East,Medium,24888.0,4078,29367.84
8,Stool,Furniture,Central,Low,22087.0,8424,26062.66
9,Folder,Stationery,South,Medium,367.0,2341,433.06
10,Net,Sports,Central,Low,5777.0,5717,6816.86
11,Ball,Sports,North,Medium,2852.0,3490,3365.3599999999997
12,Sweater,Clothing,North,High,835.0,6140,985.3
13,Glue,Stationery,Central,Low,418.0,2533,493.23999999999995
14,Eraser,Stationery,North,Low,369.0,8301,435.41999999999996
15,Scissors,Stationery,East,Low,246.0,2918,290.28
16,T-Shirt,Clothing,South,Medium,1259.0,7519,1485.62
17,Scarf,Clothing,North,Low,3490.0,3243,4118.2
18,Belt,Clothing,East,Medium,3139.0,7233,3704.02
19,Sofa,Furniture,North,Low,16701.0,1197,19707.18
20,Gloves,Clothing,South,Low,233.0,9758,274.94
21,Highlighter,Stationery,Central,Low,74.0,9445,87.32
22,Bat,Sports,West,High,6578.0,7457,7762.04
23,Mouse,Electronics,West,Low,10027.0,8219,11831.859999999999
26,Bench,Furniture,West,Low,18031.0,6966,21276.579999999998
27,Jeans,Clothing,North,High,4017.0,6109,4740.0599999999995
28,Monitor,Electronics,North,Medium,35902.0,3645,42364.36
29,Bat,Sports,South,High,8804.0,9899,10388.72
30,Speaker,Electronics,East,High,13128.0,5278,15491.039999999999
31,Dumbbell,Sports,South,Low,3800.0,9236,4484.0
32,Marker,Stationery,Central,High,398.0,4922,469.64
33,Shoes,Clothing,South,Medium,3112.0,1457,3672.16
34,Eraser,Stationery,East,Low,319.0,8327,376.41999999999996
35,Glue,Stationery,North,Low,126.0,6533,148.67999999999998
36,Stool,Furniture,Central,High,41494.0,8855,48962.92
37,Pen,Stationery,North,High,410.0,4265,483.79999999999995
38,Jacket,Clothing,West,Medium,2923.0,7485,3449.14
39,Sweater,Clothing,North,Medium,1592.0,1451,1878.56
40,Bench,Furniture,West,High,11079.0,8771,13073.22
42,Speaker,Electronics,South,Low,26733.0,4457,31544.94
43,Camera,Electronics,South,Low,32727.0,6341,38617.86
44,Ruler,Stationery,West,High,41.0,6796,48.379999999999995
45,Gloves,Clothing,Central,Low,4309.0,3487,5084.62
46,Football,Sports,North,High,3150.0,3454,3717.0
47,Sofa,Furniture,West,Medium,9386.0,6340,11075.48
48,Football,Sports,Central,Low,1888.0,1930,2227.8399999999997
49,Bookshelf,Furniture,East,Low,7905.0,1456,9327.9
50,Mouse,Electronics,East,Medium,67463.0,4267,79606.34
51,Eraser,Stationery,Central,Medium,254.0,5057,299.71999999999997
52,Net,Sports,Central,High,3469.0,3246,4093.4199999999996
53,Jeans,Clothing,West,Low,794.0,8017,936.92
54,Headphones,Electronics,East,Medium,21443.0,6999,25302.739999999998
55,Lamp,Furniture,South,High,15890.0,2542,18750.2
56,Scarf,Clothing,South,High,2032.0,8070,2397.7599999999998
57,Yoga Mat,Sports,East,Low,5992.0,6995,7070.5599999999995
58,Tablet,Electronics,Central,Low,3570.0,9477,4212.599999999999
59,Net,Sports,Central,High,1998.0,4744,2357.64
60,Phone,Electronics,East,Low,24996.0,3122,29495.28
61,Cap,Clothing,West,Low,4417.0,6358,5212.0599999999995
62,Camera,Electronics,North,Medium,25231.0,2186,29772.579999999998
63,Notebook,Stationery,North,High,52.0,4643,61.36
64,Camera,Electronics,North,Low,45653.0,7844,53870.53999999999
65,Highlighter,Stationery,South,Low,373.0,2793,440.14
66,Lamp,Furniture,North,Low,21946.0,9701,25896.28
67,Lamp,Furniture,West,Medium,13158.0,1297,15526.439999999999
68,Notebook,Stationery,North,Low,268.0,4104,316.24
69,Skipping Rope,Sports,South,High,1891.0,8080,2231.38
70,Belt,Clothing,West,High,2721.0,4761,3210.7799999999997
71,Marker,Stationery,South,Low,187.0,3126,220.66
72,Phone,Electronics,East,Low,8461.0,7240,9983.98
74,Sofa,Furniture,East,Low,18751.0,6389,22126.18
75,Dumbbell,Sports,South,Low,5221.0,3997,6160.78
76,Tablet,Electronics,West,Low,37759.0,4292,44555.619999999995
77,Wardrobe,Furniture,North,Low,7382.0,1682,8710.76
78,T-Shirt,Clothing,East,Low,2107.0,9670,2486.2599999999998
79,Bench,Furniture,West,Medium,48730.0,3448,57501.399999999994
80,Highlighter,Stationery,South,Low,437.0,9404,515.66
81,Belt,Clothing,South,High,4331.0,1263,5110.58
82,Helmet,Sports,North,Low,2330.0,2718,2749.3999999999996
83,Scarf,Clothing,Central,Low,354.0,5006,417.71999999999997
84,Cap,Clothing,North,Low,774.0,9240,913.3199999999999
85,Ball,Sports,Central,Low,7913.0,2219,9337.34
86,Marker,Stationery,South,Low,342.0,9092,403.56
87,Jeans,Clothing,West,High,2553.0,4248,3012.54
88,Charger,Electronics,South,Low,41100.0,3186,48498.0
89,Mouse,Electronics,North,Low,14244.0,9021,16807.92
90,Ruler,Stationery,East,Low,248.0,9996,292.64
91,Lamp,Furniture,North,High,2647.0,2252,3123.46
93,Monitor,Electronics,Central,Low,48327.0,9335,57025.86
94,Pen,Stationery,East,Low,469.0,7456,553.42
95,Monitor,Electronics,North,High,60282.0,3305,71132.76
97,Scissors,Stationery,North,High,110.0,5748,129.79999999999998
98,Glue,Stationery,North,Low,455.0,6909,536.9
99,Cap,Clothing,North,Low,622.0,5679,733.9599999999999
100,Bookshelf,Furniture,East,Low,22183.0,7116,26175.94
101,T-Shirt,Clothing,West,High,4739.0,2320,5592.0199999999995
102,Keyboard,Electronics,West,Medium,19362.0,5689,22847.16
103,T-Shirt,Clothing,Central,Low,4068.0,5616,4800.24
104,Folder,Stationery,East,Low,132.0,7461,155.76
105,Monitor,Electronics,South,Low,66815.0,9144,78841.7
106,Helmet,Sports,West,High,7522.0,9974,8875.96
107,Bookshelf,Furniture,North,Low,37929.0,4917,44756.22
108,Folder,Stationery,Central,Low,20.0,7763,23.599999999999998
109,Sweater,Clothing,Central,Low,2413.0,2016,2847.3399999999997
110,Cap,Clothing,Central,High,1231.0,9670,1452.58
111,Chair,Furniture,East,High,26702.0,8304,31508.359999999997
112,Cap,Clothing,North,Low,3683.0,8754,4345.94
113,Skipping Rope,Sports,North,Low,8798.0,8355,10381.64
114,Chair,Furniture,South,Low,35733.0,2784,42164.939999999995
115,Jeans,Clothing,Central,Medium,211.0,4810,248.98
116,Bat,Sports,East,High,4275.0,8166,5044.5
117,Phone,Electronics,North,Low,77600.0,5274,91568.0
118,Bench,Furniture,North,Low,21260.0,5564,25086.8
119,Marker,Stationery,West,Medium,290.0,7747,342.2
120,Notebook,Stationery,North,Low,463.0,7881,546.3399999999999
121,Camera,Electronics,South,Medium,49725.0,1558,58675.5
123,Ruler,Stationery,North,Low,112.0,4177,132.16
124,Stool,Furniture,South,Low,20828.0,9122,24577.039999999997
125,Racket,Sports,South,Low,1074.0,3398,1267.32
126,T-Shirt,Clothing,South,Low,5083.0,1849,5997.94
127,Monitor,Electronics,West,Low,42382.0,2300,50010.759999999995
128,Table,Furniture,South,Low,35893.0,1522,42353.74
129,Scissors,Stationery,East,High,236.0,1047,278.47999999999996
130,Camera,Electronics,North,Low,17414.0,4398,20548.52
131,Socks,Clothing,East,High,3742.0,8757,4415.5599999999995
132,Table,Furniture,Central,High,14150.0,8774,16697.0
134,Mouse,Electronics,North,High,9326.0,2029,11004.68
135,Dumbbell,Sports,East,Low,864.0,6185,1019.52
136,Folder,Stationery,North,Medium,314.0,2070,370.52
137,Headphones,Electronics,North,Low,62245.0,7332,73449.09999999999
138,Scissors,Stationery,West,Low,264.0,5969,311.52
139,Bench,Furniture,South,Low,22441.0,2294,26480.379999999997
140,Helmet,Sports,West,Medium,4201.0,1554,4957.179999999999
141,Belt,Clothing,Central,Low,3694.0,2182,4358.92
142,Highlighter,Stationery,North,Low,225.0,8323,265.5
143,Bookshelf,Furniture,South,Low,42152.0,4849,49739.36
144,Ball,Sports,East,Low,4535.0,5265,5351.299999999999
145,Stool,Furniture,South,Low,16933.0,4084,19980.94
146,Pen,Stationery,West,Low,135.0,4790,159.29999999999998
147,Mouse,Electronics,North,Low,63428.0,4786,74845.04
148,Socks,Clothing,North,High,2107.0,4105,2486.2599999999998
149,Frisbee,Sports,South,High,6248.0,3912,7372.639999999999
150,Gloves,Clothing,East,Medium,5645.0,2733,6661.099999999999
151,Frisbee,Sports,East,Low,6190.0,1723,7304.2
152,Lamp,Furniture,North,Medium,44206.0,1186,52163.079999999994
154,Mouse,Electronics,Central,Low,54699.0,7476,64544.82
155,Racket,Sports,Central,Low,2831.0,5442,3340.58
156,Cap,Clothing,East,Low,620.0,6852,731.5999999999999
157,Sweater,Clothing,North,High,3180.0,7401,3752.3999999999996
158,Shoes,Clothing,North,Low,1482.0,2482,1748.76
159,Gloves,Clothing,East,Low,1531.0,1846,1806.58
160,Racket,Sports,West,Low,6225.0,3812,7345.5
161,Table,Furniture,East,Low,12758.0,2782,15054.439999999999
162,Scarf,Clothing,South,Low,556.0,8909,656.0799999999999
163,Notebook,Stationery,Central,High,208.0,3625,245.44
164,Bench,Furniture,West,Medium,14352.0,3997,16935.36
165,Helmet,Sports,North,Low,8635.0,6885,10189.3
167,Bat,Sports,East,Low,7616.0,6017,8986.88
168,Cap,Clothing,Central,Low,3388.0,8320,3997.8399999999997
169,Skipping Rope,Sports,South,Low,8169.0,8320,9639.42
170,Skipping Rope,Sports,South,High,6709.0,3104,7916.62
171,Scissors,Stationery,East,Low,236.0,1667,278.47999999999996
172,Monitor,Electronics,North,High,42320.0,9380,49937.6
174,Charger,Electronics,North,Low,65670.0,3705,77490.59999999999
175,Chair,Furniture,East,Medium,18029.0,5505,21274.219999999998
176,Jacket,Clothing,East,Medium,4133.0,5306,4876.94
177,Football,Sports,South,Low,753.0,7610,888.54
178,Lamp,Furniture,East,High,12558.0,5330,14818.439999999999
179,Speaker,Electronics,North,Medium,48356.0,8422,57060.079999999994
180,Football,Sports,Central,Medium,1863.0,9776,2198.3399999999997
181,Socks,Clothing,East,Low,3222.0,6902,3801.9599999999996
182,Pen,Stationery,West,Low,325.0,1791,383.5
183,Ruler,Stationery,East,Low,455.0,6122,536.9
184,Laptop,Electronics,South,Low,57853.0,6965,68266.54
186,Charger,Electronics,East,Low,69762.0,4674,82319.15999999999
187,Gloves,Clothing,East,Medium,1872.0,8780,2208.96
188,Sofa,Furniture,North,High,17463.0,8386,20606.34
189,Phone,Electronics,South,High,36558.0,5329,43138.439999999995
190,Laptop,Electronics,Central,High,79151.0,8270,93398.18
193,Laptop,Electronics,Central,Medium,27055.0,4268,31924.899999999998
194,Frisbee,Sports,Central,Medium,6953.0,3861,8204.539999999999
195,Net,Sports,North,Low,944.0,8830,1113.9199999999998
196,Bat,Sports,West,High,7772.0,8413,9170.96
198,Folder,Stationery,North,Low,293.0,9572,345.74
200,Marker,Stationery,South,High,392.0,4144,462.56
201,Socks,Clothing,Central,Low,5366.0,9787,6331.88
202,Scarf,Clothing,Central,Medium,417.0,4831,492.06
203,Net,Sports,South,Low,1424.0,3810,1680.32
204,Desk,Furniture,North,Low,42261.0,6650,49867.979999999996
205,Desk,Furniture,North,Low,46891.0,1698,55331.38
206,Laptop,Electronics,North,High,48832.0,9747,57621.759999999995
207,Keyboard,Electronics,North,Low,27828.0,1564,32837.04
208,Camera,Electronics,West,Low,14026.0,4358,16550.68
209,Glue,Stationery,East,Low,20.0,5630,23.599999999999998
210,Tablet,Electronics,East,Medium,67225.0,5712,79325.5
211,Bat,Sports,West,Low,8647.0,6681,10203.46
212,T-Shirt,Clothing,Central,Medium,944.0,5704,1113.9199999999998
213,Cabinet,Furniture,North,Medium,20396.0,1884,24067.28
214,Tablet,Electronics,West,Low,25385.0,6688,29954.3
215,Net,Sports,Central,High,4798.0,4793,5661.639999999999
216,Jacket,Clothing,North,High,862.0,2713,1017.16
217,Glue,Stationery,North,Low,212.0,2411,250.16
218,T-Shirt,Clothing,East,Low,2356.0,9928,2780.08
219,Racket,Sports,West,High,3976.0,3078,4691.679999999999
220,Frisbee,Sports,Central,Medium,5859.0,9548,6913.62
221,Stool,Furniture,Central,Medium,12611.0,5214,14880.98
222,Helmet,Sports,South,Low,4048.0,5382,4776.639999999999
223,Highlighter,Stationery,South,Medium,136.0,9555,160.48
224,Stapler,Stationery,South,Low,106.0,2667,125.08
225,Chair,Furniture,South,Low,11220.0,5872,13239.599999999999
226,Cap,Clothing,South,Low,1075.0,7362,1268.5
227,T-Shirt,Clothing,North,Low,3776.0,9199,4455.679999999999
228,Eraser,Stationery,North,Low,319.0,1090,376.41999999999996
229,Cabinet,Furniture,Central,Medium,43914.0,4744,51818.52
230,Helmet,Sports,South,Medium,7586.0,5256,8951.48
231,Keyboard,Electronics,South,Medium,21707.0,7939,25614.26
232,Scarf,Clothing,North,Medium,3553.0,3999,4192.54
233,Notebook,Stationery,West,High,474.0,1624,559.3199999999999
234,Ruler,Stationery,South,Low,410.0,4273,483.79999999999995
235,Dumbbell,Sports,North,High,7633.0,8794,9006.939999999999
236,Bat,Sports,East,Medium,6873.0,8486,8110.139999999999
237,Sofa,Furniture,West,Medium,9521.0,6824,11234.779999999999
239,Sweater,Clothing,East,Medium,1095.0,7561,1292.1
240,Helmet,Sports,West,Low,2845.0,2128,3357.1
241,Stool,Furniture,Central,Medium,11085.0,7771,13080.3
242,Cap,Clothing,Central,Medium,4045.0,4775,4773.099999999999
243,Scissors,Stationery,East,High,357.0,1044,421.26
244,Glue,Stationery,South,Medium,174.0,8020,205.32
245,Ball,Sports,East,Low,5117.0,1934,6038.0599999999995
246,Charger,Electronics,East,Medium,19602.0,6654,23130.36
247,Bat,Sports,North,Low,1329.0,5096,1568.22
248,Ball,Sports,Central,Low,3977.0,8404,4692.86
249,Stapler,Stationery,South,High,415.0,2481,489.7
250,Net,Sports,South,Low,3641.0,8185,4296.38
251,Speaker,Electronics,North,Low,31893.0,8753,37633.74
252,Belt,Clothing,North,Low,1383.0,5039,1631.9399999999998
253,Jacket,Clothing,Central,Medium,254.0,6254,299.71999999999997
254,Gloves,Clothing,West,Medium,4015.0,7861,4737.7
256,Tablet,Electronics,North,Medium,64727.0,3367,76377.86
257,Headphones,Electronics,West,Medium,45581.0,6999,53785.579999999994
258,Eraser,Stationery,Central,Medium,477.0,8130,562.86
259,Scissors,Stationery,East,Medium,433.0,6819,510.94
260,Sweater,Clothing,East,Medium,2425.0,6649,2861.5
261,Stool,Furniture,North,Low,22281.0,3090,26291.579999999998
262,Ball,Sports,North,Low,6802.0,1814,8026.36
263,Cap,Clothing,North,Low,1755.0,8783,2070.9
264,Bat,Sports,Central,High,6311.0,2359,7446.98
265,Desk,Furniture,West,Medium,12896.0,3970,15217.279999999999
266,Keyboard,Electronics,North,High,2959.0,3272,3491.62
267,Ruler,Stationery,East,High,104.0,6217,122.72
268,Keyboard,Electronics,Central,Medium,8358.0,9554,9862.439999999999
269,Phone,Electronics,West,Medium,54238.0,1231,64000.84
270,Gloves,Clothing,Central,High,5601.0,8789,6609.179999999999
271,Belt,Clothing,North,Low,4068.0,3486,4800.24
272,Keyboard,Electronics,North,Low,17147.0,2444,20233.46
273,Chair,Furniture,South,Low,19551.0,4969,23070.18
274,Jacket,Clothing,North,Low,5892.0,2381,6952.5599999999995
275,Ruler,Stationery,West,Low,487.0,1862,574.66
276,Laptop,Electronics,North,Low,11643.0,6119,13738.74
277,Racket,Sports,West,Medium,5331.0,8188,6290.58
278,Jacket,Clothing,South,High,1156.0,3687,1364.08
279,Scarf,Clothing,West,Medium,3908.0,6470,4611.44
280,Folder,Stationery,North,Medium,343.0,6440,404.73999999999995
281,Bat,Sports,South,Medium,5206.0,5032,6143.08
282,Sweater,Clothing,West,Medium,2119.0,5641,2500.42
283,Tablet,Electronics,East,Low,21815.0,1692,25741.699999999997
284,Stapler,Stationery,Central,Low,445.0,9975,525.1
285,Socks,Clothing,Central,Low,4735.0,7254,5587.299999999999
286,Bookshelf,Furniture,East,Medium,45911.0,4384,54174.979999999996
287,Highlighter,Stationery,North,Medium,245.0,9784,289.09999999999997
288,Pen,Stationery,South,Low,276.0,9550,325.68
289,Eraser,Stationery,Central,Medium,106.0,2510,125.08
290,Lamp,Furniture,East,Medium,25020.0,9474,29523.6
291,Bookshelf,Furniture,North,High,33826.0,2738,39914.68
293,Ruler,Stationery,Central,Low,27.0,8967,31.86
294,Frisbee,Sports,South,Low,4734.0,8321,5586.12
295,Frisbee,Sports,South,Low,770.0,3961,908.5999999999999
296,Jeans,Clothing,North,Low,4766.0,8508,5623.88
297,Jeans,Clothing,Central,Medium,1182.0,2473,1394.76
298,Glue,Stationery,Central,Low,55.0,9298,64.89999999999999
299,Jacket,Clothing,West,High,3238.0,4632,3820.8399999999997
300,Desk,Furniture,East,High,5384.0,1455,6353.12
302,Table,Furniture,North,High,45860.0,8229,54114.799999999996
303,Mouse,Electronics,East,Low,52324.0,8885,61742.32
304,Jacket,Clothing,West,Low,1372.0,1206,1618.9599999999998
306,Dumbbell,Sports,South,Medium,1739.0,7309,2052.02
307,Phone,Electronics,West,High,43479.0,8823,51305.219999999994
308,Tablet,Electronics,South,Low,8635.0,8395,10189.3
309,Racket,Sports,West,High,4514.0,5042,5326.5199999999995
310,Desk,Furniture,East,Medium,20934.0,3749,24702.12
311,Eraser,Stationery,North,Low,472.0,3512,556.9599999999999
312,Bat,Sports,South,Medium,4839.0,4303,5710.0199999999995
313,Scissors,Stationery,East,High,483.0,7392,569.9399999999999
314,Scissors,Stationery,South,Low,381.0,3365,449.58
315,Mouse,Electronics,Central,Low,19568.0,9627,23090.239999999998
316,Stapler,Stationery,East,Low,476.0,5535,561.68
317,Racket,Sports,South,High,8696.0,3877,10261.279999999999
318,Bench,Furniture,North,High,41382.0,5487,48830.759999999995
319,Bookshelf,Furniture,South,Medium,47883.0,4148,56501.939999999995
320,Net,Sports,South,Low,8662.0,1907,10221.16
321,Dumbbell,Sports,East,Low,8227.0,7709,9707.859999999999
322,Jacket,Clothing,East,Low,4813.0,7014,5679.34
323,Monitor,Electronics,East,Medium,1808.0,8303,2133.44
324,Ball,Sports,North,Low,4159.0,6258,4907.62
325,Gloves,Clothing,North,Low,1082.0,9106,1276.76
326,Belt,Clothing,North,Medium,4601.0,4990,5429.179999999999
327,Headphones,Electronics,Central,Low,14657.0,1492,17295.26
328,Phone,Electronics,South,Low,79764.0,8601,94121.51999999999
329,Helmet,Sports,West,Low,1688.0,1740,1991.84
330,Pen,Stationery,West,Low,266.0,2802,313.88
331,Phone,Electronics,West,High,72188.0,4719,85181.84
332,Bench,Furniture,West,Medium,12269.0,1303,14477.42
334,Tablet,Electronics,East,Low,45119.0,6253,53240.42
335,Belt,Clothing,North,Low,1401.0,6790,1653.1799999999998
336,Cabinet,Furniture,North,Low,36286.0,6314,42817.479999999996
337,Shoes,Clothing,Central,Medium,2047.0,7505,2415.46
338,T-Shirt,Clothing,North,Low,5455.0,5479,6436.9
339,Bat,Sports,Central,Low,2143.0,8105,2528.74
340,Desk,Furniture,East,Low,24277.0,2972,28646.859999999997
341,Charger,Electronics,Central,High,12272.0,9746,14480.96
342,Stool,Furniture,North,Medium,20741.0,5723,24474.379999999997
343,Marker,Stationery,North,Medium,157.0,4630,185.26
344,Shoes,Clothing,Central,Medium,3975.0,5975,4690.5
345,Skipping Rope,Sports,West,High,657.0,4630,775.26
346,Wardrobe,Furniture,Central,Low,39883.0,6777,47061.939999999995
347,Bookshelf,Furniture,East,Medium,33704.0,4541,39770.72
348,Notebook,Stationery,North,Low,44.0,6701,51.919999999999995
349,T-Shirt,Clothing,Central,Low,3803.0,2789,4487.54
350,Helmet,Sports,South,Low,5924.0,4317,6990.32
351,Frisbee,Sports,East,High,8633.0,8786,10186.939999999999
352,Stapler,Stationery,West,High,12.0,2924,14.16
353,Sweater,Clothing,Central,Low,2488.0,2819,2935.8399999999997
354,Scarf,Clothing,West,Low,3088.0,7400,3643.8399999999997
356,Sweater,Clothing,West,Low,4598.0,3375,5425.639999999999
357,Gloves,Clothing,West,Medium,920.0,6408,1085.6
358,Highlighter,Stationery,South,High,114.0,1175,134.51999999999998
359,Laptop,Electronics,East,Medium,66387.0,9789,78336.65999999999
360,Ruler,Stationery,Central,High,274.0,8046,323.32
361,Scarf,Clothing,East,Low,5739.0,1170,6772.0199999999995
362,Speaker,Electronics,South,Low,50275.0,3526,59324.5
363,Cabinet,Furniture,West,Low,42434.0,6624,50072.119999999995
364,Ball,Sports,South,Low,6157.0,6089,7265.259999999999
365,Racket,Sports,North,Medium,4981.0,9337,5877.58
366,Jacket,Clothing,Central,Low,4391.0,4081,5181.38
367,Jacket,Clothing,North,Medium,5140.0,1693,6065.2
368,T-Shirt,Clothing,North,Low,5858.0,5988,6912.44
369,Jeans,Clothing,Central,Low,441.0,9156,520.38
370,Frisbee,Sports,East,High,8857.0,3354,10451.26
371,Helmet,Sports,West,Medium,2531.0,9347,2986.58
372,Laptop,Electronics,North,Low,69684.0,8659,82227.12
373,Yoga Mat,Sports,North,Medium,5439.0,4903,6418.0199999999995
374,Folder,Stationery,South,Low,331.0,2032,390.58
376,Gloves,Clothing,North,Low,5280.0,4651,6230.4
378,Cap,Clothing,West,Medium,4259.0,2106,5025.62
379,Cabinet,Furniture,Central,Low,21760.0,8936,25676.8
380,Headphones,Electronics,North,Low,48175.0,1125,56846.5
381,Scissors,Stationery,Central,Low,181.0,7317,213.57999999999998
382,Scissors,Stationery,North,High,226.0,6754,266.68
383,Helmet,Sports,West,Low,4796.0,8136,5659.28
384,Camera,Electronics,North,Low,21633.0,3127,25526.94
385,Headphones,Electronics,East,Medium,17950.0,8652,21181.0
386,Sofa,Furniture,East,Low,48847.0,4408,57639.46
387,Eraser,Stationery,Central,Low,449.0,3145,529.8199999999999
388,Highlighter,Stationery,West,Medium,198.0,7621,233.64
389,Football,Sports,South,Low,2161.0,2498,2549.98
390,Net,Sports,West,Low,2526.0,7388,2980.68
392,Ruler,Stationery,East,Low,377.0,4709,444.85999999999996
393,Stapler,Stationery,West,Low,216.0,8609,254.88
394,Lamp,Furniture,South,Low,46039.0,6757,54326.02
395,T-Shirt,Clothing,West,Low,3481.0,2600,4107.58
396,Lamp,Furniture,North,Low,41405.0,1662,48857.899999999994
397,T-Shirt,Clothing,Central,Low,1822.0,3559,2149.96
398,T-Shirt,Clothing,Central,Low,5429.0,4729,6406.219999999999
399,Skipping Rope,Sports,Central,Low,7275.0,6718,8584.5
400,Phone,Electronics,East,High,77893.0,1775,91913.73999999999
401,Chair,Furniture,North,Medium,15271.0,6663,18019.78
402,Keyboard,Electronics,West,High,30140.0,2473,35565.2
403,Scissors,Stationery,West,High,364.0,8418,429.52
404,Bat,Sports,South,Low,8536.0,3091,10072.48
405,Shoes,Clothing,North,High,4780.0,9952,5640.4
406,Bookshelf,Furniture,Central,Low,5391.0,6689,6361.38
407,Jeans,Clothing,South,Medium,1323.0,8969,1561.1399999999999
408,Shoes,Clothing,South,Low,5864.0,6758,6919.5199999999995
409,Stapler,Stationery,South,Medium,133.0,2932,156.94
410,Yoga Mat,Sports,South,Medium,2686.0,8555,3169.48
411,Shoes,Clothing,North,Medium,301.0,4382,355.18
412,Laptop,Electronics,East,Low,15695.0,8340,18520.1
413,Monitor,Electronics,East,Low,75804.0,3754,89448.72
414,Ball,Sports,North,Low,8104.0,6434,9562.72
415,Net,Sports,North,Medium,7264.0,9897,8571.52
416,Notebook,Stationery,East,High,339.0,5119,400.02
417,Chair,Furniture,South,Medium,3157.0,3377,3725.2599999999998
418,Glue,Stationery,South,High,279.0,3760,329.21999999999997
419,Camera,Electronics,Central,Low,25388.0,6836,29957.84
420,Marker,Stationery,East,Low,480.0,5154,566.4
421,Desk,Furniture,North,Low,42670.0,7606,50350.6
422,Headphones,Electronics,West,Low,21841.0,2314,25772.379999999997
423,Bookshelf,Furniture,South,Low,43230.0,2469,51011.399999999994
425,Football,Sports,West,Low,1329.0,9431,1568.22
426,Socks,Clothing,North,Low,5656.0,3888,6674.08
427,Cabinet,Furniture,East,Low,38421.0,4201,45336.78
428,Jeans,Clothing,Central,Low,3972.0,9760,4686.96
429,Cabinet,Furniture,Central,Medium,5432.0,6431,6409.759999999999
430,Net,Sports,Central,Medium,6189.0,3242,7303.0199999999995
431,Glue,Stationery,Central,High,24.0,4645,28.32
432,Jeans,Clothing,South,Medium,3247.0,7821,3831.4599999999996
433,Ruler,Stationery,South,Medium,212.0,4723,250.16
434,Bookshelf,Furniture,Central,Medium,16000.0,5153,18880.0
435,Headphones,Electronics,Central,Medium,65330.0,8506,77089.4
436,Wardrobe,Furniture,Central,Medium,49707.0,2314,58654.259999999995
437,Jeans,Clothing,West,Low,4321.0,2877,5098.78
438,Ball,Sports,West,High,6571.0,4139,7753.78
439,Skipping Rope,Sports,North,Low,1092.0,1773,1288.56
440,Notebook,Stationery,North,Medium,499.0,5914,588.8199999999999
441,Monitor,Electronics,West,High,12695.0,4303,14980.099999999999
442,Ball,Sports,East,Low,5743.0,1190,6776.74
443,Pen,Stationery,South,Low,387.0,6848,456.65999999999997
444,T-Shirt,Clothing,Central,Low,3114.0,2850,3674.52
446,Skipping Rope,Sports,North,Medium,8146.0,5233,9612.279999999999
447,Sofa,Furniture,Central,High,46533.0,3363,54908.939999999995
448,Net,Sports,Central,High,4552.0,1226,5371.36
449,Tablet,Electronics,South,Low,64634.0,1580,76268.12
450,Monitor,Electronics,Central,High,79838.0,8794,94208.84
451,Stool,Furniture,West,Low,41532.0,6913,49007.759999999995
452,Ruler,Stationery,South,Low,77.0,1715,90.86
453,Sofa,Furniture,East,Medium,23216.0,7355,27394.879999999997
454,Glue,Stationery,North,Low,257.0,1336,303.26
455,Stool,Furniture,Central,Low,11057.0,3353,13047.26
456,Scissors,Stationery,East,Low,144.0,9653,169.92
457,Racket,Sports,North,High,1710.0,7983,2017.8
458,Ball,Sports,East,Medium,4050.0,3312,4779.0
459,Camera,Electronics,East,Medium,67903.0,5017,80125.54
460,Ruler,Stationery,West,Low,370.0,6295,436.59999999999997
461,Belt,Clothing,East,High,2123.0,3470,2505.14
462,Bookshelf,Furniture,North,High,45500.0,8299,53690.0
464,Folder,Stationery,East,Medium,292.0,6578,344.56
465,Headphones,Electronics,Central,High,77867.0,6791,91883.06
466,Socks,Clothing,West,Medium,754.0,6230,889.7199999999999
467,Lamp,Furniture,East,Medium,12284.0,4881,14495.119999999999
468,Headphones,Electronics,North,Low,27459.0,5630,32401.62
469,Ball,Sports,South,Low,1080.0,1796,1274.3999999999999
472,Glue,Stationery,North,Medium,217.0,6534,256.06
473,Desk,Furniture,West,Medium,7214.0,6480,8512.52
474,Gloves,Clothing,West,Low,3995.0,1421,4714.099999999999
475,Highlighter,Stationery,East,Low,324.0,6393,382.32
476,Chair,Furniture,North,Low,10849.0,2472,12801.82
477,Glue,Stationery,West,Low,358.0,3513,422.44
478,Frisbee,Sports,East,Low,4374.0,8824,5161.32
479,Camera,Electronics,Central,High,60596.0,6920,71503.28
480,Football,Sports,East,Low,298.0,2634,351.64
481,Stapler,Stationery,South,Low,56.0,3197,66.08
482,Laptop,Electronics,Central,Medium,73977.0,5245,87292.86
483,Dumbbell,Sports,South,High,2805.0,6747,3309.8999999999996
484,Stool,Furniture,West,Low,24059.0,7373,28389.62
485,Shoes,Clothing,East,Medium,416.0,1252,490.88
486,Keyboard,Electronics,East,Low,75150.0,7153,88677.0
487,Desk,Furniture,East,Low,47982.0,4790,56618.759999999995
488,Marker,Stationery,East,Medium,339.0,9169,400.02
489,Bench,Furniture,South,Low,19016.0,3236,22438.879999999997
490,Folder,Stationery,North,Low,258.0,5091,304.44
491,Table,Furniture,Central,Medium,31190.0,1854,36804.2
492,Table,Furniture,North,Medium,30275.0,3290,35724.5
494,Stapler,Stationery,Central,Medium,59.0,8610,69.61999999999999
495,Jeans,Clothing,West,Low,5650.0,6499,6667.0
497,Frisbee,Sports,South,Medium,1868.0,1791,2204.24
498,Pen,Stationery,North,Low,259.0,9608,305.62
499,T-Shirt,Clothing,South,Low,4627.0,9937,5459.86
500,Ball,Sports,Central,Low,8280.0,2266,9770.4
501,Marker,Stationery,South,Medium,149.0,1249,175.82
502,Folder,Stationery,North,High,110.0,7686,129.79999999999998
503,Dumbbell,Sports,East,Low,828.0,9912,977.04
504,Ruler,Stationery,East,Medium,457.0,5400,539.26
505,Sweater,Clothing,East,Medium,3337.0,7341,3937.66
507,Football,Sports,East,Medium,6326.0,4250,7464.679999999999
508,Phone,Electronics,Central,Medium,7689.0,6314,9073.019999999999
510,Belt,Clothing,East,Medium,3312.0,7206,3908.16
511,Pen,Stationery,West,High,146.0,6277,172.28
512,Speaker,Electronics,South,High,35924.0,8754,42390.32
513,Ruler,Stationery,Central,Low,123.0,2078,145.14
514,Dumbbell,Sports,Central,Low,2921.0,4909,3446.7799999999997
515,Sofa,Furniture,West,Low,44235.0,1708,52197.299999999996
516,Scissors,Stationery,East,High,428.0,7717,505.03999999999996
517,Lamp,Furniture,West,Low,24873.0,9562,29350.14
518,Net,Sports,West,Medium,4655.0,8310,5492.9
519,Mouse,Electronics,West,Medium,24073.0,3455,28406.14
520,Monitor,Electronics,East,Low,32346.0,9575,38168.28
522,Notebook,Stationery,Central,Low,377.0,6308,444.85999999999996
523,Marker,Stationery,East,High,56.0,9083,66.08
524,Headphones,Electronics,South,Low,39270.0,7088,46338.6
525,Mouse,Electronics,West,Low,39898.0,8060,47079.64
526,Net,Sports,East,Low,2271.0,4139,2679.7799999999997
527,Dumbbell,Sports,North,Medium,5547.0,2309,6545.46
528,Sweater,Clothing,West,Medium,4268.0,1419,5036.24
529,Charger,Electronics,Central,Low,61778.0,8145,72898.04
530,Scarf,Clothing,South,High,3803.0,3216,4487.54
531,Bat,Sports,South,Medium,6731.0,5816,7942.58
532,Dumbbell,Sports,West,Medium,2085.0,2263,2460.2999999999997
533,Bat,Sports,North,Low,3682.0,1901,4344.76
534,Table,Furniture,West,High,37569.0,7847,44331.42
535,Racket,Sports,West,High,2534.0,4117,2990.12
536,Bat,Sports,South,High,4650.0,2419,5487.0
537,Scissors,Stationery,East,Medium,162.0,9371,191.16
538,T-Shirt,Clothing,East,Low,3314.0,9840,3910.52
539,Folder,Stationery,South,Low,116.0,7124,136.88
540,Scarf,Clothing,Central,Low,2999.0,1838,3538.8199999999997
541,Notebook,Stationery,Central,Low,497.0,6301,586.4599999999999
542,Camera,Electronics,South,Medium,39411.0,4430,46504.979999999996
543,Frisbee,Sports,West,Low,7438.0,4329,8776.84
545,Charger,Electronics,West,Low,74739.0,3689,88192.01999999999
546,Shoes,Clothing,East,High,4578.0,3388,5402.04
547,Wardrobe,Furniture,North,Low,14713.0,1824,17361.34
548,Shoes,Clothing,East,Medium,3824.0,3536,4512.32
549,Monitor,Electronics,North,Low,59699.0,4812,70444.81999999999
550,Dumbbell,Sports,Central,Medium,5221.0,6314,6160.78
551,Helmet,Sports,South,High,3931.0,1539,4638.58
552,Scissors,Stationery,South,Medium,124.0,2533,146.32
553,Stool,Furniture,South,Medium,29671.0,7576,35011.78
554,Laptop,Electronics,East,Low,28787.0,9590,33968.659999999996
555,Ball,Sports,East,Low,441.0,9135,520.38
556,Headphones,Electronics,West,Low,40908.0,9859,48271.439999999995
557,Headphones,Electronics,South,Low,30976.0,5912,36551.68
558,Charger,Electronics,Central,Low,1372.0,3493,1618.9599999999998
559,Notebook,Stationery,South,Low,240.0,6399,283.2
560,Stapler,Stationery,North,Medium,162.0,8454,191.16
561,Speaker,Electronics,North,Medium,79265.0,1588,93532.7
562,Laptop,Electronics,Central,Medium,55333.0,3162,65292.939999999995
563,Gloves,Clothing,East,Low,5632.0,6889,6645.759999999999
564,Chair,Furniture,East,Low,43755.0,8868,51630.899999999994
565,Stapler,Stationery,East,Low,460.0,3507,542.8
566,Cap,Clothing,Central,Medium,2856.0,3687,3370.08
567,Football,Sports,North,Medium,6161.0,5644,7269.98
568,Belt,Clothing,South,High,2165.0,9762,2554.7
569,Helmet,Sports,North,Low,1029.0,4455,1214.22
570,Chair,Furniture,South,Low,18812.0,7946,22198.16
571,Gloves,Clothing,Central,Low,4867.0,2381,5743.0599999999995
572,Helmet,Sports,South,Low,8554.0,2018,10093.72
574,Racket,Sports,East,Low,7715.0,3995,9103.699999999999
575,Tablet,Electronics,West,Medium,5425.0,5011,6401.5
576,Wardrobe,Furniture,South,Low,24065.0,4338,28396.699999999997
577,Bookshelf,Furniture,East,Medium,5883.0,8859,6941.94
578,Mouse,Electronics,Central,Medium,10248.0,2026,12092.64
579,Desk,Furniture,East,Medium,7554.0,6721,8913.72
580,Racket,Sports,West,Medium,8280.0,5963,9770.4
581,Mouse,Electronics,Central,Low,51770.0,9404,61088.6
582,Highlighter,Stationery,Central,Medium,333.0,5128,392.94
583,Bookshelf,Furniture,South,Medium,38305.0,9071,45199.899999999994
584,Bat,Sports,West,Medium,6618.0,6613,7809.24
585,Sweater,Clothing,North,Low,5704.0,6563,6730.719999999999
586,Yoga Mat,Sports,East,Low,8162.0,2812,9631.16
587,Sweater,Clothing,West,Medium,3947.0,9935,4657.46
588,Chair,Furniture,East,Low,32035.0,5786,37801.299999999996
589,Pen,Stationery,East,Low,465.0,9817,548.6999999999999
590,Chair,Furniture,South,Medium,4221.0,4016,4980.78
591,Cap,Clothing,East,High,3168.0,6759,3738.24
592,Yoga Mat,Sports,East,Low,8452.0,4103,9973.359999999999
593,Cabinet,Furniture,Central,Low,12991.0,5028,15329.38
594,Gloves,Clothing,East,Medium,5739.0,9419,6772.0199999999995
595,Jacket,Clothing,East,Medium,821.0,6425,968.78
596,Cap,Clothing,East,Low,5616.0,7158,6626.879999999999
598,Speaker,Electronics,West,Low,68372.0,8518,80678.95999999999
599,Tablet,Electronics,West,Low,36780.0,9322,43400.399999999994
600,Keyboard,Electronics,South,Medium,38014.0,4960,44856.52
601,Ruler,Stationery,North,Low,218.0,7233,257.24
602,Socks,Clothing,East,Low,4911.0,1791,5794.98
603,Dumbbell,Sports,South,Low,1160.0,9528,1368.8
604,Lamp,Furniture,North,Medium,26598.0,6900,31385.64
605,Lamp,Furniture,East,High,32612.0,6257,38482.159999999996
606,Sweater,Clothing,North,Medium,3163.0,7316,3732.3399999999997
607,Cap,Clothing,North,Low,5301.0,7688,6255.179999999999
608,Table,Furniture,North,Low,36606.0,7745,43195.079999999994
609,Camera,Electronics,West,Low,53044.0,5724,62591.92
610,Camera,Electronics,West,Medium,6617.0,6006,7808.0599999999995
611,Highlighter,Stationery,East,Low,134.0,9987,158.12
612,Charger,Electronics,West,High,15784.0,3718,18625.12
613,Chair,Furniture,West,Low,23896.0,9188,28197.28
614,Glue,Stationery,South,Medium,83.0,9539,97.94
616,Jeans,Clothing,Central,Low,4900.0,8086,5782.0
617,Shoes,Clothing,Central,Medium,5766.0,3170,6803.879999999999
618,Bookshelf,Furniture,South,Medium,20020.0,7241,23623.6
619,Stapler,Stationery,West,Medium,150.0,9340,177.0
620,Highlighter,Stationery,South,High,168.0,2288,198.23999999999998
621,Notebook,Stationery,Central,Low,439.0,4578,518.02
624,Jeans,Clothing,West,Low,5356.0,6423,6320.08
625,Frisbee,Sports,South,Low,3573.0,9799,4216.139999999999
626,Headphones,Electronics,South,Low,67348.0,7134,79470.64
627,Camera,Electronics,North,Medium,53647.0,7701,63303.46
628,Desk,Furniture,East,High,23089.0,5124,27245.019999999997
629,Mouse,Electronics,Central,Low,60702.0,8449,71628.36
630,Table,Furniture,Central,Low,27902.0,4181,32924.36
631,Speaker,Electronics,North,Low,27113.0,4223,31993.339999999997
632,Marker,Stationery,Central,Medium,439.0,1375,518.02
634,Net,Sports,Central,Low,2831.0,6172,3340.58
635,Folder,Stationery,North,Low,99.0,7897,116.82
636,Mouse,Electronics,North,Low,21368.0,8721,25214.239999999998
637,Jeans,Clothing,East,Medium,4101.0,3102,4839.179999999999
638,Speaker,Electronics,Central,Low,52174.0,5127,61565.32
639,Headphones,Electronics,East,High,69224.0,7293,81684.31999999999
640,Cabinet,Furniture,South,Low,8782.0,9704,10362.76
641,T-Shirt,Clothing,North,High,904.0,1708,1066.72
642,Bench,Furniture,Central,High,22692.0,8565,26776.559999999998
643,Shoes,Clothing,North,Low,3104.0,2704,3662.72
644,Charger,Electronics,South,High,58876.0,8202,69473.68
645,Charger,Electronics,North,High,23347.0,4928,27549.46
646,Scarf,Clothing,Central,Low,4279.0,2027,5049.219999999999
647,Bookshelf,Furniture,North,Low,16191.0,1627,19105.379999999997
648,Chair,Furniture,South,High,3994.0,7586,4712.92
649,Bookshelf,Furniture,North,High,43353.0,7778,51156.54
650,Notebook,Stationery,South,Low,255.0,2700,300.9
651,Monitor,Electronics,South,High,22540.0,6296,26597.199999999997
653,Speaker,Electronics,North,Medium,79130.0,9806,93373.4
654,Laptop,Electronics,Central,Medium,61110.0,1125,72109.8
655,Helmet,Sports,North,Low,8456.0,8503,9978.08
656,Chair,Furniture,South,Medium,8735.0,2414,10307.3
657,Football,Sports,East,Medium,1589.0,2661,1875.02
658,Tablet,Electronics,East,Low,39960.0,6486,47152.799999999996
659,Desk,Furniture,North,Low,8949.0,4504,10559.82
660,Yoga Mat,Sports,West,High,3604.0,2307,4252.719999999999
661,Laptop,Electronics,North,Medium,18899.0,8057,22300.82
662,Monitor,Electronics,Central,High,59099.0,3197,69736.81999999999
663,Folder,Stationery,East,Low,205.0,8256,241.89999999999998
664,Stool,Furniture,Central,High,22862.0,5091,26977.16
665,Keyboard,Electronics,Central,Low,31448.0,6845,37108.64
667,Chair,Furniture,North,High,22056.0,6520,26026.079999999998
668,Pen,Stationery,Central,Low,244.0,9698,287.91999999999996
669,Speaker,Electronics,South,High,54612.0,9500,64442.159999999996
670,Headphones,Electronics,South,Low,2986.0,8067,3523.48
671,Monitor,Electronics,Central,Low,23014.0,5658,27156.519999999997
672,Shoes,Clothing,East,Low,426.0,4427,502.67999999999995
673,Highlighter,Stationery,Central,Low,45.0,7408,53.099999999999994
675,Pen,Stationery,South,Medium,379.0,9360,447.21999999999997
676,Eraser,Stationery,South,High,140.0,7700,165.2
677,Stool,Furniture,North,High,31687.0,4375,37390.659999999996
678,Keyboard,Electronics,South,Low,28577.0,6497,33720.86
679,Highlighter,Stationery,North,High,47.0,3589,55.459999999999994
680,Net,Sports,East,Low,2503.0,1937,2953.54
682,Notebook,Stationery,East,High,76.0,6822,89.67999999999999
683,Ruler,Stationery,South,Low,413.0,7069,487.34
684,Stapler,Stationery,Central,Medium,456.0,3716,538.0799999999999
685,Scissors,Stationery,North,Low,109.0,7294,128.62
687,Socks,Clothing,South,Low,4071.0,2897,4803.78
688,Mouse,Electronics,Central,Medium,13485.0,8945,15912.3
689,Jacket,Clothing,South,Low,697.0,2112,822.4599999999999
690,Glue,Stationery,West,Low,489.0,1938,577.02
691,Speaker,Electronics,South,Low,29494.0,7163,34802.92
692,Laptop,Electronics,West,Medium,32622.0,9363,38493.96
693,Marker,Stationery,North,Low,145.0,8551,171.1
694,Chair,Furniture,West,Medium,7918.0,6918,9343.24
695,Phone,Electronics,West,Low,24789.0,9432,29251.019999999997
696,Mouse,Electronics,North,Medium,31882.0,3282,37620.759999999995
697,Stapler,Stationery,West,High,494.0,1684,582.92
698,Stapler,Stationery,South,Low,244.0,2342,287.91999999999996
699,Shoes,Clothing,North,Low,1350.0,5988,1593.0
702,Ruler,Stationery,West,Medium,118.0,4545,139.23999999999998
703,Stool,Furniture,South,Low,31422.0,6272,37077.96
704,Keyboard,Electronics,South,Low,4208.0,3655,4965.44
705,Desk,Furniture,South,Medium,18398.0,8783,21709.64
706,Football,Sports,West,Low,4089.0,5487,4825.0199999999995
707,Jacket,Clothing,South,High,1308.0,1932,1543.4399999999998
708,Bookshelf,Furniture,West,Low,39877.0,7699,47054.86
709,Highlighter,Stationery,South,High,499.0,7680,588.8199999999999
710,Laptop,Electronics,West,High,14845.0,5745,17517.1
712,Cap,Clothing,Central,Medium,3855.0,9690,4548.9
713,Dumbbell,Sports,Central,High,3306.0,5150,3901.08
714,Yoga Mat,Sports,South,High,4338.0,7750,5118.84
715,Ruler,Stationery,East,Medium,47.0,1935,55.459999999999994
716,Skipping Rope,Sports,South,Medium,307.0,6571,362.26
717,Stool,Furniture,East,Medium,16763.0,2457,19780.34
718,Wardrobe,Furniture,West,Low,10277.0,4809,12126.859999999999
719,Glue,Stationery,West,Medium,402.0,4646,474.35999999999996
720,Lamp,Furniture,North,Low,10412.0,7894,12286.16
721,Mouse,Electronics,Central,Low,44720.0,6827,52769.6
722,Scissors,Stationery,East,Low,256.0,3636,302.08
723,Socks,Clothing,North,High,2593.0,4342,3059.74
724,Bench,Furniture,South,Low,21216.0,3677,25034.879999999997
726,Charger,Electronics,Central,Low,74686.0,2147,88129.48
727,Monitor,Electronics,North,Medium,1715.0,3859,2023.6999999999998
728,Marker,Stationery,North,Low,52.0,4249,61.36
729,Stool,Furniture,East,Low,24367.0,7838,28753.059999999998
730,Cap,Clothing,East,Low,887.0,5350,1046.6599999999999
731,Phone,Electronics,Central,Low,35665.0,6384,42084.7
732,Ruler,Stationery,West,Low,319.0,1839,376.41999999999996
733,Cabinet,Furniture,West,Low,2589.0,2182,3055.02
734,Jeans,Clothing,North,Medium,1767.0,8408,2085.06
735,Shoes,Clothing,Central,Low,5635.0,8134,6649.299999999999
736,Desk,Furniture,South,High,15641.0,8492,18456.379999999997
737,Lamp,Furniture,Central,Low,36440.0,1935,42999.2
738,Headphones,Electronics,North,Low,39316.0,8442,46392.88
739,Helmet,Sports,South,Low,5247.0,5272,6191.46
740,Sofa,Furniture,North,Low,23709.0,6073,27976.62
741,Socks,Clothing,Central,Medium,655.0,6169,772.9
742,Camera,Electronics,North,Low,32178.0,5016,37970.04
743,T-Shirt,Clothing,South,Low,4351.0,6944,5134.179999999999
744,Belt,Clothing,East,Medium,1070.0,7341,1262.6
745,Scarf,Clothing,North,Low,5676.0,8366,6697.679999999999
746,Eraser,Stationery,West,Medium,200.0,6155,236.0
747,Bat,Sports,North,Medium,1589.0,5564,1875.02
748,Desk,Furniture,Central,Low,32031.0,1575,37796.579999999994
749,Pen,Stationery,East,Low,53.0,2540,62.54
750,Laptop,Electronics,East,High,18900.0,2157,22302.0
751,Stapler,Stationery,Central,Medium,218.0,3845,257.24
752,Sweater,Clothing,East,Low,2189.0,2916,2583.02
753,Camera,Electronics,West,Low,25442.0,5730,30021.559999999998
754,Sweater,Clothing,South,Medium,1261.0,9045,1487.98
755,Speaker,Electronics,East,High,4825.0,8687,5693.5
756,Bench,Furniture,East,Low,49300.0,6596,58174.0
757,Cabinet,Furniture,North,High,16685.0,1170,19688.3
758,Highlighter,Stationery,North,High,497.0,4734,586.4599999999999
759,Folder,Stationery,East,Low,326.0,7197,384.68
760,Pen,Stationery,South,Low,356.0,5003,420.08
761,Monitor,Electronics,South,High,34389.0,6339,40579.02
762,Sweater,Clothing,East,Low,4616.0,1898,5446.88
763,Stapler,Stationery,East,High,81.0,9889,95.58
764,Speaker,Electronics,West,High,62832.0,4508,74141.76
765,Glue,Stationery,South,Low,70.0,1425,82.6
766,Headphones,Electronics,East,Low,10068.0,1860,11880.24
767,Stool,Furniture,West,Low,32737.0,6077,38629.659999999996
768,Skipping Rope,Sports,East,High,5254.0,6771,6199.719999999999
770,Sweater,Clothing,North,High,5652.0,4414,6669.36
771,Ruler,Stationery,East,High,347.0,3045,409.46
773,Cabinet,Furniture,North,Low,20570.0,6842,24272.6
774,Headphones,Electronics,Central,High,29905.0,8101,35287.9
775,Cabinet,Furniture,North,High,14720.0,6390,17369.6
777,Bench,Furniture,West,High,38272.0,3688,45160.96
778,Desk,Furniture,Central,High,8892.0,6926,10492.56
779,Laptop,Electronics,South,Medium,67050.0,4524,79119.0
780,Skipping Rope,Sports,South,Medium,2504.0,8180,2954.72
781,Keyboard,Electronics,South,Medium,35166.0,4830,41495.88
782,Shoes,Clothing,Central,Medium,643.0,1092,758.74
783,Stapler,Stationery,South,Medium,128.0,3874,151.04
784,Bench,Furniture,South,High,14738.0,2799,17390.84
785,Gloves,Clothing,South,Low,3676.0,1861,4337.679999999999
786,T-Shirt,Clothing,West,High,770.0,7800,908.5999999999999
787,Table,Furniture,West,Low,15685.0,6505,18508.3
788,Shoes,Clothing,South,Low,3559.0,8143,4199.62
789,Folder,Stationery,South,Medium,238.0,4164,280.84
790,Dumbbell,Sports,North,Medium,3158.0,8206,3726.4399999999996
791,Skipping Rope,Sports,West,High,7873.0,8730,9290.14
793,Jeans,Clothing,West,Low,3682.0,7421,4344.76
794,Stool,Furniture,Central,Medium,4229.0,8811,4990.219999999999
795,Ruler,Stationery,West,High,327.0,1064,385.85999999999996
796,Table,Furniture,West,Medium,40167.0,4599,47397.06
797,Stapler,Stationery,Central,Medium,343.0,2891,404.73999999999995
798,Desk,Furniture,Central,Low,32932.0,5500,38859.759999999995
799,Ruler,Stationery,North,Low,282.0,6326,332.76
800,Jeans,Clothing,East,Low,5194.0,5269,6128.92
802,Folder,Stationery,West,Low,363.0,2240,428.34
803,Bookshelf,Furniture,North,Medium,10713.0,4735,12641.34
804,Desk,Furniture,West,Low,49565.0,2754,58486.7
805,Wardrobe,Furniture,Central,High,7371.0,3434,8697.779999999999
806,Shoes,Clothing,North,Medium,3360.0,3940,3964.7999999999997
807,Racket,Sports,East,Low,1066.0,1639,1257.8799999999999
808,Tablet,Electronics,South,Low,22437.0,4235,26475.66
809,Dumbbell,Sports,South,Low,7268.0,7701,8576.24
810,Eraser,Stationery,South,Low,22.0,3868,25.959999999999997
811,Sofa,Furniture,South,Medium,42527.0,1965,50181.86
812,Belt,Clothing,Central,Medium,474.0,9967,559.3199999999999
813,Bat,Sports,West,Low,527.0,6521,621.86
814,Belt,Clothing,South,High,4794.0,9138,5656.92
815,Cabinet,Furniture,South,Medium,1801.0,9435,2125.18
816,Tablet,Electronics,West,Medium,25979.0,7697,30655.219999999998
817,Eraser,Stationery,Central,High,324.0,7170,382.32
818,Lamp,Furniture,South,Medium,41778.0,6346,49298.04
819,Ruler,Stationery,East,High,182.0,9946,214.76
820,Cap,Clothing,North,Low,580.0,2353,684.4
821,Yoga Mat,Sports,East,Medium,7150.0,1071,8437.0
822,Charger,Electronics,South,Low,37459.0,8133,44201.619999999995
823,Cap,Clothing,North,Medium,5514.0,1584,6506.5199999999995
824,Cap,Clothing,South,Low,2314.0,7070,2730.52
825,Wardrobe,Furniture,Central,High,29467.0,5548,34771.06
826,Socks,Clothing,West,Medium,5912.0,2943,6976.16
827,Monitor,Electronics,East,Low,72103.0,3148,85081.54
829,T-Shirt,Clothing,North,Low,481.0,8684,567.5799999999999
830,Camera,Electronics,East,High,25488.0,2967,30075.84
831,Wardrobe,Furniture,East,Low,12234.0,4655,14436.119999999999
832,Shoes,Clothing,East,Low,699.0,5946,824.8199999999999
833,Keyboard,Electronics,Central,Medium,59336.0,7821,70016.48
834,Socks,Clothing,North,Medium,2100.0,8878,2478.0
835,Helmet,Sports,East,Low,2111.0,7637,2490.98
836,Sofa,Furniture,West,Low,19053.0,2620,22482.539999999997
837,Skipping Rope,Sports,Central,Low,5766.0,7024,6803.879999999999
838,Jeans,Clothing,South,Low,2515.0,7308,2967.7
839,Football,Sports,South,Low,619.0,8508,730.42
840,Camera,Electronics,West,Medium,74996.0,6936,88495.28
841,Shoes,Clothing,Central,High,5646.0,6903,6662.28
842,Bench,Furniture,South,Low,48014.0,2054,56656.52
843,T-Shirt,Clothing,South,Medium,1885.0,2935,2224.2999999999997
844,Chair,Furniture,East,High,14159.0,1029,16707.62
845,Notebook,Stationery,West,Low,153.0,1144,180.54
846,Yoga Mat,Sports,East,High,8878.0,1214,10476.039999999999
847,Helmet,Sports,South,High,3822.0,2992,4509.96
848,Highlighter,Stationery,Central,High,355.0,7636,418.9
849,Phone,Electronics,Central,High,56834.0,5430,67064.12
850,Racket,Sports,West,Low,511.0,1892,602.98
851,Gloves,Clothing,Central,Medium,1519.0,6987,1792.4199999999998
852,Racket,Sports,East,High,6213.0,3321,7331.339999999999
853,Sofa,Furniture,South,Low,40070.0,3044,47282.6
854,Lamp,Furniture,Central,Medium,7795.0,7761,9198.1
855,Belt,Clothing,North,Medium,2134.0,4878,2518.12
856,Headphones,Electronics,East,Low,13335.0,7349,15735.3
857,Socks,Clothing,West,Medium,2021.0,1801,2384.7799999999997
858,Belt,Clothing,South,High,5148.0,4247,6074.639999999999
859,Camera,Electronics,North,Medium,12845.0,2291,15157.099999999999
860,Cap,Clothing,North,Medium,3861.0,3534,4555.98
861,Lamp,Furniture,West,Low,8457.0,8026,9979.26
862,Bench,Furniture,North,Low,49663.0,3565,58602.34
863,Camera,Electronics,Central,Low,7461.0,4133,8803.98
864,Yoga Mat,Sports,South,Low,3582.0,8436,4226.76
865,Headphones,Electronics,West,Low,30393.0,2654,35863.74
866,Cabinet,Furniture,North,Medium,20353.0,6488,24016.539999999997
867,Lamp,Furniture,East,Low,27763.0,8056,32760.339999999997
868,Monitor,Electronics,North,Low,72373.0,5311,85400.14
869,Keyboard,Electronics,Central,Medium,34360.0,9120,40544.799999999996
870,Skipping Rope,Sports,East,Low,7908.0,2099,9331.439999999999
871,Sweater,Clothing,South,Medium,406.0,1740,479.08
872,Phone,Electronics,East,Low,30166.0,5395,35595.88
873,Stapler,Stationery,East,Low,433.0,8172,510.94
874,Jacket,Clothing,North,Low,4655.0,4853,5492.9
875,Lamp,Furniture,North,Low,26442.0,4620,31201.559999999998
876,Monitor,Electronics,North,High,12237.0,6215,14439.66
877,Frisbee,Sports,West,High,8885.0,9499,10484.3
878,Stool,Furniture,East,Low,24747.0,4646,29201.46
879,Net,Sports,Central,Low,516.0,4038,608.88
880,Speaker,Electronics,East,Low,59641.0,9476,70376.37999999999
881,Shoes,Clothing,Central,Medium,4656.0,7586,5494.08
882,Camera,Electronics,West,Low,29107.0,6864,34346.259999999995
883,Eraser,Stationery,East,Low,194.0,4397,228.92
885,Bat,Sports,East,Low,680.0,9597,802.4
886,Marker,Stationery,East,Low,65.0,4047,76.7
888,Table,Furniture,West,High,30286.0,3545,35737.479999999996
889,Stapler,Stationery,South,Medium,190.0,5020,224.2
890,Notebook,Stationery,South,High,228.0,3495,269.03999999999996
891,Ruler,Stationery,North,Low,149.0,7512,175.82
892,Net,Sports,North,Low,3194.0,1181,3768.9199999999996
894,Bookshelf,Furniture,North,Medium,39033.0,5813,46058.939999999995
895,Headphones,Electronics,South,Low,78007.0,6275,92048.26
896,Laptop,Electronics,Central,Low,12997.0,3004,15336.46
897,Bookshelf,Furniture,West,Low,28792.0,1252,33974.56
898,Chair,Furniture,East,High,17253.0,7920,20358.539999999997
900,Net,Sports,East,Low,8000.0,1223,9440.0
901,Keyboard,Electronics,West,Low,24162.0,8692,28511.16
902,Yoga Mat,Sports,South,Medium,1863.0,8215,2198.3399999999997
904,Monitor,Electronics,East,Low,54984.0,5739,64881.119999999995
905,Ruler,Stationery,East,High,96.0,9648,113.28
906,Jeans,Clothing,East,Low,4632.0,7349,5465.759999999999
907,Glue,Stationery,Central,Medium,298.0,2383,351.64
908,Dumbbell,Sports,North,Low,8866.0,3253,10461.88
909,Pen,Stationery,East,Low,21.0,6912,24.779999999999998
910,Cabinet,Furniture,North,Low,44916.0,9708,53000.88
911,Socks,Clothing,West,Low,1611.0,8491,1900.9799999999998
912,Table,Furniture,North,Low,15898.0,6255,18759.64
913,T-Shirt,Clothing,West,Medium,1818.0,2105,2145.24
914,Sofa,Furniture,East,High,34383.0,3812,40571.939999999995
915,Dumbbell,Sports,East,Medium,2345.0,2823,2767.1
916,Lamp,Furniture,East,Low,14680.0,4640,17322.399999999998
917,Socks,Clothing,Central,Low,3182.0,3689,3754.7599999999998
918,Phone,Electronics,North,Medium,5550.0,9391,6549.0
920,Helmet,Sports,West,Low,7587.0,3989,8952.66
921,Table,Furniture,East,Medium,10130.0,2082,11953.4
922,Laptop,Electronics,Central,Medium,7831.0,5793,9240.58
923,Folder,Stationery,North,High,235.0,5602,277.3
924,Bat,Sports,North,Medium,3879.0,8930,4577.219999999999
925,Frisbee,Sports,South,Low,7752.0,8470,9147.359999999999
926,Bookshelf,Furniture,East,Low,34955.0,6007,41246.9
927,T-Shirt,Clothing,South,Low,3802.0,7032,4486.36
928,Belt,Clothing,East,Medium,417.0,6848,492.06
929,Shoes,Clothing,South,Low,5590.0,3560,6596.2
930,Racket,Sports,West,High,7880.0,4434,9298.4
931,Bookshelf,Furniture,East,Medium,7683.0,6711,9065.939999999999
932,Mouse,Electronics,East,Low,77044.0,6172,90911.92
933,T-Shirt,Clothing,East,Low,1329.0,3055,1568.22
934,Lamp,Furniture,North,Medium,45943.0,8652,54212.74
935,Sweater,Clothing,South,High,1479.0,9348,1745.2199999999998
936,Table,Furniture,South,Medium,29943.0,3439,35332.74
937,Monitor,Electronics,Central,High,22335.0,9809,26355.3
939,Stool,Furniture,North,High,43838.0,9813,51728.84
940,Shoes,Clothing,East,Medium,5070.0,3817,5982.599999999999
941,Glue,Stationery,North,Low,43.0,3582,50.739999999999995
942,Stapler,Stationery,East,Medium,385.0,1981,454.29999999999995
943,Bat,Sports,South,Low,1527.0,2413,1801.86
944,Eraser,Stationery,South,Low,163.0,4656,192.34
945,Marker,Stationery,West,Low,124.0,2875,146.32
947,Bookshelf,Furniture,East,Low,26942.0,9740,31791.559999999998
948,Shoes,Clothing,East,Low,5268.0,9390,6216.24
949,Sweater,Clothing,Central,Medium,4099.0,7657,4836.82
950,Shoes,Clothing,North,Medium,3979.0,5015,4695.219999999999
951,Football,Sports,North,Low,6194.0,8059,7308.919999999999
952,Laptop,Electronics,East,Medium,21884.0,8700,25823.12
953,Lamp,Furniture,West,Medium,49231.0,3338,58092.579999999994
954,T-Shirt,Clothing,East,Low,3817.0,9517,4504.0599999999995
955,Helmet,Sports,East,Low,945.0,5701,1115.1
956,Camera,Electronics,East,Medium,22483.0,2116,26529.94
957,Notebook,Stationery,East,Medium,325.0,9213,383.5
958,Jeans,Clothing,North,Medium,2658.0,8273,3136.44
959,Jeans,Clothing,West,High,3313.0,6271,3909.3399999999997
960,Sweater,Clothing,West,Medium,4756.0,2794,5612.08
961,Bat,Sports,West,Low,3476.0,7385,4101.679999999999
962,Net,Sports,East,Low,8657.0,3435,10215.26
963,Marker,Stationery,North,Medium,223.0,8280,263.14
964,Highlighter,Stationery,West,Medium,42.0,2788,49.559999999999995
965,Cap,Clothing,Central,Medium,358.0,6965,422.44
966,Stool,Furniture,North,Low,11403.0,2335,13455.539999999999
967,Speaker,Electronics,South,Medium,10437.0,7829,12315.66
968,Cap,Clothing,Central,Low,584.0,2598,689.12
969,Yoga Mat,Sports,East,Medium,1982.0,2048,2338.7599999999998
970,Helmet,Sports,Central,High,4701.0,5741,5547.179999999999
971,Bench,Furniture,West,Low,31409.0,5900,37062.619999999995
972,Net,Sports,Central,Low,8610.0,4749,10159.8
973,Pen,Stationery,East,Medium,267.0,6047,315.06
974,Marker,Stationery,West,High,272.0,4949,320.96
975,Scarf,Clothing,East,High,5212.0,3210,6150.16
976,Racket,Sports,Central,Low,4366.0,3874,5151.88
977,Folder,Stationery,Central,High,214.0,2572,252.51999999999998
978,Pen,Stationery,South,Low,342.0,7874,403.56
979,Headphones,Electronics,West,Low,56883.0,5682,67121.94
980,Gloves,Clothing,West,Medium,1739.0,3307,2052.02
981,Dumbbell,Sports,Central,Low,1486.0,2246,1753.48
982,Racket,Sports,East,High,4535.0,8523,5351.299999999999
983,Socks,Clothing,East,Medium,1706.0,3896,2013.08
984,Chair,Furniture,South,High,36240.0,6514,42763.2
985,Speaker,Electronics,South,Low,73407.0,6391,86620.26
986,Folder,Stationery,North,Low,212.0,8135,250.16
987,Cabinet,Furniture,West,Low,42874.0,1006,50591.32
988,Headphones,Electronics,West,Low,4383.0,8569,5171.94
989,Gloves,Clothing,Central,Low,3873.0,1958,4570.139999999999
990,Highlighter,Stationery,North,High,73.0,1344,86.14
991,Skipping Rope,Sports,Central,Low,6680.0,9843,7882.4
992,Cap,Clothing,East,Low,1767.0,6502,2085.06
994,Dumbbell,Sports,Central,Low,5610.0,5263,6619.799999999999
995,Scissors,Stationery,Central,Low,246.0,6205,290.28
996,Charger,Electronics,South,High,33735.0,3091,39807.299999999996
997,Sofa,Furniture,South,Low,23411.0,6460,27624.98
998,Scarf,Clothing,North,Medium,1620.0,1948,1911.6
1000,Sweater,Clothing,Central,High,3588.0,3265,4233.84
1001,Charger,Electronics,West,Low,41155.0,7811,48562.899999999994
1002,T-Shirt,Clothing,Central,Low,505.0,8064,595.9
1003,Bookshelf,Furniture,East,High,3258.0,1908,3844.4399999999996
1004,Scarf,Clothing,West,High,1008.0,6170,1189.4399999999998
1005,Keyboard,Electronics,East,Low,9782.0,9634,11542.76
1006,Jeans,Clothing,West,Low,5595.0,8081,6602.099999999999
1007,Frisbee,Sports,North,Low,7844.0,5983,9255.92
1008,Charger,Electronics,West,Medium,37448.0,1045,44188.64
1009,Shoes,Clothing,East,Medium,3303.0,1860,3897.54
1010,Folder,Stationery,Central,Low,432.0,1477,509.76
1011,Scarf,Clothing,Central,Medium,4953.0,8831,5844.54
1012,Ruler,Stationery,North,Medium,494.0,3421,582.92
1013,Notebook,Stationery,South,Low,341.0,5301,402.38
1014,Cabinet,Furniture,South,Medium,48554.0,6332,57293.719999999994
1015,Frisbee,Sports,South,High,1804.0,9454,2128.72
1016,Socks,Clothing,South,High,1633.0,5733,1926.9399999999998
1018,Monitor,Electronics,North,Low,73003.0,2052,86143.54
1019,Glue,Stationery,North,Low,78.0,9876,92.03999999999999
1020,Charger,Electronics,North,High,61435.0,3345,72493.3
1021,Jeans,Clothing,South,High,1460.0,4753,1722.8
1022,Laptop,Electronics,East,Low,25046.0,9546,29554.28
1023,Stapler,Stationery,South,Low,359.0,3380,423.62
1024,Skipping Rope,Sports,East,High,3155.0,7094,3722.8999999999996
1025,Bookshelf,Furniture,North,Medium,9486.0,6017,11193.48
1026,Camera,Electronics,East,Low,38139.0,8646,45004.02
1027,Racket,Sports,West,Low,5868.0,3946,6924.24
1028,Bookshelf,Furniture,North,High,1939.0,7573,2288.02
1029,Monitor,Electronics,South,Low,8107.0,7704,9566.26
1030,Jeans,Clothing,North,Low,1847.0,8137,2179.46
1031,Eraser,Stationery,Central,Low,445.0,7308,525.1
1032,Camera,Electronics,West,Low,16569.0,6330,19551.42
1033,Cap,Clothing,South,High,5430.0,5975,6407.4
1035,Sweater,Clothing,East,Low,3436.0,9224,4054.4799999999996
1036,Wardrobe,Furniture,West,Low,1901.0,7264,2243.18
1037,Scissors,Stationery,North,Medium,380.0,7428,448.4
1038,Lamp,Furniture,West,Medium,20359.0,8669,24023.62
1039,Highlighter,Stationery,West,Medium,328.0,5160,387.03999999999996
1040,Bat,Sports,West,Medium,559.0,9785,659.62
1041,Socks,Clothing,South,Low,365.0,7735,430.7
1042,Chair,Furniture,North,Medium,16002.0,4322,18882.36
1043,Socks,Clothing,Central,Medium,5819.0,8099,6866.42
1044,Scissors,Stationery,North,Low,167.0,8327,197.06
1045,Socks,Clothing,Central,Low,1607.0,9310,1896.26
1046,Yoga Mat,Sports,East,Low,5317.0,8311,6274.0599999999995
1047,Mouse,Electronics,Central,Medium,8237.0,1922,9719.66
1048,Folder,Stationery,North,High,131.0,5893,154.57999999999998
1049,Belt,Clothing,West,Medium,548.0,3831,646.64
1050,Chair,Furniture,West,Low,36077.0,5946,42570.86
1051,Pen,Stationery,South,Medium,345.0,3036,407.09999999999997
1052,Phone,Electronics,West,Low,54024.0,5574,63748.32
1053,Eraser,Stationery,South,Low,249.0,8426,293.82
1054,Stapler,Stationery,Central,Medium,425.0,2067,501.5
1055,Lamp,Furniture,East,Medium,36396.0,2641,42947.28
1057,Sweater,Clothing,East,Low,2103.0,4611,2481.54
1058,Marker,Stationery,East,Medium,254.0,7202,299.71999999999997
1059,Laptop,Electronics,Central,High,5103.0,7361,6021.54
1060,Eraser,Stationery,South,Low,342.0,4430,403.56
1061,T-Shirt,Clothing,West,Medium,1986.0,1009,2343.48
1062,Folder,Stationery,South,Medium,236.0,4375,278.47999999999996
1063,Ruler,Stationery,West,Medium,383.0,6091,451.94
1064,Socks,Clothing,North,Low,3054.0,4164,3603.72
1065,Racket,Sports,South,Low,4826.0,3420,5694.679999999999
1066,Camera,Electronics,East,Medium,55395.0,8454,65366.1
1067,Ruler,Stationery,East,Low,496.0,1215,585.28
1068,Table,Furniture,South,Low,14506.0,5308,17117.079999999998
1069,Notebook,Stationery,East,Low,272.0,5461,320.96
1070,Bookshelf,Furniture,East,Low,25566.0,9325,30167.879999999997
1071,Cabinet,Furniture,East,Low,30740.0,6998,36273.2
1072,Football,Sports,North,Low,4445.0,8791,5245.099999999999
1073,Socks,Clothing,South,Low,2313.0,2615,2729.3399999999997
1074,Bookshelf,Furniture,South,Low,47413.0,3142,55947.34
1075,Skipping Rope,Sports,East,High,6268.0,4151,7396.24
1077,Notebook,Stationery,North,Low,70.0,9407,82.6
1078,Racket,Sports,North,Medium,2584.0,3073,3049.12
1081,Scarf,Clothing,South,Low,4317.0,2923,5094.0599999999995
1082,Shoes,Clothing,Central,Medium,2960.0,2677,3492.7999999999997
1083,Wardrobe,Furniture,East,Low,6623.0,9860,7815.139999999999
1084,Camera,Electronics,West,High,61871.0,6614,73007.78
1086,Highlighter,Stationery,West,Low,382.0,2350,450.76
1087,Bat,Sports,Central,Low,8780.0,8185,10360.4
1088,Net,Sports,East,High,6875.0,5432,8112.5
1089,Bat,Sports,East,Low,3545.0,4438,4183.099999999999
1090,Sofa,Furniture,North,High,45069.0,5417,53181.42
1091,Stool,Furniture,West,Low,1714.0,1934,2022.52
1092,Ball,Sports,West,High,842.0,3228,993.56
1093,Scarf,Clothing,South,Low,4396.0,3153,5187.28
1094,Yoga Mat,Sports,East,Low,4069.0,6962,4801.42
1095,Ball,Sports,Central,Medium,3150.0,4525,3717.0
1096,Desk,Furniture,North,Low,22024.0,1771,25988.32
1097,Jacket,Clothing,North,Low,4112.0,4456,4852.16
1098,Cap,Clothing,South,Low,5781.0,8704,6821.58
1099,Desk,Furniture,East,Medium,15195.0,2938,17930.1
1100,Stool,Furniture,North,Low,23407.0,9453,27620.26
1101,Football,Sports,South,High,929.0,1118,1096.22
1102,Gloves,Clothing,West,Medium,1256.0,7903,1482.08
1103,Keyboard,Electronics,South,Medium,48610.0,3415,57359.799999999996
1104,Cap,Clothing,East,Low,5189.0,1277,6123.0199999999995
1105,Pen,Stationery,West,Low,99.0,7012,116.82
1106,Headphones,Electronics,Central,Low,7932.0,5684,9359.76
1107,Socks,Clothing,North,High,2126.0,4949,2508.68
1108,Cap,Clothing,West,Low,1156.0,6987,1364.08
1109,Tablet,Electronics,Central,High,61392.0,1991,72442.56
1110,Shoes,Clothing,North,Medium,3846.0,8757,4538.28
1111,Racket,Sports,North,Medium,278.0,5089,328.03999999999996
1112,Ball,Sports,Central,Low,5763.0,6320,6800.339999999999
1113,Mouse,Electronics,Central,High,25026.0,9485,29530.679999999997
1114,Pen,Stationery,East,High,19.0,7724,22.419999999999998
1115,Racket,Sports,Central,Low,705.0,6276,831.9
1116,Helmet,Sports,South,High,8928.0,9442,10535.039999999999
1117,Folder,Stationery,Central,Medium,238.0,3556,280.84
1118,Folder,Stationery,West,Low,321.0,4151,378.78
1119,Jacket,Clothing,South,Medium,1620.0,5996,1911.6
1120,Scarf,Clothing,West,Low,3190.0,7971,3764.2
1121,Stapler,Stationery,Central,Low,115.0,5449,135.7
1122,Sofa,Furniture,East,High,31694.0,4389,37398.92
1123,Sofa,Furniture,East,High,37109.0,8096,43788.619999999995
1124,Chair,Furniture,East,Low,8648.0,9181,10204.64
1125,Highlighter,Stationery,South,High,432.0,6674,509.76
1126,Charger,Electronics,North,Medium,4194.0,5228,4948.92
1127,Ball,Sports,Central,High,3307.0,9917,3902.2599999999998
1128,Eraser,Stationery,North,High,166.0,2921,195.88
1129,Socks,Clothing,Central,Low,1025.0,6307,1209.5
1130,Folder,Stationery,East,Medium,129.0,1710,152.22
1131,Charger,Electronics,West,Low,25671.0,6565,30291.78
1132,Marker,Stationery,South,High,346.0,5837,408.28
1133,Bench,Furniture,North,Medium,3510.0,9418,4141.8
1134,Skipping Rope,Sports,South,Medium,7021.0,8672,8284.779999999999
1135,Desk,Furniture,East,High,2709.0,3344,3196.62
1136,Charger,Electronics,North,Medium,18085.0,2776,21340.3
1137,Racket,Sports,West,Medium,4987.0,3192,5884.66
1138,Jacket,Clothing,West,Low,1239.0,3220,1462.02
1139,Dumbbell,Sports,Central,Low,6209.0,2439,7326.62
1140,Dumbbell,Sports,Central,High,1701.0,9777,2007.1799999999998
1141,Frisbee,Sports,North,Medium,1746.0,6379,2060.2799999999997
1142,Scissors,Stationery,North,Medium,61.0,7905,71.97999999999999
1143,Glue,Stationery,North,Low,399.0,3047,470.82
1144,Glue,Stationery,East,Medium,483.0,8547,569.9399999999999
1145,Tablet,Electronics,East,Low,68472.0,6153,80796.95999999999
1146,Tablet,Electronics,Central,Low,47873.0,6939,56490.14
1147,Cap,Clothing,South,High,2699.0,4196,3184.8199999999997
1148,T-Shirt,Clothing,North,High,4532.0,9839,5347.759999999999
1149,Cabinet,Furniture,Central,Medium,10238.0,2686,12080.84
1151,Desk,Furniture,South,Low,17025.0,3501,20089.5
1152,Belt,Clothing,South,Low,4521.0,7520,5334.78
1153,Cap,Clothing,North,High,2101.0,5983,2479.18
1154,Skipping Rope,Sports,North,Low,2219.0,8383,2618.42
1155,Bench,Furniture,Central,High,36177.0,1118,42688.86
1156,Belt,Clothing,Central,Low,2966.0,7518,3499.8799999999997
1157,Highlighter,Stationery,North,Medium,33.0,8684,38.94
1158,Phone,Electronics,Central,Low,31702.0,8333,37408.36
1159,Mouse,Electronics,Central,High,74423.0,6052,87819.14
1160,Frisbee,Sports,Central,Low,3710.0,2233,4377.8
1161,Jeans,Clothing,Central,Low,1233.0,4417,1454.9399999999998
1162,Bookshelf,Furniture,South,Low,3033.0,5692,3578.9399999999996
1163,Laptop,Electronics,Central,Low,74738.0,5912,88190.84
1164,Racket,Sports,West,Low,4835.0,2597,5705.299999999999
1165,Gloves,Clothing,East,Low,4352.0,9001,5135.36
1166,Bookshelf,Furniture,East,Low,41553.0,2822,49032.54
1167,Notebook,Stationery,Central,Low,188.0,2840,221.83999999999997
1168,Glue,Stationery,East,High,82.0,1379,96.75999999999999
1169,Ball,Sports,West,Medium,5291.0,9222,6243.38
1170,Laptop,Electronics,East,Low,54823.0,6427,64691.14
1171,Ruler,Stationery,North,Low,283.0,6908,333.94
1172,Charger,Electronics,Central,High,51332.0,5206,60571.759999999995
1173,Tablet,Electronics,West,Low,39906.0,7016,47089.079999999994
1174,Charger,Electronics,North,Low,70551.0,2557,83250.18
1175,Dumbbell,Sports,North,Medium,4324.0,3352,5102.32
1176,Mouse,Electronics,West,Medium,24613.0,9724,29043.34
1177,Ruler,Stationery,East,High,383.0,5110,451.94
1178,Gloves,Clothing,Central,Medium,1831.0,1403,2160.58
1179,Football,Sports,Central,Low,7348.0,7689,8670.64
1180,Gloves,Clothing,East,Low,223.0,9925,263.14
1181,Sofa,Furniture,East,Low,40325.0,3858,47583.5
1183,Cap,Clothing,South,Low,1067.0,4429,1259.06
1184,Headphones,Electronics,North,Low,14150.0,2852,16697.0
1185,Scissors,Stationery,East,High,488.0,7591,575.8399999999999
1186,Jacket,Clothing,East,Low,3869.0,2663,4565.42
1188,Table,Furniture,South,Low,45810.0,8743,54055.799999999996
1189,Sweater,Clothing,South,Medium,3667.0,8596,4327.0599999999995
1190,Ruler,Stationery,North,High,469.0,6383,553.42
1191,Marker,Stationery,Central,Medium,388.0,8303,457.84
1192,Belt,Clothing,West,Low,5542.0,3343,6539.5599999999995
1194,Pen,Stationery,West,Low,246.0,8678,290.28
1195,Keyboard,Electronics,North,Medium,69529.0,1442,82044.22
1196,Racket,Sports,South,Medium,5787.0,4431,6828.66
1197,Highlighter,Stationery,South,Medium,144.0,1065,169.92
1198,Table,Furniture,Central,Low,45148.0,2786,53274.64
1199,Keyboard,Electronics,Central,High,58661.0,1271,69219.98
1200,Skipping Rope,Sports,South,Medium,2733.0,8608,3224.94
1201,Highlighter,Stationery,East,Medium,452.0,1324,533.36
1202,Glue,Stationery,East,Low,404.0,8238,476.71999999999997
1203,Speaker,Electronics,West,High,64057.0,2495,75587.26
1204,Camera,Electronics,North,Low,70847.0,9456,83599.45999999999
1205,Cabinet,Furniture,South,Low,22795.0,9503,26898.1
1206,Gloves,Clothing,Central,Low,4537.0,1130,5353.66
1207,Monitor,Electronics,South,Low,43746.0,7412,51620.28
1208,Tablet,Electronics,West,Medium,66784.0,9128,78805.12
1209,Lamp,Furniture,Central,Low,14770.0,7773,17428.6
1210,Stool,Furniture,South,Low,23704.0,4762,27970.719999999998
1211,Gloves,Clothing,West,Low,995.0,9870,1174.1
1212,Mouse,Electronics,North,High,12675.0,1525,14956.5
1213,Desk,Furniture,South,High,42079.0,7894,49653.219999999994
1214,Shoes,Clothing,East,Low,5459.0,8491,6441.62
1216,Marker,Stationery,Central,Low,164.0,7002,193.51999999999998
1217,Speaker,Electronics,South,Low,30334.0,3146,35794.119999999995
1218,Monitor,Electronics,West,Low,72267.0,7261,85275.06
1219,Stool,Furniture,North,High,46434.0,6312,54792.119999999995
1220,Cabinet,Furniture,East,Low,22738.0,9277,26830.84
1221,Highlighter,Stationery,West,Medium,342.0,8729,403.56
1222,Shoes,Clothing,West,High,1200.0,8430,1416.0
1223,Ball,Sports,North,Low,3258.0,7192,3844.4399999999996
1225,Monitor,Electronics,West,Low,27454.0,7249,32395.719999999998
1226,Marker,Stationery,East,Low,69.0,4828,81.42
1227,Scissors,Stationery,West,Low,417.0,3666,492.06
1228,Lamp,Furniture,South,Medium,43256.0,4436,51042.079999999994
1229,Belt,Clothing,South,Low,1714.0,2261,2022.52
1230,Socks,Clothing,East,Medium,918.0,2044,1083.24
1231,Football,Sports,North,Low,1689.0,2316,1993.02
1232,Tablet,Electronics,South,High,56391.0,6571,66541.37999999999
1233,Scissors,Stationery,Central,Low,286.0,3658,337.47999999999996
1234,Bat,Sports,East,Medium,3695.0,7525,4360.099999999999
1235,Shoes,Clothing,West,Medium,2011.0,2180,2372.98
1236,Sweater,Clothing,West,Medium,2670.0,8161,3150.6
1237,Eraser,Stationery,North,Low,193.0,8702,227.73999999999998
1238,Wardrobe,Furniture,East,Low,33575.0,2156,39618.5
1239,Stool,Furniture,West,High,32828.0,9685,38737.04
1240,Scissors,Stationery,Central,Low,19.0,2409,22.419999999999998
1241,Folder,Stationery,South,Low,173.0,7752,204.14
1242,Gloves,Clothing,North,Low,1888.0,4684,2227.8399999999997
1243,Socks,Clothing,West,Low,4822.0,9509,5689.96
1244,Charger,Electronics,Central,High,32110.0,1589,37889.799999999996
1245,Wardrobe,Furniture,Central,Medium,21707.0,9028,25614.26
1246,Scissors,Stationery,Central,Low,151.0,4810,178.17999999999998
1247,Stool,Furniture,East,Low,37388.0,4446,44117.84
1248,Jeans,Clothing,West,Medium,5852.0,2160,6905.36
1249,Phone,Electronics,East,Low,30611.0,8830,36120.979999999996
1251,Bookshelf,Furniture,Central,Low,40962.0,8869,48335.159999999996
1252,Eraser,Stationery,North,Low,144.0,4841,169.92
1253,Frisbee,Sports,East,High,4924.0,1824,5810.32
1254,Stapler,Stationery,South,Medium,325.0,8540,383.5
1255,Stool,Furniture,North,Low,48558.0,6647,57298.439999999995
1257,Cap,Clothing,West,Low,1129.0,9292,1332.22
1258,Stool,Furniture,South,Low,31404.0,7206,37056.72
1260,Skipping Rope,Sports,North,Low,1510.0,3625,1781.8
1261,Chair,Furniture,South,Low,22701.0,2247,26787.18
1263,Racket,Sports,Central,Medium,7912.0,8308,9336.16
1264,Pen,Stationery,East,Medium,71.0,6528,83.78
1265,Headphones,Electronics,East,Medium,74084.0,6448,87419.12
1266,Pen,Stationery,West,High,134.0,2938,158.12
1267,Bookshelf,Furniture,South,Low,10289.0,1168,12141.019999999999
1268,Phone,Electronics,South,Low,35830.0,2824,42279.399999999994
1269,Tablet,Electronics,South,Medium,1971.0,4202,2325.7799999999997
1270,Yoga Mat,Sports,Central,Medium,2016.0,3923,2378.8799999999997
1271,Phone,Electronics,North,Low,50838.0,6847,59988.84
1272,T-Shirt,Clothing,Central,High,772.0,1947,910.9599999999999
1273,Scissors,Stationery,West,Medium,318.0,3968,375.23999999999995
1274,Charger,Electronics,East,Medium,2844.0,1331,3355.9199999999996
1275,Net,Sports,East,Medium,8316.0,8655,9812.88
1277,Cabinet,Furniture,West,Low,23092.0,5932,27248.559999999998
1278,Marker,Stationery,East,Low,333.0,1427,392.94
1279,Glue,Stationery,Central,Low,359.0,7193,423.62
1280,Marker,Stationery,North,Medium,309.0,2917,364.62
1281,Wardrobe,Furniture,East,High,21329.0,9011,25168.219999999998
1282,Belt,Clothing,West,Low,4439.0,1518,5238.0199999999995
1283,T-Shirt,Clothing,West,Low,2835.0,4240,3345.2999999999997
1284,Charger,Electronics,North,Medium,63548.0,5092,74986.64
1285,Chair,Furniture,West,Low,47423.0,2669,55959.14
1286,Football,Sports,North,Low,7550.0,1294,8909.0
1287,Racket,Sports,North,Low,1610.0,3695,1899.8
1288,Chair,Furniture,East,Low,28506.0,3357,33637.08
1289,Bench,Furniture,East,Low,5668.0,8216,6688.24
1290,Charger,Electronics,Central,Low,44708.0,8599,52755.439999999995
1291,Headphones,Electronics,South,Medium,11101.0,9895,13099.179999999998
1292,Socks,Clothing,West,High,2831.0,3838,3340.58
1293,Racket,Sports,West,Medium,4337.0,4637,5117.66
1294,Gloves,Clothing,East,High,2716.0,4742,3204.8799999999997
1295,Sofa,Furniture,East,Low,44622.0,5447,52653.96
1296,T-Shirt,Clothing,East,High,5415.0,2405,6389.7
1298,Yoga Mat,Sports,West,High,3557.0,3998,4197.26
1299,Mouse,Electronics,South,Medium,39567.0,9374,46689.06
1300,Scarf,Clothing,South,Low,4723.0,6759,5573.139999999999
1301,T-Shirt,Clothing,East,High,790.0,3592,932.1999999999999
1302,Shoes,Clothing,East,Low,1132.0,5381,1335.76
1303,Ruler,Stationery,South,Low,220.0,2261,259.59999999999997
1304,Net,Sports,West,Low,8514.0,2143,10046.519999999999
1306,Marker,Stationery,North,Low,489.0,6566,577.02
1307,Highlighter,Stationery,Central,Low,60.0,2221,70.8
1308,Football,Sports,North,High,4125.0,5525,4867.5
1309,Charger,Electronics,South,Low,29171.0,7967,34421.78
1310,Highlighter,Stationery,East,Medium,454.0,9933,535.72
1311,Marker,Stationery,North,Medium,295.0,2217,348.09999999999997
1312,Jeans,Clothing,South,High,3180.0,1231,3752.3999999999996
1313,Bench,Furniture,South,Low,38276.0,9493,45165.68
1314,Sofa,Furniture,East,High,10361.0,4078,12225.98
1317,Mouse,Electronics,East,Medium,77021.0,6876,90884.78
1318,Socks,Clothing,North,Medium,5364.0,9963,6329.5199999999995
1319,Belt,Clothing,East,Medium,5856.0,3311,6910.08
1320,Sofa,Furniture,Central,Medium,28119.0,1967,33180.42
1321,Jacket,Clothing,North,High,4704.0,5265,5550.719999999999
1322,Yoga Mat,Sports,North,Medium,7280.0,6354,8590.4
1323,Belt,Clothing,East,Low,4407.0,3171,5200.259999999999
1324,Dumbbell,Sports,South,Medium,797.0,6969,940.4599999999999
1325,Lamp,Furniture,West,Low,36663.0,5602,43262.34
1326,Sweater,Clothing,East,Low,3940.0,6800,4649.2
1327,Yoga Mat,Sports,West,Low,1988.0,6723,2345.8399999999997
1328,Bench,Furniture,South,High,23838.0,4833,28128.84
1329,Sofa,Furniture,West,Low,46204.0,5117,54520.719999999994
1330,Phone,Electronics,West,Low,72492.0,2501,85540.56
1331,Eraser,Stationery,East,Low,47.0,2024,55.459999999999994
1333,Chair,Furniture,Central,Low,26054.0,8468,30743.719999999998
1334,Cabinet,Furniture,North,High,14079.0,5696,16613.219999999998
1335,Net,Sports,Central,Low,2408.0,3387,2841.44
1336,Skipping Rope,Sports,East,Low,4754.0,5816,5609.719999999999
1337,Net,Sports,North,High,3574.0,3554,4217.32
1338,Dumbbell,Sports,North,Low,8124.0,4328,9586.32
1339,Jacket,Clothing,Central,Low,597.0,3266,704.4599999999999
1340,Speaker,Electronics,North,High,72335.0,2846,85355.29999999999
1341,Skipping Rope,Sports,East,High,6558.0,1611,7738.44
1342,Belt,Clothing,Central,Low,4948.0,1734,5838.639999999999
1343,Stapler,Stationery,West,High,37.0,4280,43.66
1344,Bat,Sports,South,Medium,2815.0,9277,3321.7
1345,Keyboard,Electronics,North,High,30382.0,2845,35850.759999999995
1346,Yoga Mat,Sports,Central,Low,6861.0,9008,8095.98
1347,Headphones,Electronics,West,Low,17194.0,2230,20288.92
1348,Frisbee,Sports,West,Low,7611.0,8890,8980.98
1349,Ball,Sports,West,High,4989.0,1716,5887.0199999999995
1350,Socks,Clothing,Central,High,4747.0,5284,5601.46
1351,T-Shirt,Clothing,North,High,2970.0,1253,3504.6
1352,Gloves,Clothing,Central,Low,3437.0,8081,4055.66
1353,Frisbee,Sports,South,Low,369.0,2594,435.41999999999996
1354,Racket,Sports,North,Low,3836.0,7128,4526.48
1355,Gloves,Clothing,North,Medium,4357.0,7830,5141.259999999999
1356,Jacket,Clothing,West,Low,1113.0,8255,1313.34
1357,Speaker,Electronics,West,Low,13999.0,9635,16518.82
1358,Frisbee,Sports,South,Low,7799.0,8863,9202.82
1359,Stool,Furniture,South,Low,41522.0,4959,48995.96
1360,Sweater,Clothing,East,High,4277.0,7875,5046.86
1361,Shoes,Clothing,West,Low,4053.0,9082,4782.54
1362,Headphones,Electronics,East,Low,72735.0,3719,85827.29999999999
1363,Chair,Furniture,North,Low,11524.0,2480,13598.32
1364,Racket,Sports,North,Medium,8523.0,6019,10057.14
1365,Stool,Furniture,Central,Low,40663.0,9519,47982.34
1366,Charger,Electronics,North,High,59573.0,3969,70296.14
1367,Football,Sports,South,Low,1545.0,3468,1823.1
1368,Speaker,Electronics,West,Low,62462.0,9371,73705.15999999999
1369,Bat,Sports,Central,Low,6296.0,2231,7429.28
1371,Ruler,Stationery,North,High,76.0,1572,89.67999999999999
1372,Monitor,Electronics,South,Medium,2120.0,4483,2501.6
1373,Glue,Stationery,North,Medium,76.0,2826,89.67999999999999
1374,Belt,Clothing,North,Low,731.0,9632,862.5799999999999
1375,Sofa,Furniture,South,Low,15925.0,6472,18791.5
1376,Bat,Sports,East,Low,6194.0,6931,7308.919999999999
1377,Tablet,Electronics,East,Medium,32452.0,7652,38293.36
1378,Frisbee,Sports,East,Low,5076.0,1261,5989.679999999999
1380,Skipping Rope,Sports,Central,Medium,1345.0,3546,1587.1
1381,Highlighter,Stationery,East,Low,92.0,6956,108.55999999999999
1382,Camera,Electronics,East,Medium,2343.0,2844,2764.74
1383,Skipping Rope,Sports,West,Medium,4890.0,8305,5770.2
1384,Monitor,Electronics,West,High,41093.0,2820,48489.74
1385,T-Shirt,Clothing,North,High,2293.0,9847,2705.74
1386,Stool,Furniture,West,High,22724.0,9621,26814.32
1387,Gloves,Clothing,West,Medium,4610.0,5277,5439.799999999999
1389,Racket,Sports,Central,Low,7419.0,8157,8754.42
1390,Table,Furniture,West,Low,20207.0,3457,23844.26
1391,Camera,Electronics,Central,Medium,17926.0,8124,21152.68
1392,Ruler,Stationery,West,Medium,288.0,1175,339.84
1393,Phone,Electronics,North,Medium,55382.0,5091,65350.759999999995
1394,Helmet,Sports,East,High,1393.0,1681,1643.74
1395,Charger,Electronics,South,Medium,45751.0,6327,53986.18
1396,Gloves,Clothing,South,Low,2172.0,2311,2562.96
1397,Speaker,Electronics,North,Low,18746.0,3109,22120.28
1398,Glue,Stationery,Central,Medium,36.0,7342,42.48
1399,Frisbee,Sports,East,Low,5228.0,6171,6169.04
1400,Monitor,Electronics,Central,Medium,15262.0,7046,18009.16
1401,Pen,Stationery,North,Low,147.0,7502,173.45999999999998
1402,Eraser,Stationery,South,Medium,311.0,8280,366.97999999999996
1403,Folder,Stationery,East,High,335.0,1456,395.29999999999995
1404,Sofa,Furniture,East,Low,36610.0,5717,43199.799999999996
1405,Eraser,Stationery,North,High,121.0,1250,142.78
1406,Net,Sports,West,Medium,2682.0,9332,3164.7599999999998
1407,Pen,Stationery,South,Low,62.0,1699,73.16
1408,Skipping Rope,Sports,South,Medium,5062.0,7570,5973.16
1409,Mouse,Electronics,North,Low,48976.0,1767,57791.68
1410,Ball,Sports,West,Medium,2542.0,5841,2999.56
1411,Shoes,Clothing,West,Low,1936.0,3823,2284.48
1412,Tablet,Electronics,Central,Medium,68698.0,9065,81063.64
1413,Football,Sports,East,Low,8608.0,8499,10157.439999999999
1414,Keyboard,Electronics,Central,Medium,20911.0,9327,24674.98
1415,Frisbee,Sports,North,Low,8496.0,8491,10025.279999999999
1416,Speaker,Electronics,North,Medium,57391.0,5244,67721.37999999999
1417,Socks,Clothing,East,Low,4223.0,8599,4983.139999999999
1418,Lamp,Furniture,East,Medium,34300.0,3615,40474.0
1419,Scissors,Stationery,Central,High,421.0,3365,496.78
1420,Gloves,Clothing,West,Low,3167.0,7787,3737.06
1421,Belt,Clothing,East,Low,3224.0,1922,3804.3199999999997
1422,Table,Furniture,East,High,45100.0,3159,53218.0
1423,Shoes,Clothing,South,Low,259.0,1391,305.62
1424,Lamp,Furniture,East,Low,28049.0,1331,33097.82
1425,Helmet,Sports,North,Low,7086.0,3373,8361.48
1426,Frisbee,Sports,North,Medium,3885.0,3583,4584.3
1427,Bookshelf,Furniture,South,Low,37636.0,4477,44410.479999999996
1428,Sofa,Furniture,North,High,7239.0,2098,8542.02
1429,Sofa,Furniture,North,Low,21283.0,1027,25113.94
1430,Net,Sports,East,Medium,769.0,3065,907.42
1431,Helmet,Sports,West,Low,3615.0,2872,4265.7
1432,Sofa,Furniture,North,Medium,49336.0,9821,58216.479999999996
1433,Headphones,Electronics,East,Low,48629.0,1152,57382.219999999994
1434,Bench,Furniture,East,High,9965.0,9448,11758.699999999999
1435,Scarf,Clothing,North,Low,4265.0,6491,5032.7
1436,T-Shirt,Clothing,South,High,1965.0,8478,2318.7
1437,Wardrobe,Furniture,South,Low,15692.0,7344,18516.559999999998
1438,Jacket,Clothing,Central,Low,958.0,2852,1130.4399999999998
1439,Charger,Electronics,South,Low,41063.0,3194,48454.34
1440,Bench,Furniture,Central,Medium,13931.0,5347,16438.579999999998
1441,Net,Sports,West,High,5135.0,2462,6059.299999999999
1442,Notebook,Stationery,North,High,172.0,2214,202.95999999999998
1443,Scissors,Stationery,North,High,49.0,2914,57.82
1444,Dumbbell,Sports,Central,Low,2532.0,7862,2987.7599999999998
1445,Table,Furniture,Central,Low,26506.0,1002,31277.079999999998
1446,Keyboard,Electronics,North,Low,18524.0,4059,21858.32
1447,Camera,Electronics,Central,Medium,70051.0,9519,82660.18
1448,Headphones,Electronics,South,Low,13289.0,7102,15681.019999999999
1449,Charger,Electronics,South,Low,78455.0,1439,92576.9
1450,Jeans,Clothing,South,Medium,3132.0,5128,3695.7599999999998
1451,Charger,Electronics,West,Low,58432.0,7203,68949.76
1452,Charger,Electronics,West,Low,56337.0,2728,66477.66
1453,Belt,Clothing,Central,Medium,3454.0,7246,4075.72
1454,Headphones,Electronics,South,Medium,3291.0,3868,3883.3799999999997
1455,Glue,Stationery,North,Low,458.0,2631,540.4399999999999
1456,Highlighter,Stationery,North,High,239.0,1467,282.02
1458,Speaker,Electronics,West,Medium,55985.0,6715,66062.3
1459,Lamp,Furniture,South,High,45591.0,7853,53797.38
1460,Gloves,Clothing,North,Low,4869.0,3844,5745.42
1461,Socks,Clothing,Central,High,4812.0,8347,5678.16
1462,Shoes,Clothing,North,Medium,2753.0,1700,3248.54
1463,Socks,Clothing,East,Low,4643.0,9638,5478.74
1464,Scissors,Stationery,Central,High,279.0,6877,329.21999999999997
1465,Stool,Furniture,East,Medium,28590.0,1596,33736.2
1466,Helmet,Sports,South,Medium,1173.0,7229,1384.1399999999999
1467,Cabinet,Furniture,East,Low,41283.0,4563,48713.939999999995
1468,Table,Furniture,North,Medium,39644.0,7903,46779.92
1469,Notebook,Stationery,East,Low,260.0,6573,306.8
1470,Bookshelf,Furniture,East,Low,34229.0,2926,40390.22
1471,Shoes,Clothing,North,Medium,1151.0,7650,1358.1799999999998
1472,Skipping Rope,Sports,North,Low,6001.0,3749,7081.179999999999
1473,Bat,Sports,West,Low,7968.0,3892,9402.24
1475,Chair,Furniture,East,Medium,22892.0,5038,27012.559999999998
1476,Mouse,Electronics,West,Low,17181.0,7872,20273.579999999998
1478,T-Shirt,Clothing,South,High,1893.0,4134,2233.74
1479,Eraser,Stationery,Central,High,445.0,9677,525.1
1480,Tablet,Electronics,North,Low,64921.0,3906,76606.78
1481,T-Shirt,Clothing,North,Medium,1799.0,9086,2122.8199999999997
1483,Speaker,Electronics,Central,Low,9116.0,4643,10756.88
1484,Chair,Furniture,Central,Medium,31084.0,1152,36679.119999999995
1485,Ball,Sports,East,Low,5729.0,8154,6760.219999999999
1486,Eraser,Stationery,West,Low,182.0,7347,214.76
1487,Marker,Stationery,South,Low,360.0,3533,424.79999999999995
1488,Eraser,Stationery,North,Medium,174.0,3298,205.32
1489,Jacket,Clothing,West,High,5534.0,9659,6530.12
1490,Wardrobe,Furniture,Central,Low,5440.0,2523,6419.2
1491,Scarf,Clothing,North,Low,350.0,5440,413.0
1493,Mouse,Electronics,Central,High,10294.0,9326,12146.92
1494,Ruler,Stationery,South,High,338.0,3350,398.84
1495,Jeans,Clothing,South,High,2817.0,7805,3324.06
1497,Frisbee,Sports,North,Medium,5754.0,6201,6789.719999999999
1498,Cap,Clothing,North,Low,4510.0,7252,5321.799999999999
1499,Folder,Stationery,West,Low,343.0,6621,404.73999999999995
1500,Wardrobe,Furniture,North,Medium,28525.0,5375,33659.5
1501,Gloves,Clothing,North,Low,1882.0,8521,2220.7599999999998
1502,Notebook,Stationery,North,Low,182.0,3427,214.76
1503,Bookshelf,Furniture,West,Low,38512.0,6230,45444.159999999996
1504,Racket,Sports,East,Medium,1520.0,8926,1793.6
1505,Net,Sports,West,Low,493.0,1090,581.74
1506,Jacket,Clothing,West,Medium,4276.0,2813,5045.679999999999
1507,Stool,Furniture,South,Medium,5068.0,7405,5980.24
1508,Net,Sports,West,Low,894.0,3581,1054.9199999999998
1509,Jacket,Clothing,East,Low,1600.0,5651,1888.0
1510,Football,Sports,North,Medium,462.0,6078,545.16
1511,Jacket,Clothing,South,Low,3178.0,2158,3750.04
1512,Jacket,Clothing,West,Medium,371.0,3295,437.78
1513,Sofa,Furniture,North,Medium,5911.0,5835,6974.98
1514,Phone,Electronics,East,Medium,43406.0,5790,51219.079999999994
1515,Charger,Electronics,East,Low,44319.0,7438,52296.42
1516,Marker,Stationery,South,High,228.0,8708,269.03999999999996
1517,Stapler,Stationery,West,Low,58.0,7915,68.44
1518,Glue,Stationery,South,High,498.0,7352,587.64
1519,Desk,Furniture,East,Medium,24784.0,3548,29245.12
1520,Camera,Electronics,West,High,3261.0,1143,3847.98
1521,Eraser,Stationery,North,Low,300.0,8827,354.0
1522,Racket,Sports,West,Low,7941.0,8840,9370.38
1523,Highlighter,Stationery,South,Low,354.0,1094,417.71999999999997
1525,Net,Sports,Central,Low,3658.0,7625,4316.44
1526,Mouse,Electronics,West,Medium,26723.0,3553,31533.14
1527,Bench,Furniture,West,Low,25357.0,8496,29921.26
1528,Scarf,Clothing,South,High,1653.0,1679,1950.54
1529,Gloves,Clothing,Central,Medium,5526.0,5927,6520.679999999999
1530,Helmet,Sports,East,High,8236.0,2719,9718.48
1531,Marker,Stationery,North,Low,20.0,4658,23.599999999999998
1532,Scarf,Clothing,West,Low,2205.0,7878,2601.8999999999996
1533,Glue,Stationery,East,Low,114.0,1993,134.51999999999998
1534,Chair,Furniture,Central,Medium,37910.0,3209,44733.799999999996
1535,Scarf,Clothing,South,Medium,1218.0,9202,1437.24
1536,Jacket,Clothing,North,Medium,5966.0,4025,7039.879999999999
1537,Speaker,Electronics,North,Low,35610.0,6911,42019.799999999996
1538,Cabinet,Furniture,South,Low,6501.0,7792,7671.179999999999
1539,Yoga Mat,Sports,North,Medium,7024.0,7673,8288.32
1540,Marker,Stationery,West,Medium,14.0,3609,16.52
1541,Gloves,Clothing,South,Low,1952.0,5117,2303.3599999999997
1542,Laptop,Electronics,North,Low,42750.0,3817,50445.0
1543,Cap,Clothing,North,Low,5443.0,9764,6422.74
1544,Lamp,Furniture,North,Low,34142.0,3193,40287.56
1545,Tablet,Electronics,East,Low,21629.0,3628,25522.219999999998
1546,Sweater,Clothing,North,High,3082.0,1566,3636.7599999999998
1547,Gloves,Clothing,East,Medium,5573.0,7515,6576.139999999999
1548,Scissors,Stationery,Central,Medium,186.0,8096,219.48
1549,Shoes,Clothing,North,Low,1738.0,4614,2050.8399999999997
1550,Pen,Stationery,Central,Medium,134.0,8969,158.12
1551,Bookshelf,Furniture,South,Low,38215.0,6379,45093.7
1552,Scissors,Stationery,West,Medium,382.0,9028,450.76
1553,Keyboard,Electronics,Central,Low,40709.0,1852,48036.619999999995
1554,Wardrobe,Furniture,West,High,48781.0,5305,57561.579999999994
1555,Cap,Clothing,East,Medium,603.0,5088,711.54
1556,Socks,Clothing,North,High,798.0,2623,941.64
1557,Scarf,Clothing,West,High,1033.0,6264,1218.9399999999998
1558,Wardrobe,Furniture,Central,Low,47718.0,5143,56307.24
1559,Belt,Clothing,North,Medium,4980.0,4769,5876.4
1560,Stool,Furniture,South,Low,9659.0,2889,11397.619999999999
1561,Bench,Furniture,Central,Low,23337.0,7266,27537.66
1562,Desk,Furniture,North,Low,12929.0,6170,15256.22
1563,Socks,Clothing,West,Medium,4527.0,6986,5341.86
1564,Laptop,Electronics,North,Low,53738.0,8594,63410.84
1565,Chair,Furniture,Central,High,22714.0,2378,26802.519999999997
1566,Stool,Furniture,South,Medium,37782.0,6418,44582.759999999995
1567,T-Shirt,Clothing,Central,Low,1286.0,5181,1517.48
1568,Laptop,Electronics,East,Low,19624.0,3774,23156.32
1569,Marker,Stationery,East,Medium,127.0,8109,149.85999999999999
1570,Ball,Sports,East,Low,2496.0,9247,2945.2799999999997
1572,Bench,Furniture,North,Low,29625.0,6274,34957.5
1573,Net,Sports,North,High,6313.0,2909,7449.339999999999
1574,T-Shirt,Clothing,West,Medium,1786.0,7526,2107.48
1575,Camera,Electronics,Central,High,42445.0,7804,50085.1
1576,Cabinet,Furniture,North,Low,29454.0,6672,34755.72
1577,Dumbbell,Sports,North,Low,5064.0,3533,5975.5199999999995
1578,Stapler,Stationery,Central,High,351.0,6153,414.17999999999995
1579,Chair,Furniture,East,High,42132.0,8961,49715.759999999995
1580,Football,Sports,West,High,5128.0,8832,6051.04
1581,Net,Sports,South,Medium,868.0,1525,1024.24
1582,Jeans,Clothing,South,Medium,3042.0,1209,3589.56
1583,Jeans,Clothing,West,Medium,1147.0,2292,1353.46
1584,Bat,Sports,North,Medium,6069.0,8484,7161.42
1585,Monitor,Electronics,South,High,38835.0,9782,45825.299999999996
1586,Jeans,Clothing,Central,Low,5966.0,2261,7039.879999999999
1587,Stool,Furniture,South,Medium,37155.0,1641,43842.899999999994
1588,Cabinet,Furniture,North,Low,36062.0,4258,42553.159999999996
1589,Football,Sports,West,Medium,3182.0,7493,3754.7599999999998
1590,Helmet,Sports,East,Low,1019.0,9605,1202.4199999999998
1591,Yoga Mat,Sports,North,High,7605.0,7599,8973.9
1592,Scarf,Clothing,North,Low,3455.0,4228,4076.8999999999996
1593,Stapler,Stationery,North,Low,187.0,9583,220.66
1594,Helmet,Sports,East,High,860.0,8992,1014.8
1595,Cabinet,Furniture,North,Medium,19575.0,9318,23098.5
1596,Net,Sports,North,Low,1348.0,6545,1590.6399999999999
1597,Pen,Stationery,South,High,417.0,3858,492.06
1599,Skipping Rope,Sports,North,Medium,1720.0,7980,2029.6
1600,Scissors,Stationery,Central,Medium,222.0,3604,261.96
1601,Bat,Sports,South,Medium,2607.0,5356,3076.2599999999998
1602,Highlighter,Stationery,North,High,462.0,7071,545.16
1603,Eraser,Stationery,East,Medium,422.0,3149,497.96
1604,Bookshelf,Furniture,West,Medium,11007.0,3889,12988.26
1605,Notebook,Stationery,North,High,438.0,7483,516.8399999999999
1606,Ball,Sports,West,Low,497.0,6875,586.4599999999999
1607,Chair,Furniture,Central,Low,24091.0,2337,28427.379999999997
1608,Helmet,Sports,West,Low,8133.0,5554,9596.939999999999
1609,Ruler,Stationery,Central,High,60.0,2778,70.8
1610,Bat,Sports,West,Medium,6799.0,8285,8022.82
1611,Jeans,Clothing,Central,Low,353.0,5957,416.53999999999996
1612,Sofa,Furniture,North,Low,16230.0,4737,19151.399999999998
1614,Marker,Stationery,East,Low,98.0,3965,115.64
1615,Glue,Stationery,West,Medium,131.0,5310,154.57999999999998
1616,Racket,Sports,North,Low,929.0,7351,1096.22
1617,Belt,Clothing,North,Low,1697.0,3553,2002.4599999999998
1618,Camera,Electronics,South,Low,73810.0,4183,87095.79999999999
1619,Shoes,Clothing,East,High,2781.0,6724,3281.58
1620,Scarf,Clothing,East,Medium,4852.0,5979,5725.36
1621,Cabinet,Furniture,East,Medium,49163.0,8645,58012.34
1622,Skipping Rope,Sports,North,High,5543.0,2157,6540.74
1623,Eraser,Stationery,South,Low,278.0,8859,328.03999999999996
1624,Sweater,Clothing,North,Low,1641.0,8178,1936.3799999999999
1626,Scarf,Clothing,East,High,4573.0,1040,5396.139999999999
1628,Sofa,Furniture,North,Medium,19266.0,8625,22733.879999999997
1629,Eraser,Stationery,South,Low,434.0,2322,512.12
1630,Keyboard,Electronics,North,High,2542.0,6971,2999.56
1631,Socks,Clothing,North,Low,961.0,5219,1133.98
1632,Dumbbell,Sports,North,Low,1778.0,2130,2098.04
1633,Table,Furniture,South,High,29961.0,2681,35353.979999999996
1634,Monitor,Electronics,North,Low,43885.0,9685,51784.299999999996
1635,Glue,Stationery,Central,Low,198.0,8260,233.64
1636,Stapler,Stationery,West,Medium,277.0,7016,326.85999999999996
1637,Cabinet,Furniture,Central,Low,25516.0,3703,30108.879999999997
1638,Yoga Mat,Sports,East,Low,1589.0,4648,1875.02
1639,Bench,Furniture,West,Medium,10671.0,1741,12591.779999999999
1640,Scissors,Stationery,South,Medium,174.0,9268,205.32
1641,Laptop,Electronics,West,Low,3222.0,8124,3801.9599999999996
1642,Football,Sports,East,Low,3528.0,8634,4163.04
1643,Jacket,Clothing,North,Low,2253.0,6802,2658.54
1644,Highlighter,Stationery,West,Low,68.0,8292,80.24
1645,Scarf,Clothing,West,Low,1044.0,8857,1231.9199999999998
1646,Mouse,Electronics,East,Medium,8951.0,4642,10562.18
1647,Marker,Stationery,West,Low,161.0,8134,189.98
1648,Marker,Stationery,South,High,355.0,5511,418.9
1649,Jacket,Clothing,North,Medium,640.0,9467,755.1999999999999
1650,Jeans,Clothing,North,Medium,3082.0,8723,3636.7599999999998
1652,Sweater,Clothing,West,Low,4340.0,9752,5121.2
1653,Socks,Clothing,South,Low,5967.0,1695,7041.0599999999995
1654,Net,Sports,North,Medium,732.0,4023,863.76
1655,Yoga Mat,Sports,South,Medium,3892.0,8179,4592.5599999999995
1656,Mouse,Electronics,North,Medium,21044.0,6928,24831.92
1657,Marker,Stationery,South,Low,410.0,4942,483.79999999999995
1658,Stool,Furniture,North,Low,48963.0,2110,57776.34
1659,Bookshelf,Furniture,North,Low,42863.0,5375,50578.34
1660,Yoga Mat,Sports,North,High,8465.0,2004,9988.699999999999
1662,Ruler,Stationery,West,Medium,341.0,9030,402.38
1663,Cap,Clothing,East,Low,1938.0,7882,2286.8399999999997
1664,Lamp,Furniture,East,Medium,24980.0,5039,29476.399999999998
1665,Glue,Stationery,East,Low,23.0,9580,27.139999999999997
1666,Football,Sports,South,Medium,4430.0,4918,5227.4
1667,Keyboard,Electronics,West,Medium,42651.0,9826,50328.18
1668,Jeans,Clothing,Central,Low,2076.0,9271,2449.68
1669,Belt,Clothing,West,Medium,1273.0,8351,1502.1399999999999
1670,Camera,Electronics,Central,Medium,45090.0,6856,53206.2
1671,Socks,Clothing,Central,Low,4895.0,7389,5776.099999999999
1672,Sofa,Furniture,East,Low,22830.0,8517,26939.399999999998
1674,Bench,Furniture,Central,Low,30812.0,6186,36358.159999999996
1675,Cabinet,Furniture,West,Low,29940.0,4553,35329.2
1676,Belt,Clothing,North,Medium,4407.0,9803,5200.259999999999
1677,Gloves,Clothing,South,Low,4853.0,9566,5726.54
1678,Charger,Electronics,South,Medium,31881.0,5622,37619.579999999994
1680,Wardrobe,Furniture,Central,Low,21636.0,4004,25530.48
1681,Racket,Sports,West,Low,3939.0,6714,4648.0199999999995
1682,Jeans,Clothing,East,Medium,3212.0,4017,3790.16
1683,Cabinet,Furniture,Central,Low,21199.0,4920,25014.82
1684,Desk,Furniture,Central,Medium,34371.0,4515,40557.78
1685,Bookshelf,Furniture,Central,High,8310.0,4574,9805.8
1686,Scissors,Stationery,North,High,277.0,4132,326.85999999999996
1687,Helmet,Sports,South,Low,2516.0,1465,2968.8799999999997
1688,Keyboard,Electronics,Central,Low,54124.0,8839,63866.32
1689,Shoes,Clothing,South,Low,2850.0,5836,3363.0
1691,Scissors,Stationery,South,Low,125.0,9939,147.5
1692,Dumbbell,Sports,South,Medium,3753.0,8377,4428.54
1693,T-Shirt,Clothing,South,Medium,1593.0,3798,1879.74
1694,Yoga Mat,Sports,West,Low,2434.0,8491,2872.12
1695,Notebook,Stationery,Central,Low,446.0,3670,526.28
1696,Keyboard,Electronics,West,Medium,5233.0,3524,6174.94
1697,Marker,Stationery,South,Low,296.0,3059,349.28
1698,Monitor,Electronics,Central,High,56493.0,6448,66661.73999999999
1699,Monitor,Electronics,East,Medium,29520.0,1982,34833.6
1700,Cabinet,Furniture,South,High,21903.0,9195,25845.539999999997
1701,Speaker,Electronics,Central,Medium,14829.0,5243,17498.219999999998
1702,Stapler,Stationery,North,Medium,456.0,3133,538.0799999999999
1703,Gloves,Clothing,East,Medium,882.0,7488,1040.76
1704,Eraser,Stationery,South,Medium,222.0,6762,261.96
1705,Frisbee,Sports,South,High,804.0,2542,948.7199999999999
1706,Bat,Sports,North,Low,2570.0,9123,3032.6
1707,Net,Sports,East,Medium,6864.0,7455,8099.5199999999995
1708,Ruler,Stationery,East,Low,92.0,2796,108.55999999999999
1709,Gloves,Clothing,Central,High,3060.0,1306,3610.7999999999997
1710,Yoga Mat,Sports,Central,Medium,3974.0,8071,4689.32
1711,Helmet,Sports,South,Medium,2375.0,9840,2802.5
1712,Cabinet,Furniture,North,Low,17654.0,7214,20831.719999999998
1713,Racket,Sports,South,Medium,5798.0,6758,6841.639999999999
1714,Gloves,Clothing,West,High,3129.0,6889,3692.22
1715,Eraser,Stationery,East,Low,25.0,1251,29.5
1716,Pen,Stationery,North,Medium,182.0,1880,214.76
1717,Phone,Electronics,North,Low,37503.0,2432,44253.54
1718,Cabinet,Furniture,West,High,21748.0,8675,25662.64
1719,Laptop,Electronics,North,High,59875.0,7129,70652.5
1720,Marker,Stationery,Central,High,150.0,4501,177.0
1721,Scarf,Clothing,Central,Low,3751.0,5426,4426.179999999999
1722,Table,Furniture,East,Medium,19644.0,2185,23179.92
1723,Yoga Mat,Sports,East,Low,8976.0,8370,10591.68
1724,Notebook,Stationery,East,Medium,459.0,7026,541.62
1725,Folder,Stationery,East,Medium,183.0,5313,215.94
1726,Bench,Furniture,West,Low,15624.0,7037,18436.32
1727,Bat,Sports,North,Medium,636.0,7871,750.4799999999999
1728,Headphones,Electronics,West,Low,3172.0,4541,3742.9599999999996
1729,Scarf,Clothing,South,High,4054.0,9904,4783.719999999999
1730,Cabinet,Furniture,North,Low,16341.0,9918,19282.379999999997
1731,Table,Furniture,East,Low,26921.0,2570,31766.78
1732,Helmet,Sports,Central,High,4529.0,7186,5344.219999999999
1733,Bench,Furniture,West,Low,44111.0,6891,52050.979999999996
1734,Shoes,Clothing,West,Low,3659.0,4810,4317.62
1735,Ball,Sports,North,Medium,2938.0,5549,3466.8399999999997
1736,Pen,Stationery,East,Medium,406.0,9623,479.08
1737,Frisbee,Sports,West,Low,8035.0,9563,9481.3
1738,Frisbee,Sports,East,Low,3639.0,2126,4294.0199999999995
1739,Notebook,Stationery,North,Medium,54.0,2878,63.72
1740,Wardrobe,Furniture,West,Low,2969.0,6000,3503.4199999999996
1741,Ball,Sports,Central,Medium,2425.0,7071,2861.5
1742,Table,Furniture,North,Medium,30853.0,5119,36406.54
1743,T-Shirt,Clothing,West,Low,2800.0,5088,3304.0
1745,Highlighter,Stationery,Central,Low,91.0,5391,107.38
1746,Highlighter,Stationery,West,Low,46.0,4560,54.279999999999994
1747,Frisbee,Sports,North,High,188.0,1404,221.83999999999997
1748,Gloves,Clothing,Central,Low,5759.0,4575,6795.62
1749,Pen,Stationery,East,Low,485.0,2152,572.3
1750,Skipping Rope,Sports,East,Low,8214.0,4842,9692.519999999999
1751,Glue,Stationery,West,Medium,430.0,5985,507.4
1752,Stapler,Stationery,West,High,98.0,5194,115.64
1753,Belt,Clothing,Central,Low,5597.0,4199,6604.46
1754,Desk,Furniture,North,Low,3977.0,7746,4692.86
1755,Charger,Electronics,North,Medium,7009.0,9308,8270.619999999999
1756,Dumbbell,Sports,Central,Low,4404.0,9618,5196.719999999999
1757,Yoga Mat,Sports,East,Low,4689.0,7910,5533.0199999999995
1758,Keyboard,Electronics,South,High,52279.0,2291,61689.219999999994
1759,Cabinet,Furniture,Central,Medium,7176.0,7467,8467.68
1760,Socks,Clothing,North,Low,1551.0,5324,1830.1799999999998
1761,Desk,Furniture,South,Medium,48599.0,9784,57346.82
1762,Bat,Sports,South,Low,6966.0,6801,8219.88
1763,Monitor,Electronics,East,Medium,40368.0,3360,47634.24
1764,Phone,Electronics,South,Medium,16002.0,7272,18882.36
1765,Helmet,Sports,East,Low,7316.0,9360,8632.88
1766,Skipping Rope,Sports,Central,Medium,7208.0,5545,8505.439999999999
1767,Ruler,Stationery,East,High,94.0,4173,110.91999999999999
1768,Phone,Electronics,East,High,43067.0,8230,50819.06
1769,Belt,Clothing,Central,Low,2182.0,3174,2574.7599999999998
1770,Folder,Stationery,South,Low,228.0,2162,269.03999999999996
1771,Wardrobe,Furniture,South,Low,8790.0,4738,10372.199999999999
1772,Gloves,Clothing,North,Medium,3509.0,9945,4140.62
1773,Cap,Clothing,Central,Low,3032.0,1619,3577.7599999999998
1774,Cap,Clothing,West,Medium,1232.0,6233,1453.76
1775,Desk,Furniture,South,High,31139.0,2613,36744.02
1776,Ball,Sports,East,Low,6318.0,6859,7455.24
1777,Scissors,Stationery,South,Medium,282.0,5903,332.76
1778,Net,Sports,West,Medium,7750.0,5675,9145.0
1779,Lamp,Furniture,Central,High,20301.0,9270,23955.18
1780,Sweater,Clothing,South,High,2498.0,5562,2947.64
1782,T-Shirt,Clothing,East,Low,2764.0,7151,3261.52
1783,Racket,Sports,South,Low,8591.0,4400,10137.38
1784,Charger,Electronics,North,Low,55630.0,4091,65643.4
1785,Shoes,Clothing,West,High,3621.0,7445,4272.78
1786,Gloves,Clothing,South,Low,2548.0,6115,3006.64
1787,Chair,Furniture,Central,Low,31179.0,7531,36791.22
1788,Gloves,Clothing,West,Medium,3767.0,8516,4445.0599999999995
1789,Shoes,Clothing,South,Medium,3985.0,9364,4702.3
1790,Mouse,Electronics,North,Low,67173.0,2424,79264.14
1791,Yoga Mat,Sports,East,Low,1441.0,6611,1700.3799999999999
1792,Bench,Furniture,West,High,25466.0,9903,30049.879999999997
1793,Glue,Stationery,West,Low,233.0,8317,274.94
1794,Laptop,Electronics,West,Low,75475.0,9592,89060.5
1795,Football,Sports,West,Low,7057.0,4507,8327.26
1796,Desk,Furniture,Central,High,36824.0,7538,43452.32
1797,Socks,Clothing,South,Low,2992.0,5572,3530.56
1798,Gloves,Clothing,West,Low,1277.0,9713,1506.86
1799,Glue,Stationery,West,High,144.0,6337,169.92
1801,Phone,Electronics,East,Medium,60248.0,4697,71092.64
1802,Chair,Furniture,West,Low,35629.0,4720,42042.22
1803,Folder,Stationery,East,Low,106.0,5831,125.08
1804,Belt,Clothing,North,High,5756.0,9532,6792.08
1805,Skipping Rope,Sports,East,Medium,2662.0,1511,3141.16
1806,Keyboard,Electronics,South,Medium,9125.0,6751,10767.5
1807,Glue,Stationery,Central,Low,418.0,3036,493.23999999999995
1808,Scarf,Clothing,North,High,3784.0,4662,4465.12
1809,Headphones,Electronics,Central,Medium,70476.0,6024,83161.68
1810,Lamp,Furniture,South,Low,31058.0,8372,36648.439999999995
1811,Cap,Clothing,Central,Low,731.0,7809,862.5799999999999
1812,Desk,Furniture,Central,High,13690.0,3776,16154.199999999999
1813,Headphones,Electronics,North,High,75807.0,5760,89452.26
1814,Ruler,Stationery,East,Low,306.0,1004,361.08
1815,Cabinet,Furniture,Central,Low,35401.0,5333,41773.18
1816,Chair,Furniture,Central,High,31338.0,8079,36978.84
1817,Ruler,Stationery,East,High,221.0,1911,260.78
1818,Yoga Mat,Sports,East,Low,7476.0,2302,8821.68
1819,Cap,Clothing,South,Low,237.0,2411,279.65999999999997
1821,Table,Furniture,West,Medium,29422.0,2457,34717.96
1822,Dumbbell,Sports,Central,Medium,2247.0,4805,2651.46
1823,Bat,Sports,North,Medium,1823.0,2599,2151.14
1824,Glue,Stationery,South,Medium,73.0,5482,86.14
1825,Jeans,Clothing,West,Low,3517.0,7461,4150.0599999999995
1826,Lamp,Furniture,South,High,48750.0,7118,57525.0
1827,Monitor,Electronics,West,Medium,30919.0,6631,36484.42
1828,Phone,Electronics,South,High,4398.0,6587,5189.639999999999
1829,Folder,Stationery,South,High,306.0,4763,361.08
1830,Shoes,Clothing,South,Low,5290.0,4993,6242.2
1831,Cabinet,Furniture,South,Medium,25829.0,9669,30478.219999999998
1832,Helmet,Sports,North,Medium,4978.0,1137,5874.04
1833,Laptop,Electronics,South,High,77836.0,9189,91846.48
1834,Racket,Sports,North,Low,1367.0,2307,1613.06
1835,Stapler,Stationery,Central,Medium,103.0,9849,121.53999999999999
1836,Skipping Rope,Sports,Central,Low,7933.0,8626,9360.939999999999
1837,Ball,Sports,East,Medium,7670.0,5189,9050.6
1839,Scarf,Clothing,South,Low,2001.0,5037,2361.18
1840,Jacket,Clothing,West,Low,207.0,3443,244.26
1841,Stapler,Stationery,West,Low,326.0,6411,384.68
1842,Cabinet,Furniture,West,Low,8131.0,3745,9594.58
1843,Eraser,Stationery,Central,Low,181.0,9281,213.57999999999998
1844,Chair,Furniture,North,Medium,26317.0,3116,31054.059999999998
1845,Skipping Rope,Sports,North,Low,306.0,7741,361.08
1846,Table,Furniture,East,Medium,14100.0,3681,16638.0
1847,Shoes,Clothing,Central,Low,1065.0,2275,1256.7
1848,Monitor,Electronics,West,Low,64687.0,6331,76330.65999999999
1849,Laptop,Electronics,North,Low,37827.0,7417,44635.86
1850,Bookshelf,Furniture,North,Medium,49443.0,5336,58342.74
1851,Football,Sports,East,High,159.0,2817,187.61999999999998
1852,Skipping Rope,Sports,Central,Low,6722.0,3062,7931.96
1853,Racket,Sports,North,Medium,652.0,6112,769.36
1854,Bat,Sports,North,Low,542.0,7332,639.56
1855,Headphones,Electronics,West,Low,50033.0,3138,59038.939999999995
1856,Headphones,Electronics,South,Low,60268.0,2977,71116.23999999999
1857,Socks,Clothing,South,Medium,3731.0,1379,4402.58
1858,Yoga Mat,Sports,North,Low,779.0,5506,919.2199999999999
1859,T-Shirt,Clothing,South,High,1440.0,9380,1699.1999999999998
1860,Charger,Electronics,Central,Low,28017.0,8250,33060.06
1861,Lamp,Furniture,West,Low,39299.0,4973,46372.82
1862,Cabinet,Furniture,Central,High,21158.0,6351,24966.44
1863,Laptop,Electronics,Central,Medium,69153.0,5250,81600.54
1864,Notebook,Stationery,East,Low,132.0,3981,155.76
1865,Sweater,Clothing,South,Medium,2953.0,5502,3484.54
1866,Cabinet,Furniture,North,Low,18376.0,6389,21683.68
1867,Bat,Sports,South,High,4746.0,1987,5600.28
1868,Skipping Rope,Sports,West,Medium,605.0,1080,713.9
1870,Lamp,Furniture,North,High,10316.0,5382,12172.88
1871,Lamp,Furniture,East,Low,44807.0,9110,52872.259999999995
1872,Dumbbell,Sports,South,High,8876.0,9701,10473.68
1873,Racket,Sports,East,Low,4343.0,1646,5124.74
1874,Ruler,Stationery,East,High,27.0,6585,31.86
1875,Eraser,Stationery,North,Low,211.0,8060,248.98
1878,Cabinet,Furniture,West,Low,14199.0,3114,16754.82
1880,Racket,Sports,South,High,8028.0,6447,9473.039999999999
1881,Tablet,Electronics,South,Low,19143.0,7915,22588.739999999998
1882,Ball,Sports,South,Medium,3623.0,2508,4275.139999999999
1883,Stool,Furniture,North,Medium,38609.0,5266,45558.619999999995
1885,Frisbee,Sports,West,High,1878.0,2925,2216.04
1886,Phone,Electronics,East,High,79239.0,3645,93502.01999999999
1887,Marker,Stationery,Central,Low,66.0,5788,77.88
1888,Yoga Mat,Sports,East,Low,4733.0,1160,5584.94
1889,Stool,Furniture,North,Low,14883.0,9142,17561.94
1891,Headphones,Electronics,East,Medium,11535.0,9694,13611.3
1892,Tablet,Electronics,North,Low,16259.0,5031,19185.62
1893,Monitor,Electronics,South,Medium,44246.0,9015,52210.28
1894,Ruler,Stationery,West,Low,69.0,3965,81.42
1895,Wardrobe,Furniture,Central,Medium,38887.0,1732,45886.659999999996
1896,Ruler,Stationery,East,Low,257.0,9678,303.26
1897,Highlighter,Stationery,Central,Medium,273.0,9235,322.14
1898,Eraser,Stationery,South,Low,490.0,2568,578.1999999999999
1899,Belt,Clothing,East,Medium,3920.0,3839,4625.599999999999
1900,Chair,Furniture,West,Medium,11206.0,1476,13223.08
1901,Sweater,Clothing,Central,High,3681.0,5936,4343.58
1902,T-Shirt,Clothing,East,High,1834.0,6720,2164.12
1903,Lamp,Furniture,North,Low,12611.0,1006,14880.98
1904,Racket,Sports,South,Medium,5531.0,3794,6526.58
1905,T-Shirt,Clothing,South,High,349.0,3670,411.82
1906,Cap,Clothing,South,High,2424.0,3002,2860.3199999999997
1907,Socks,Clothing,North,Low,4909.0,3991,5792.62
1908,Tablet,Electronics,East,Low,28031.0,5471,33076.58
1909,Table,Furniture,Central,Low,41188.0,4701,48601.84
1910,Jacket,Clothing,South,Medium,3474.0,7035,4099.32
1911,Wardrobe,Furniture,North,High,3456.0,9409,4078.08
1912,Headphones,Electronics,North,High,71027.0,8065,83811.86
1913,Stapler,Stationery,West,High,295.0,1040,348.09999999999997
1914,Charger,Electronics,North,Low,31884.0,1510,37623.119999999995
1916,Belt,Clothing,West,Medium,1303.0,9561,1537.54
1917,Keyboard,Electronics,South,Medium,5969.0,5880,7043.42
1918,Socks,Clothing,North,Low,3588.0,4318,4233.84
1919,Sofa,Furniture,South,Low,21335.0,7275,25175.3
1921,Scarf,Clothing,West,Low,373.0,6965,440.14
1922,Folder,Stationery,South,Low,359.0,8667,423.62
1923,Bench,Furniture,Central,Low,44217.0,9418,52176.06
1924,Mouse,Electronics,East,High,46283.0,5455,54613.939999999995
1925,Scarf,Clothing,North,Medium,906.0,1260,1069.08
1926,Bat,Sports,Central,Low,7534.0,3241,8890.119999999999
1927,Dumbbell,Sports,Central,Low,5735.0,7345,6767.299999999999
1928,Phone,Electronics,South,High,70696.0,5871,83421.28
1929,Sofa,Furniture,West,Medium,17776.0,9750,20975.68
1930,Bookshelf,Furniture,South,Medium,36266.0,4330,42793.88
1931,Wardrobe,Furniture,South,Medium,17199.0,7840,20294.82
1932,Headphones,Electronics,West,Medium,32633.0,8057,38506.939999999995
1933,Shoes,Clothing,South,Low,2837.0,1079,3347.66
1934,Lamp,Furniture,North,Low,14566.0,6016,17187.879999999997
1936,Sofa,Furniture,South,Medium,28572.0,2682,33714.96
1937,Racket,Sports,South,Low,8031.0,9145,9476.58
1939,Glue,Stationery,East,Low,111.0,5106,130.98
1940,Shoes,Clothing,North,High,2232.0,3795,2633.7599999999998
1941,Desk,Furniture,Central,Medium,32023.0,2456,37787.14
1943,Football,Sports,Central,High,4038.0,7647,4764.84
1944,Stapler,Stationery,Central,Low,389.0,6773,459.02
1945,Scarf,Clothing,South,High,4653.0,4805,5490.54
1946,Football,Sports,South,Medium,3364.0,4575,3969.52
1947,Bench,Furniture,East,Medium,21293.0,7257,25125.739999999998
1948,Scarf,Clothing,Central,Medium,5998.0,5112,7077.639999999999
1949,Ruler,Stationery,South,Low,202.0,5498,238.35999999999999
1950,Bat,Sports,East,Low,2470.0,5254,2914.6
1951,Marker,Stationery,North,Low,216.0,8050,254.88
1952,Cap,Clothing,East,Low,5774.0,9996,6813.32
1953,Lamp,Furniture,East,High,2016.0,3522,2378.8799999999997
1954,Folder,Stationery,North,Low,17.0,9005,20.06
1955,Frisbee,Sports,South,High,2503.0,1596,2953.54
1956,Football,Sports,South,Medium,6350.0,5900,7493.0
1957,Tablet,Electronics,North,Low,39735.0,4638,46887.299999999996
1958,Laptop,Electronics,North,Low,56512.0,5567,66684.16
1959,Scissors,Stationery,West,Medium,299.0,9711,352.82
1960,Bench,Furniture,East,Low,9206.0,2924,10863.08
1962,Chair,Furniture,Central,Low,5793.0,5995,6835.74
1963,Tablet,Electronics,East,Low,59758.0,8993,70514.44
1964,Dumbbell,Sports,South,Low,927.0,1496,1093.86
1965,Football,Sports,North,High,3339.0,3524,3940.02
1966,Chair,Furniture,South,High,37873.0,9982,44690.14
1967,Camera,Electronics,South,Low,11567.0,3410,13649.06
1968,Jeans,Clothing,Central,Low,5595.0,8144,6602.099999999999
1969,Racket,Sports,East,Low,8086.0,5842,9541.48
1970,Bat,Sports,East,Low,1330.0,3169,1569.3999999999999
1971,Table,Furniture,West,High,44061.0,4302,51991.979999999996
1973,Highlighter,Stationery,South,Medium,65.0,4352,76.7
1974,Ruler,Stationery,North,High,23.0,4312,27.139999999999997
1975,Lamp,Furniture,South,Low,32285.0,4230,38096.299999999996
1976,Marker,Stationery,South,Medium,449.0,3403,529.8199999999999
1977,Ball,Sports,North,High,1976.0,6930,2331.68
1978,Scissors,Stationery,West,Medium,490.0,3385,578.1999999999999
1979,Net,Sports,West,High,4491.0,7337,5299.38
1980,Folder,Stationery,North,Low,220.0,4974,259.59999999999997
1981,Frisbee,Sports,West,Low,3197.0,5815,3772.4599999999996
1982,T-Shirt,Clothing,West,Medium,3512.0,8463,4144.16
1983,Marker,Stationery,Central,High,79.0,1198,93.22
1984,Skipping Rope,Sports,West,High,3612.0,9189,4262.16
1985,Cap,Clothing,North,Low,2855.0,2699,3368.8999999999996
1986,Bench,Furniture,South,Low,36348.0,2289,42890.64
1987,Mouse,Electronics,East,Medium,53770.0,4908,63448.6
1988,Bench,Furniture,West,Medium,33404.0,1799,39416.72
1989,Table,Furniture,Central,High,38154.0,9126,45021.72
1990,Laptop,Electronics,North,Low,77928.0,7992,91955.04
1991,Ball,Sports,Central,Medium,4767.0,8589,5625.0599999999995
1992,Headphones,Electronics,Central,Medium,52202.0,6080,61598.35999999999
1993,Bat,Sports,Central,Low,7742.0,5035,9135.56
1994,Highlighter,Stationery,West,Medium,135.0,9148,159.29999999999998
1995,Scissors,Stationery,East,Low,260.0,5922,306.8
1996,Belt,Clothing,Central,Low,5512.0,6958,6504.16
1997,Socks,Clothing,North,Low,1016.0,3057,1198.8799999999999
1998,Racket,Sports,East,Medium,195.0,3519,230.1
1999,Socks,Clothing,East,Low,1848.0,7398,2180.64
2000,Stapler,Stationery,North,Low,277.0,6151,326.85999999999996
2001,Marker,Stationery,East,Low,196.0,7487,231.28
2002,Shoes,Clothing,East,Medium,2525.0,1632,2979.5
2003,Socks,Clothing,East,Low,5078.0,8625,5992.04
2004,Shoes,Clothing,South,High,1705.0,3828,2011.8999999999999
2005,Ruler,Stationery,West,Medium,370.0,2041,436.59999999999997
2006,Ruler,Stationery,North,Low,492.0,5356,580.56
2007,Bookshelf,Furniture,Central,Medium,34876.0,3809,41153.68
2008,Stool,Furniture,North,Low,26195.0,1205,30910.1
2009,Jeans,Clothing,Central,High,1314.0,9632,1550.52
2010,Bookshelf,Furniture,West,Medium,3755.0,6637,4430.9
2011,Phone,Electronics,South,Low,47244.0,2027,55747.92
2012,Speaker,Electronics,West,Medium,74203.0,9600,87559.54
2013,Stapler,Stationery,West,Low,221.0,9110,260.78
2014,Cap,Clothing,North,High,677.0,4419,798.86
2015,Net,Sports,West,Medium,1985.0,7862,2342.2999999999997
2016,Socks,Clothing,West,Low,5160.0,6865,6088.799999999999
2017,Jacket,Clothing,North,Low,5420.0,8050,6395.599999999999
2018,Camera,Electronics,East,Medium,2828.0,3439,3337.04
2019,Helmet,Sports,Central,High,3873.0,6088,4570.139999999999
2020,Speaker,Electronics,West,Low,30202.0,6462,35638.36
2021,Marker,Stationery,Central,Low,160.0,2654,188.79999999999998
2022,Camera,Electronics,North,Low,65892.0,5651,77752.56
2023,Pen,Stationery,West,Low,471.0,5238,555.78
2024,Notebook,Stationery,Central,Low,24.0,2890,28.32
2026,Football,Sports,West,High,6213.0,5602,7331.339999999999
2027,Jacket,Clothing,Central,Low,4635.0,5090,5469.299999999999
2028,Stool,Furniture,Central,Low,21288.0,1354,25119.84
2029,Wardrobe,Furniture,Central,Low,3568.0,4308,4210.24
2030,Glue,Stationery,North,High,337.0,1605,397.65999999999997
2031,Monitor,Electronics,West,Low,46785.0,8719,55206.299999999996
2032,Socks,Clothing,North,High,286.0,7378,337.47999999999996
2033,Ball,Sports,North,High,7000.0,8801,8260.0
2034,Wardrobe,Furniture,Central,Low,24969.0,4582,29463.42
2036,Phone,Electronics,Central,Low,51101.0,9828,60299.18
2037,Lamp,Furniture,Central,High,35845.0,7847,42297.1
2038,Dumbbell,Sports,North,Low,7110.0,1314,8389.8
2039,Scarf,Clothing,North,Low,2202.0,1189,2598.3599999999997
2040,Cap,Clothing,North,Low,5095.0,9235,6012.099999999999
2041,Headphones,Electronics,Central,High,8227.0,9754,9707.859999999999
2042,Cabinet,Furniture,Central,Low,41674.0,4107,49175.32
2043,Gloves,Clothing,West,High,5251.0,7871,6196.179999999999
2044,Jeans,Clothing,East,Low,5979.0,7295,7055.219999999999
2045,Stapler,Stationery,North,Low,235.0,5579,277.3
2046,Marker,Stationery,South,Low,198.0,9495,233.64
2047,T-Shirt,Clothing,East,Medium,1118.0,4603,1319.24
2048,Notebook,Stationery,Central,Low,463.0,1150,546.3399999999999
2049,Scarf,Clothing,East,Medium,1187.0,7765,1400.6599999999999
2050,Dumbbell,Sports,South,Low,8120.0,5800,9581.6
2051,Socks,Clothing,South,Low,1304.0,3774,1538.72
2052,Marker,Stationery,North,Medium,16.0,2555,18.88
2053,Ruler,Stationery,South,High,235.0,8599,277.3
2054,Charger,Electronics,South,Medium,30535.0,6465,36031.299999999996
2055,Bench,Furniture,Central,Low,22416.0,4847,26450.879999999997
2056,Laptop,Electronics,East,Low,2102.0,9316,2480.3599999999997
2057,Table,Furniture,South,Low,5197.0,4292,6132.46
2058,Pen,Stationery,South,Low,114.0,6144,134.51999999999998
2060,Phone,Electronics,East,Low,68319.0,8354,80616.42
2061,Scarf,Clothing,West,Low,1869.0,6085,2205.42
2062,Folder,Stationery,North,Low,207.0,2612,244.26
2063,Charger,Electronics,Central,High,26401.0,6248,31153.179999999997
2064,Sofa,Furniture,North,Low,4934.0,2261,5822.12
2065,Bench,Furniture,North,Low,45904.0,5687,54166.719999999994
2066,Table,Furniture,Central,High,3982.0,6335,4698.759999999999
2067,Keyboard,Electronics,North,Low,11819.0,5906,13946.42
2068,Table,Furniture,East,Medium,43878.0,9767,51776.04
2069,Jeans,Clothing,Central,High,3841.0,5999,4532.38
2070,Jeans,Clothing,East,Low,4294.0,2431,5066.92
2071,Yoga Mat,Sports,East,Medium,8262.0,6404,9749.16
2072,Belt,Clothing,Central,Medium,5305.0,8242,6259.9
2073,Ruler,Stationery,Central,Low,34.0,6267,40.12
2075,Bookshelf,Furniture,South,Medium,22372.0,6499,26398.96
2076,Chair,Furniture,East,Low,18817.0,9179,22204.059999999998
2078,Speaker,Electronics,South,High,21460.0,8566,25322.8
2080,Glue,Stationery,Central,High,273.0,2702,322.14
2082,Jeans,Clothing,West,Low,4533.0,8122,5348.94
2083,Desk,Furniture,West,High,28057.0,1316,33107.259999999995
2084,Desk,Furniture,Central,Low,10101.0,5081,11919.179999999998
2085,Speaker,Electronics,East,Low,63938.0,3573,75446.84
2087,Frisbee,Sports,South,Low,4547.0,5104,5365.46
2088,Keyboard,Electronics,West,Medium,46084.0,6493,54379.119999999995
2089,Stapler,Stationery,North,Medium,95.0,4465,112.1
2090,Speaker,Electronics,North,Low,48113.0,6765,56773.34
2091,Socks,Clothing,South,High,1441.0,3908,1700.3799999999999
2092,Cap,Clothing,Central,Medium,4394.0,6299,5184.92
2093,Dumbbell,Sports,East,Low,8850.0,6354,10443.0
2094,Headphones,Electronics,West,High,68606.0,7982,80955.08
2095,Table,Furniture,West,Low,33623.0,4430,39675.14
2096,Stapler,Stationery,East,Medium,21.0,5135,24.779999999999998
2097,Ruler,Stationery,West,Medium,29.0,9955,34.22
2098,Stool,Furniture,East,Low,19199.0,1280,22654.82
2099,Helmet,Sports,East,Medium,7261.0,4501,8567.98
2100,Phone,Electronics,East,Low,73535.0,3922,86771.29999999999
2101,Racket,Sports,Central,Low,7835.0,8141,9245.3
2102,Marker,Stationery,North,Medium,226.0,5065,266.68
2103,Charger,Electronics,North,Low,39394.0,9794,46484.92
2104,Folder,Stationery,West,Low,215.0,9000,253.7
2107,Ruler,Stationery,East,Low,394.0,5953,464.91999999999996
2108,Lamp,Furniture,North,Medium,45168.0,8430,53298.24
2109,Glue,Stationery,West,Medium,308.0,3053,363.44
2110,Helmet,Sports,West,High,1405.0,8313,1657.8999999999999
2111,Chair,Furniture,East,High,19405.0,9997,22897.899999999998
2112,Laptop,Electronics,North,Low,31671.0,2432,37371.78
2113,Stapler,Stationery,West,High,94.0,9023,110.91999999999999
2114,Phone,Electronics,Central,Medium,6671.0,5789,7871.78
2116,Wardrobe,Furniture,Central,Low,34438.0,8073,40636.84
2118,Sofa,Furniture,Central,Low,6361.0,2836,7505.98
2119,Monitor,Electronics,Central,Medium,10215.0,2766,12053.699999999999
2120,Desk,Furniture,North,Medium,39678.0,1039,46820.04
2122,Sofa,Furniture,Central,Low,42939.0,1909,50668.02
2123,Bookshelf,Furniture,Central,Low,31059.0,1327,36649.619999999995
2124,Ball,Sports,West,Medium,6456.0,2035,7618.08
2125,Ruler,Stationery,Central,Low,387.0,4923,456.65999999999997
2126,Keyboard,Electronics,Central,Medium,51023.0,8500,60207.14
2128,Monitor,Electronics,South,Medium,38265.0,5663,45152.7
2129,Laptop,Electronics,South,Medium,25680.0,4229,30302.399999999998
2130,Frisbee,Sports,East,High,4079.0,2757,4813.219999999999
2131,T-Shirt,Clothing,North,Medium,4937.0,4078,5825.66
2132,Desk,Furniture,Central,Medium,34216.0,9272,40374.88
2133,Socks,Clothing,North,Low,641.0,9138,756.38
2134,Cabinet,Furniture,West,Low,13682.0,5985,16144.759999999998
2135,Tablet,Electronics,East,Medium,62961.0,7996,74293.98
2136,Mouse,Electronics,South,Medium,55931.0,1947,65998.58
2137,Stapler,Stationery,South,Medium,359.0,6496,423.62
2138,T-Shirt,Clothing,Central,Low,3575.0,7255,4218.5
2139,Yoga Mat,Sports,East,Low,4242.0,7818,5005.5599999999995
2140,Stapler,Stationery,South,High,95.0,6790,112.1
2141,Ruler,Stationery,West,Low,454.0,3157,535.72
2142,Shoes,Clothing,North,Low,3873.0,8615,4570.139999999999
2143,Shoes,Clothing,East,Low,4911.0,9635,5794.98
2144,Notebook,Stationery,North,Medium,65.0,1801,76.7
2145,Scarf,Clothing,West,Low,4587.0,4690,5412.66
2146,Yoga Mat,Sports,North,Medium,4042.0,1616,4769.5599999999995
2147,Stapler,Stationery,West,Low,364.0,4499,429.52
2148,Folder,Stationery,Central,Low,57.0,9086,67.25999999999999
2149,Wardrobe,Furniture,East,Medium,37707.0,6562,44494.259999999995
2150,Cap,Clothing,South,High,528.0,5156,623.04
2151,Highlighter,Stationery,North,Medium,274.0,4317,323.32
2152,T-Shirt,Clothing,East,Low,4651.0,1126,5488.179999999999
2153,Socks,Clothing,South,Medium,3487.0,8440,4114.66
2154,Notebook,Stationery,South,Low,33.0,3739,38.94
2155,Racket,Sports,South,High,5937.0,3322,7005.66
2156,Keyboard,Electronics,South,Low,1397.0,4736,1648.4599999999998
2157,Mouse,Electronics,Central,High,3398.0,2581,4009.64
2158,Tablet,Electronics,North,Medium,32941.0,3833,38870.38
2159,Shoes,Clothing,Central,Low,586.0,6124,691.48
2160,Shoes,Clothing,East,Medium,2301.0,4248,2715.18
2162,Stool,Furniture,Central,Medium,31177.0,1418,36788.86
2163,Frisbee,Sports,North,Medium,4368.0,7461,5154.24
2164,Monitor,Electronics,North,Low,77435.0,7868,91373.29999999999
2165,Glue,Stationery,East,Medium,331.0,7781,390.58
2166,Football,Sports,North,Low,287.0,6682,338.65999999999997
2167,Racket,Sports,East,Low,7161.0,7198,8449.98
2168,Gloves,Clothing,West,High,3796.0,6384,4479.28
2169,Wardrobe,Furniture,Central,Low,38949.0,8056,45959.82
2170,Speaker,Electronics,West,Low,11186.0,2097,13199.48
2171,Helmet,Sports,Central,Low,3960.0,6359,4672.8
2172,Helmet,Sports,South,Low,4323.0,7460,5101.139999999999
2173,Tablet,Electronics,East,Medium,36069.0,3205,42561.42
2174,Eraser,Stationery,East,Low,107.0,2248,126.25999999999999
2176,Jacket,Clothing,South,Low,611.0,7262,720.98
2177,Wardrobe,Furniture,North,High,2520.0,9897,2973.6
2178,Notebook,Stationery,West,High,417.0,4009,492.06
2179,Skipping Rope,Sports,South,Low,5356.0,3970,6320.08
2180,Mouse,Electronics,Central,Medium,8881.0,7569,10479.58
2181,Ball,Sports,Central,Medium,8882.0,3713,10480.76
2182,Jacket,Clothing,North,Low,687.0,8040,810.66
2184,Marker,Stationery,Central,Low,225.0,9426,265.5
2187,Charger,Electronics,West,High,24198.0,5475,28553.64
2188,Glue,Stationery,North,Medium,152.0,9467,179.35999999999999
2189,Frisbee,Sports,East,Low,2012.0,7611,2374.16
2190,Racket,Sports,East,High,8794.0,3595,10376.92
2191,Stool,Furniture,North,High,2777.0,9759,3276.8599999999997
2193,Mouse,Electronics,South,Low,26361.0,9044,31105.98
2195,Scissors,Stationery,East,Low,116.0,3454,136.88
2196,Glue,Stationery,East,Low,107.0,6239,126.25999999999999
2198,Cap,Clothing,South,Low,2623.0,8948,3095.14
2199,Lamp,Furniture,South,Low,5575.0,8297,6578.5
2200,Marker,Stationery,East,Medium,486.0,8935,573.48
2201,Socks,Clothing,Central,Low,410.0,9768,483.79999999999995
2202,Bookshelf,Furniture,Central,High,22391.0,5936,26421.379999999997
2203,Bench,Furniture,South,High,31000.0,6107,36580.0
2204,Skipping Rope,Sports,West,Low,1148.0,6048,1354.6399999999999
2205,Stapler,Stationery,South,Low,91.0,1299,107.38
2206,Chair,Furniture,Central,Medium,35447.0,7861,41827.46
2207,Monitor,Electronics,South,High,51127.0,5361,60329.85999999999
2208,Table,Furniture,Central,High,22731.0,7942,26822.579999999998
2209,Jacket,Clothing,West,Low,2805.0,1535,3309.8999999999996
2210,Pen,Stationery,South,Low,152.0,2297,179.35999999999999
2211,Cabinet,Furniture,North,Low,13609.0,9067,16058.619999999999
2213,Stool,Furniture,East,Low,29562.0,7313,34883.159999999996
2214,Stapler,Stationery,North,Medium,195.0,1089,230.1
2216,Jeans,Clothing,East,Medium,4757.0,5398,5613.259999999999
2217,Folder,Stationery,North,High,434.0,4350,512.12
2219,Gloves,Clothing,South,High,3161.0,8888,3729.98
2220,Football,Sports,South,Low,8102.0,7034,9560.359999999999
2221,Tablet,Electronics,South,Low,37749.0,1838,44543.82
2222,Desk,Furniture,North,Medium,2360.0,6469,2784.7999999999997
2223,Table,Furniture,West,Low,11381.0,8104,13429.58
2224,Yoga Mat,Sports,South,High,8348.0,1177,9850.64
2226,Stapler,Stationery,North,Low,245.0,6698,289.09999999999997
2227,Bench,Furniture,South,Medium,25740.0,6225,30373.199999999997
2228,Bench,Furniture,Central,High,28693.0,3205,33857.74
2229,Glue,Stationery,Central,Low,41.0,1904,48.379999999999995
2230,Sofa,Furniture,East,Medium,11797.0,1751,13920.46
2231,Phone,Electronics,South,Low,31051.0,2233,36640.18
2232,Marker,Stationery,East,Low,381.0,7456,449.58
2233,Helmet,Sports,East,Low,5841.0,8503,6892.379999999999
2234,Ball,Sports,North,Low,7132.0,6566,8415.76
2235,Net,Sports,West,Medium,8182.0,9997,9654.76
2236,Folder,Stationery,West,High,475.0,3914,560.5
2237,Stapler,Stationery,South,Low,56.0,1830,66.08
2239,Socks,Clothing,East,Low,1774.0,6003,2093.3199999999997
2240,Bookshelf,Furniture,West,Low,5939.0,7445,7008.0199999999995
2241,Skipping Rope,Sports,West,Low,2003.0,2010,2363.54
2242,Monitor,Electronics,West,Low,74074.0,5275,87407.31999999999
2243,Keyboard,Electronics,West,High,40814.0,7564,48160.52
2244,Ball,Sports,Central,Low,2460.0,1737,2902.7999999999997
2246,Marker,Stationery,West,Medium,453.0,6356,534.54
2247,Cabinet,Furniture,Central,Medium,16554.0,2180,19533.719999999998
2248,Phone,Electronics,Central,High,31738.0,8113,37450.84
2249,Yoga Mat,Sports,South,Medium,6819.0,9733,8046.419999999999
2250,Folder,Stationery,Central,Medium,154.0,5138,181.72
2251,Scissors,Stationery,North,Low,144.0,7841,169.92
2252,Ruler,Stationery,West,Low,500.0,1600,590.0
2253,Bat,Sports,Central,Low,4166.0,7783,4915.88
2254,Keyboard,Electronics,East,Low,72574.0,8224,85637.31999999999
2255,Charger,Electronics,Central,Low,63490.0,7541,74918.2
2256,Scissors,Stationery,West,Medium,218.0,6093,257.24
2257,Headphones,Electronics,East,Low,44586.0,2081,52611.479999999996
2258,Glue,Stationery,West,Low,201.0,5592,237.17999999999998
2259,Marker,Stationery,North,High,489.0,8097,577.02
2260,Folder,Stationery,South,Low,433.0,4604,510.94
2261,Football,Sports,West,Low,945.0,1286,1115.1
2262,Mouse,Electronics,South,Low,69683.0,7603,82225.94
2264,Notebook,Stationery,East,Low,232.0,3564,273.76
2265,Desk,Furniture,South,Medium,47143.0,5626,55628.74
2266,Belt,Clothing,East,Medium,1215.0,6808,1433.6999999999998
2267,Glue,Stationery,East,Low,425.0,4251,501.5
2268,Speaker,Electronics,North,Low,72648.0,1584,85724.64
2269,Table,Furniture,South,Medium,18685.0,1136,22048.3
2270,Highlighter,Stationery,South,High,140.0,1834,165.2
2271,Stapler,Stationery,South,Low,54.0,3354,63.72
2272,Frisbee,Sports,North,Low,3094.0,8295,3650.9199999999996
2274,Sofa,Furniture,East,Low,10626.0,2407,12538.679999999998
2275,Headphones,Electronics,Central,Medium,59771.0,2994,70529.78
2276,Bookshelf,Furniture,North,Low,29144.0,9275,34389.92
2277,Pen,Stationery,West,Low,248.0,7075,292.64
2278,Scarf,Clothing,West,Medium,5917.0,4396,6982.0599999999995
2280,Cabinet,Furniture,South,Low,48952.0,2635,57763.36
2281,Frisbee,Sports,South,Medium,1360.0,5426,1604.8
2283,Frisbee,Sports,North,Low,1438.0,1000,1696.84
2285,Eraser,Stationery,West,Low,168.0,2943,198.23999999999998
2286,Belt,Clothing,East,High,408.0,9615,481.44
2287,Sweater,Clothing,Central,Low,5173.0,2164,6104.139999999999
2289,Speaker,Electronics,Central,Low,31095.0,7285,36692.1
2290,Scarf,Clothing,South,Low,297.0,5721,350.46
2291,Helmet,Sports,East,Low,6627.0,2079,7819.86
2292,Chair,Furniture,East,Low,26397.0,4507,31148.46
2294,Gloves,Clothing,East,High,1245.0,1993,1469.1
2295,Dumbbell,Sports,South,Low,4747.0,1182,5601.46
2296,Bench,Furniture,West,Low,24445.0,9564,28845.1
2297,Marker,Stationery,West,High,354.0,5977,417.71999999999997
2298,Stool,Furniture,South,Low,20260.0,5019,23906.8
2299,Keyboard,Electronics,Central,High,30390.0,3603,35860.2
2301,Football,Sports,Central,Low,4032.0,4624,4757.759999999999
2302,Table,Furniture,Central,Medium,26736.0,4143,31548.48
2304,Desk,Furniture,North,High,19446.0,1010,22946.28
2305,Marker,Stationery,North,Medium,455.0,2437,536.9
2306,Stapler,Stationery,North,Low,301.0,9267,355.18
2307,Belt,Clothing,East,Medium,495.0,6927,584.1
2308,Net,Sports,North,Medium,3224.0,7862,3804.3199999999997
2309,Shoes,Clothing,North,High,3977.0,6357,4692.86
2310,Helmet,Sports,East,High,4994.0,8412,5892.92
2311,Keyboard,Electronics,Central,Low,23644.0,7544,27899.92
2312,Chair,Furniture,North,Medium,25713.0,4510,30341.34
2313,Belt,Clothing,Central,Medium,1455.0,4806,1716.8999999999999
2315,Laptop,Electronics,Central,Low,66602.0,2423,78590.36
2316,Stapler,Stationery,East,Medium,130.0,8166,153.4
2317,Socks,Clothing,East,Low,416.0,4015,490.88
2318,Jeans,Clothing,Central,Low,1122.0,2588,1323.96
2319,Stapler,Stationery,Central,Low,345.0,9859,407.09999999999997
2320,Chair,Furniture,West,Medium,36336.0,5978,42876.479999999996
2321,Sofa,Furniture,West,Medium,44652.0,5533,52689.36
2322,Jacket,Clothing,West,Low,5314.0,9399,6270.5199999999995
2323,Charger,Electronics,East,Medium,38575.0,4912,45518.5
2324,Marker,Stationery,West,Low,150.0,1765,177.0
2325,Scarf,Clothing,East,Medium,2286.0,4281,2697.48
2326,Scarf,Clothing,West,Medium,1079.0,8940,1273.22
2327,Phone,Electronics,West,High,23324.0,3936,27522.32
2328,Chair,Furniture,West,Medium,36769.0,8560,43387.42
2330,Eraser,Stationery,South,Medium,138.0,5979,162.84
2331,Table,Furniture,South,Low,4762.0,1825,5619.16
2332,Table,Furniture,East,Low,31019.0,9240,36602.42
2333,Net,Sports,East,Low,4505.0,9467,5315.9
2334,Gloves,Clothing,North,Low,5706.0,8968,6733.08
2335,Scarf,Clothing,North,Low,5060.0,7700,5970.799999999999
2336,Notebook,Stationery,West,Low,339.0,8319,400.02
2337,Bat,Sports,East,Medium,1738.0,6646,2050.8399999999997
2338,Camera,Electronics,South,Low,20148.0,6488,23774.64
2339,Lamp,Furniture,West,Low,7426.0,4654,8762.68
2340,Pen,Stationery,South,Medium,28.0,7816,33.04
2341,Eraser,Stationery,Central,Medium,292.0,3396,344.56
2342,Skipping Rope,Sports,East,Low,4653.0,7213,5490.54
2343,Sweater,Clothing,West,Low,3182.0,3052,3754.7599999999998
2344,Folder,Stationery,West,High,249.0,1390,293.82
2345,Scissors,Stationery,West,High,224.0,6661,264.32
2346,Cap,Clothing,North,High,657.0,1854,775.26
2347,Stapler,Stationery,East,Low,271.0,2756,319.78
2348,Jacket,Clothing,East,Low,308.0,8309,363.44
2349,Scarf,Clothing,East,Low,2790.0,2843,3292.2
2350,Yoga Mat,Sports,South,Medium,6410.0,7323,7563.799999999999
2351,T-Shirt,Clothing,West,Low,1147.0,1025,1353.46
2352,Bench,Furniture,Central,Low,11483.0,4035,13549.939999999999
2353,Socks,Clothing,West,High,5523.0,1656,6517.139999999999
2354,Yoga Mat,Sports,West,Low,5843.0,1514,6894.74
2355,Bat,Sports,South,High,8173.0,8023,9644.14
2357,Frisbee,Sports,Central,Low,2142.0,9716,2527.56
2358,Stapler,Stationery,Central,Low,271.0,1781,319.78
2359,Wardrobe,Furniture,Central,Low,12861.0,2490,15175.98
2360,Folder,Stationery,West,Medium,360.0,9593,424.79999999999995
2361,Laptop,Electronics,Central,High,6658.0,5958,7856.44
2362,Stool,Furniture,North,Low,29579.0,6494,34903.22
2363,Pen,Stationery,North,High,25.0,9932,29.5
2364,Sweater,Clothing,East,High,2718.0,5540,3207.24
2365,Yoga Mat,Sports,Central,High,6737.0,8977,7949.66
2367,Yoga Mat,Sports,Central,Medium,780.0,3570,920.4
2368,Scarf,Clothing,South,Low,2236.0,7497,2638.48
2370,Table,Furniture,Central,Low,27864.0,5239,32879.52
2371,Helmet,Sports,South,Low,4670.0,5474,5510.599999999999
2372,Socks,Clothing,North,Medium,5427.0,4386,6403.86
2373,Yoga Mat,Sports,South,Low,236.0,4164,278.47999999999996
2374,Stool,Furniture,North,Medium,2544.0,6795,3001.9199999999996
2375,Football,Sports,West,Low,8275.0,2868,9764.5
2376,Highlighter,Stationery,North,Medium,17.0,8517,20.06
2377,Monitor,Electronics,South,Low,19130.0,2667,22573.399999999998
2378,Stool,Furniture,North,Medium,45666.0,7149,53885.88
2379,Marker,Stationery,North,Medium,392.0,6916,462.56
2380,Net,Sports,West,High,1172.0,7636,1382.96
2381,Yoga Mat,Sports,South,Low,6493.0,3742,7661.74
2383,Bench,Furniture,South,Low,13422.0,1017,15837.96
2385,Scissors,Stationery,East,Low,441.0,4648,520.38
2386,Belt,Clothing,Central,Low,274.0,9411,323.32
2387,Table,Furniture,East,Low,18624.0,3381,21976.32
2388,Sofa,Furniture,South,Medium,7122.0,3412,8403.96
2389,Helmet,Sports,East,Medium,2429.0,2479,2866.22
2391,Speaker,Electronics,North,Low,77190.0,1716,91084.2
2392,Net,Sports,South,High,2781.0,5040,3281.58
2393,Folder,Stationery,South,Medium,236.0,6726,278.47999999999996
2394,Glue,Stationery,North,High,341.0,4440,402.38
2396,Dumbbell,Sports,East,High,979.0,1267,1155.22
2397,Phone,Electronics,West,Low,79833.0,2359,94202.93999999999
2398,Phone,Electronics,North,Low,18211.0,1858,21488.98
2399,Yoga Mat,Sports,North,Low,1118.0,6041,1319.24
2400,Marker,Stationery,South,Low,485.0,6274,572.3
2401,Lamp,Furniture,North,High,43333.0,2708,51132.939999999995
2402,Headphones,Electronics,West,Medium,17890.0,6165,21110.199999999997
2403,Racket,Sports,Central,Medium,723.0,9913,853.14
2404,Football,Sports,South,Medium,7195.0,4101,8490.1
2406,Skipping Rope,Sports,North,Medium,2332.0,8218,2751.7599999999998
2407,Headphones,Electronics,West,Low,19812.0,9468,23378.16
2408,Notebook,Stationery,East,High,196.0,1604,231.28
2410,Sofa,Furniture,North,Low,22289.0,3921,26301.019999999997
2411,Scissors,Stationery,South,Low,205.0,5131,241.89999999999998
2412,Charger,Electronics,West,Medium,46015.0,2389,54297.7
2413,Frisbee,Sports,West,Low,5398.0,3045,6369.639999999999
2414,Charger,Electronics,South,Low,48520.0,4480,57253.6
2415,Socks,Clothing,East,High,1828.0,6808,2157.04
2416,Jeans,Clothing,East,Low,1056.0,2755,1246.08
2417,T-Shirt,Clothing,East,Medium,1358.0,1348,1602.4399999999998
2418,Monitor,Electronics,North,Medium,59048.0,6247,69676.64
2419,Dumbbell,Sports,Central,Medium,7908.0,6200,9331.439999999999
2420,Bench,Furniture,South,Low,25001.0,4599,29501.179999999997
2421,Ball,Sports,West,High,2443.0,7359,2882.74
2422,Scissors,Stationery,Central,Low,245.0,1661,289.09999999999997
2423,Cabinet,Furniture,Central,Low,20202.0,4576,23838.359999999997
2424,Laptop,Electronics,West,Low,35378.0,6024,41746.04
2425,Dumbbell,Sports,Central,High,8761.0,7624,10337.98
2427,Frisbee,Sports,West,Low,1336.0,3190,1576.48
2428,Cabinet,Furniture,North,Low,25750.0,2214,30385.0
2429,Pen,Stationery,North,Medium,27.0,7133,31.86
2430,Mouse,Electronics,North,Medium,25535.0,9296,30131.3
2433,Helmet,Sports,South,Medium,8850.0,6856,10443.0
2434,Belt,Clothing,North,Medium,3782.0,9053,4462.76
2435,Sweater,Clothing,South,Low,1623.0,7485,1915.1399999999999
2436,Bat,Sports,East,Low,8921.0,7894,10526.779999999999
2437,Speaker,Electronics,East,Medium,28118.0,7416,33179.24
2438,Gloves,Clothing,Central,Medium,2523.0,1981,2977.14
2439,Headphones,Electronics,West,Low,31917.0,1927,37662.06
2440,Stapler,Stationery,North,Low,409.0,1049,482.61999999999995
2441,Glue,Stationery,Central,Medium,134.0,9340,158.12
2442,Pen,Stationery,South,Low,207.0,1514,244.26
2443,Racket,Sports,North,Medium,6514.0,5563,7686.5199999999995
2444,Sofa,Furniture,South,High,4305.0,3202,5079.9
2445,Monitor,Electronics,North,High,20704.0,1733,24430.719999999998
2446,Scissors,Stationery,North,High,37.0,8860,43.66
2447,Socks,Clothing,West,Low,5491.0,7823,6479.38
2448,Ball,Sports,Central,Low,4362.0,5908,5147.16
2449,Ball,Sports,South,Low,6948.0,6315,8198.64
2450,Racket,Sports,South,Medium,8390.0,7860,9900.199999999999
2451,Ruler,Stationery,West,Medium,97.0,8998,114.46
2452,Desk,Furniture,South,Low,9898.0,7294,11679.64
2453,Glue,Stationery,East,Medium,153.0,9355,180.54
2454,Notebook,Stationery,East,Low,369.0,6116,435.41999999999996
2456,Keyboard,Electronics,Central,Medium,30335.0,9952,35795.299999999996
2457,Racket,Sports,North,Low,7436.0,1376,8774.48
2458,Racket,Sports,Central,Medium,8805.0,7166,10389.9
2459,Ruler,Stationery,North,Low,380.0,4356,448.4
2460,Phone,Electronics,West,High,48559.0,5330,57299.619999999995
2461,Jeans,Clothing,South,Low,1698.0,2547,2003.6399999999999
2462,Jacket,Clothing,West,Low,1342.0,2681,1583.56
2463,Chair,Furniture,East,Low,16664.0,7281,19663.52
2464,Scarf,Clothing,North,High,5970.0,4156,7044.599999999999
2465,Jacket,Clothing,East,High,5737.0,1691,6769.66
2466,Stapler,Stationery,Central,High,126.0,6407,148.67999999999998
2467,Wardrobe,Furniture,East,High,13768.0,8246,16246.24
2468,Table,Furniture,East,Medium,46926.0,4799,55372.68
2469,Bat,Sports,East,Medium,6088.0,5115,7183.839999999999
2470,Pen,Stationery,South,Low,332.0,8837,391.76
2471,Highlighter,Stationery,North,High,252.0,8019,297.35999999999996
2472,Notebook,Stationery,South,High,155.0,7482,182.89999999999998
2473,Scarf,Clothing,Central,Low,2989.0,3236,3527.02
2474,Notebook,Stationery,West,High,211.0,5432,248.98
2475,Keyboard,Electronics,West,Low,69692.0,3852,82236.56
2476,Stool,Furniture,Central,Medium,28591.0,5086,33737.38
2477,Marker,Stationery,East,Medium,369.0,2324,435.41999999999996
2478,Belt,Clothing,Central,Medium,4627.0,6583,5459.86
2479,Glue,Stationery,Central,High,386.0,9983,455.47999999999996
2480,Ruler,Stationery,Central,High,45.0,8527,53.099999999999994
2481,Bench,Furniture,Central,Low,32909.0,7295,38832.619999999995
2482,Notebook,Stationery,Central,Low,306.0,6262,361.08
2483,Frisbee,Sports,Central,Low,581.0,1033,685.5799999999999
2484,Speaker,Electronics,Central,Low,14467.0,1798,17071.059999999998
2485,Lamp,Furniture,East,Low,25166.0,8539,29695.879999999997
2486,Speaker,Electronics,East,Low,47650.0,3863,56227.0
2487,Yoga Mat,Sports,East,Low,2138.0,7025,2522.8399999999997
2488,Wardrobe,Furniture,East,Medium,21320.0,5393,25157.6
2489,Ruler,Stationery,West,High,294.0,6306,346.91999999999996
2490,Marker,Stationery,West,Low,470.0,1982,554.6
2491,Sofa,Furniture,South,Medium,25644.0,3711,30259.92
2492,Sofa,Furniture,East,Medium,39318.0,9136,46395.24
2493,Cabinet,Furniture,West,Low,29808.0,9709,35173.439999999995
2494,Belt,Clothing,South,Low,5009.0,5851,5910.62
2496,Marker,Stationery,West,Low,363.0,6027,428.34
2497,Ball,Sports,East,Medium,2209.0,1315,2606.62
2498,Bookshelf,Furniture,East,Medium,13632.0,5250,16085.759999999998
2499,Camera,Electronics,North,Low,59932.0,7271,70719.76
2500,Socks,Clothing,East,High,815.0,1155,961.6999999999999
2501,Dumbbell,Sports,West,Low,1339.0,9873,1580.02
2502,Ruler,Stationery,South,Low,478.0,1443,564.04
2503,Desk,Furniture,South,High,28817.0,4634,34004.06
2505,Bench,Furniture,South,Medium,26278.0,2731,31008.039999999997
2506,Wardrobe,Furniture,East,High,40735.0,7943,48067.299999999996
2507,Belt,Clothing,West,Medium,758.0,1012,894.4399999999999
2508,Camera,Electronics,North,Low,64522.0,2458,76135.95999999999
2509,Jeans,Clothing,East,Medium,2221.0,1028,2620.7799999999997
2511,T-Shirt,Clothing,East,Low,5760.0,6328,6796.799999999999
2512,Monitor,Electronics,East,Medium,74154.0,6615,87501.72
2513,Mouse,Electronics,South,Medium,19343.0,2358,22824.739999999998
2514,Keyboard,Electronics,South,Low,9141.0,7855,10786.38
2515,Belt,Clothing,North,Low,1467.0,4940,1731.06
2516,Cabinet,Furniture,South,High,5201.0,1518,6137.179999999999
2517,Notebook,Stationery,West,High,149.0,6586,175.82
2518,Lamp,Furniture,Central,Low,44246.0,3201,52210.28
2519,Scissors,Stationery,North,Low,63.0,6112,74.33999999999999
2520,Marker,Stationery,South,Low,85.0,9379,100.3
2521,Table,Furniture,Central,Medium,19241.0,2492,22704.379999999997
2522,Shoes,Clothing,South,Medium,4650.0,2563,5487.0
2523,Football,Sports,North,Low,4027.0,7285,4751.86
2524,Sweater,Clothing,South,Medium,4778.0,8985,5638.04
2525,Eraser,Stationery,North,Low,239.0,6620,282.02
2526,Sofa,Furniture,North,High,21694.0,6600,25598.92
2527,Lamp,Furniture,South,High,31353.0,2927,36996.54
2528,Helmet,Sports,North,Medium,5998.0,4219,7077.639999999999
2529,Laptop,Electronics,Central,Low,5711.0,8316,6738.98
2530,Gloves,Clothing,East,Low,2725.0,5034,3215.5
2531,Stapler,Stationery,West,Medium,223.0,2643,263.14
2532,Folder,Stationery,West,Low,52.0,2884,61.36
2533,Table,Furniture,South,Low,15792.0,4759,18634.559999999998
2534,Scarf,Clothing,West,Medium,2813.0,8703,3319.3399999999997
2536,Tablet,Electronics,South,High,42128.0,7004,49711.04
2537,Frisbee,Sports,South,Low,3150.0,3469,3717.0
2538,Laptop,Electronics,Central,Low,67091.0,2707,79167.37999999999
2539,Stool,Furniture,East,Medium,34270.0,8068,40438.6
2540,Table,Furniture,North,High,37852.0,1535,44665.36
2541,Marker,Stationery,East,Medium,300.0,9876,354.0
2542,Football,Sports,Central,Medium,5777.0,3673,6816.86
2543,Helmet,Sports,Central,Medium,6541.0,1431,7718.379999999999
2544,Charger,Electronics,North,Low,18751.0,1761,22126.18
2545,Ball,Sports,South,Low,1980.0,4658,2336.4
2546,Skipping Rope,Sports,East,Low,6999.0,7754,8258.82
2547,Monitor,Electronics,East,Low,7206.0,8224,8503.08
2548,Speaker,Electronics,Central,Low,70204.0,9098,82840.72
2549,Eraser,Stationery,East,Low,493.0,9459,581.74
2550,Desk,Furniture,Central,Low,37308.0,9496,44023.439999999995
2551,Scissors,Stationery,Central,Medium,467.0,7262,551.06
2552,Dumbbell,Sports,East,High,2778.0,1795,3278.04
2553,Tablet,Electronics,South,Low,39205.0,4326,46261.899999999994
2554,Cap,Clothing,South,Low,4268.0,3801,5036.24
2555,Bat,Sports,North,Low,3479.0,6845,4105.219999999999
2556,Skipping Rope,Sports,West,High,884.0,4001,1043.12
2557,Charger,Electronics,West,Medium,77687.0,3404,91670.65999999999
2558,Gloves,Clothing,East,Low,3727.0,8723,4397.86
2559,Cabinet,Furniture,West,Low,15394.0,1665,18164.92
2560,Eraser,Stationery,Central,Medium,145.0,7781,171.1
2561,Scarf,Clothing,North,Low,1753.0,7870,2068.54
2562,Lamp,Furniture,South,Low,10612.0,8401,12522.16
2563,Sofa,Furniture,North,Medium,11036.0,1051,13022.48
2564,Helmet,Sports,South,High,2764.0,7826,3261.52
2565,Ball,Sports,South,Low,3117.0,8789,3678.06
2566,Keyboard,Electronics,South,Low,78121.0,5480,92182.78
2568,Dumbbell,Sports,South,Low,1613.0,6305,1903.34
2569,Monitor,Electronics,North,Low,67061.0,8224,79131.98
2570,Monitor,Electronics,South,Low,78212.0,4883,92290.15999999999
2571,Socks,Clothing,Central,Medium,4722.0,1398,5571.96
2572,Shoes,Clothing,North,Low,2979.0,7344,3515.22
2573,Phone,Electronics,West,Low,57305.0,5402,67619.9
2574,Desk,Furniture,Central,Low,13175.0,7222,15546.5
2575,Marker,Stationery,North,High,99.0,5883,116.82
2576,Yoga Mat,Sports,Central,Medium,5324.0,3521,6282.32
2577,Belt,Clothing,North,High,2509.0,1117,2960.62
2578,Skipping Rope,Sports,East,Low,560.0,3662,660.8
2579,Stool,Furniture,North,Low,33256.0,7493,39242.079999999994
2580,Helmet,Sports,East,Medium,5319.0,2330,6276.42
2581,T-Shirt,Clothing,North,Low,2967.0,8097,3501.06
2582,Skipping Rope,Sports,Central,Low,8586.0,7358,10131.48
2583,Jacket,Clothing,South,Low,5118.0,9417,6039.24
2585,Gloves,Clothing,South,Low,1786.0,4854,2107.48
2586,Charger,Electronics,East,Low,56394.0,2243,66544.92
2587,Ruler,Stationery,North,Medium,382.0,7093,450.76
2588,Jeans,Clothing,Central,Medium,4836.0,8600,5706.48
2589,Scarf,Clothing,West,Medium,3244.0,2576,3827.9199999999996
2590,Jacket,Clothing,Central,Medium,252.0,9678,297.35999999999996
2591,Monitor,Electronics,Central,Medium,58116.0,8999,68576.87999999999
2592,Ruler,Stationery,East,Low,191.0,2550,225.38
2593,T-Shirt,Clothing,South,Medium,5339.0,3854,6300.0199999999995
2594,Football,Sports,South,Medium,6084.0,8339,7179.12
2595,Highlighter,Stationery,South,Medium,198.0,5329,233.64
2596,Camera,Electronics,West,High,70849.0,4184,83601.81999999999
2597,Cap,Clothing,Central,Medium,5637.0,6467,6651.66
2598,Yoga Mat,Sports,Central,Low,5323.0,5805,6281.139999999999
2600,Racket,Sports,Central,Low,4322.0,3557,5099.96
2601,Wardrobe,Furniture,Central,Low,37289.0,5289,44001.02
2602,Headphones,Electronics,Central,High,18051.0,8996,21300.18
2603,Bookshelf,Furniture,North,Medium,37248.0,9162,43952.64
2604,Sofa,Furniture,West,Medium,14316.0,1875,16892.879999999997
2606,Lamp,Furniture,South,High,14359.0,1420,16943.62
2607,Belt,Clothing,Central,Low,3255.0,8757,3840.8999999999996
2608,Cabinet,Furniture,West,Low,20677.0,3543,24398.859999999997
2609,Football,Sports,West,Low,2677.0,5990,3158.8599999999997
2610,Racket,Sports,West,High,8960.0,5702,10572.8
2611,Sofa,Furniture,West,Low,26201.0,5119,30917.179999999997
2613,Charger,Electronics,North,Low,38584.0,5670,45529.119999999995
2614,Shoes,Clothing,South,Low,4222.0,4549,4981.96
2615,Laptop,Electronics,North,Low,48463.0,3242,57186.34
2616,Folder,Stationery,West,Low,63.0,1508,74.33999999999999
2617,Desk,Furniture,Central,Medium,23716.0,8216,27984.879999999997
2618,Frisbee,Sports,South,Medium,1889.0,2778,2229.02
2619,T-Shirt,Clothing,West,High,3316.0,3931,3912.8799999999997
2620,Speaker,Electronics,North,Low,40525.0,8150,47819.5
2621,Glue,Stationery,East,High,89.0,9472,105.02
2622,Notebook,Stationery,South,Low,81.0,6036,95.58
2623,Laptop,Electronics,West,Low,20996.0,3844,24775.28
2624,Mouse,Electronics,East,Low,70523.0,2212,83217.14
2625,Shoes,Clothing,Central,Low,5667.0,7816,6687.0599999999995
2627,Folder,Stationery,West,Medium,130.0,8419,153.4
2629,Marker,Stationery,West,Medium,426.0,7573,502.67999999999995
2630,Dumbbell,Sports,South,Low,4520.0,5858,5333.599999999999
2631,Bat,Sports,East,Medium,7207.0,1420,8504.26
2632,Headphones,Electronics,North,Low,26640.0,6485,31435.199999999997
2633,Bench,Furniture,South,Low,38246.0,6890,45130.28
2634,Bat,Sports,East,Medium,663.0,7070,782.3399999999999
2635,Tablet,Electronics,South,High,73376.0,2912,86583.68
2636,Bookshelf,Furniture,East,Medium,43981.0,2859,51897.579999999994
2638,Helmet,Sports,Central,Low,5964.0,2720,7037.5199999999995
2639,Eraser,Stationery,East,Low,99.0,9052,116.82
2640,Charger,Electronics,North,Low,3043.0,7280,3590.74
2641,Headphones,Electronics,West,High,38033.0,1931,44878.939999999995
2643,Wardrobe,Furniture,South,Low,28210.0,7712,33287.799999999996
2644,T-Shirt,Clothing,Central,Low,2131.0,4908,2514.58
2645,Stool,Furniture,East,High,15722.0,7712,18551.96
2646,Ball,Sports,North,Medium,2909.0,4670,3432.62
2647,Glue,Stationery,West,Medium,129.0,3289,152.22
2648,Table,Furniture,East,Low,47134.0,7110,55618.119999999995
2649,Charger,Electronics,North,Low,72478.0,9954,85524.04
2650,Stapler,Stationery,North,Low,247.0,6625,291.46
2651,Monitor,Electronics,East,Low,74562.0,8825,87983.15999999999
2653,Racket,Sports,South,Low,5041.0,6391,5948.38
2654,Dumbbell,Sports,North,Medium,1034.0,3900,1220.12
2655,Mouse,Electronics,Central,Low,9238.0,4220,10900.84
2656,Sofa,Furniture,South,Low,28342.0,6378,33443.56
2658,Highlighter,Stationery,East,Medium,349.0,8622,411.82
2659,Charger,Electronics,South,Medium,76640.0,3929,90435.2
2660,Marker,Stationery,West,Low,413.0,1089,487.34
2661,Scarf,Clothing,West,High,1569.0,5283,1851.4199999999998
2662,Ruler,Stationery,Central,High,336.0,3827,396.47999999999996
2663,Stool,Furniture,North,Low,21404.0,5695,25256.719999999998
2665,Camera,Electronics,East,High,34448.0,8163,40648.64
2666,Dumbbell,Sports,South,Medium,8929.0,1298,10536.22
2667,Net,Sports,South,Low,1658.0,1158,1956.4399999999998
2668,Sweater,Clothing,South,Low,3564.0,8770,4205.5199999999995
2669,Cap,Clothing,South,Low,5788.0,2218,6829.839999999999
2670,Bat,Sports,North,Low,4403.0,1145,5195.54
2671,Net,Sports,West,Medium,1554.0,8878,1833.7199999999998
2672,Sofa,Furniture,East,Low,16394.0,6361,19344.92
2674,Folder,Stationery,Central,Low,382.0,8825,450.76
2675,Phone,Electronics,South,Low,65889.0,4490,77749.01999999999
2676,Laptop,Electronics,South,Low,61194.0,9526,72208.92
2677,Football,Sports,Central,Low,6242.0,2158,7365.5599999999995
2678,Gloves,Clothing,East,Low,4149.0,4529,4895.82
2680,Camera,Electronics,Central,Low,40122.0,5346,47343.96
2682,Sweater,Clothing,East,Low,4552.0,6482,5371.36
2684,Dumbbell,Sports,East,Low,3128.0,3217,3691.04
2685,Net,Sports,Central,Medium,3348.0,9653,3950.64
2686,Stapler,Stationery,North,Low,212.0,1208,250.16
2687,Glue,Stationery,North,Medium,468.0,7712,552.24
2688,Racket,Sports,East,Medium,6634.0,8247,7828.12
2689,Pen,Stationery,West,High,455.0,2248,536.9
2690,Table,Furniture,East,High,29945.0,7019,35335.1
2691,Skipping Rope,Sports,East,Low,3259.0,1438,3845.62
2692,Pen,Stationery,South,Medium,150.0,5285,177.0
2693,Speaker,Electronics,East,Low,66031.0,2379,77916.58
2694,Yoga Mat,Sports,East,Medium,2619.0,2193,3090.4199999999996
2695,Headphones,Electronics,East,Low,56640.0,9066,66835.2
2696,Cap,Clothing,Central,Low,4690.0,2025,5534.2
2697,Ruler,Stationery,East,High,475.0,3581,560.5
2698,Stool,Furniture,East,Medium,16842.0,1736,19873.559999999998
2699,Cap,Clothing,East,Medium,3273.0,6714,3862.14
2700,Football,Sports,East,Low,5269.0,5683,6217.42
2701,Scissors,Stationery,Central,High,136.0,6698,160.48
2702,Charger,Electronics,East,Low,21800.0,4157,25724.0
2703,Speaker,Electronics,West,Low,40872.0,4777,48228.96
2704,Marker,Stationery,North,Low,120.0,6552,141.6
2705,Lamp,Furniture,East,Low,22446.0,3677,26486.28
2706,Tablet,Electronics,East,Low,57823.0,9084,68231.14
2707,Sofa,Furniture,West,Medium,27528.0,2322,32483.039999999997
2708,Glue,Stationery,West,Low,481.0,3368,567.5799999999999
2709,Shoes,Clothing,North,Medium,482.0,6152,568.76
2711,Gloves,Clothing,South,Low,2644.0,2945,3119.9199999999996
2712,Racket,Sports,Central,High,5651.0,6134,6668.179999999999
2713,Bookshelf,Furniture,East,High,26799.0,9535,31622.82
2714,Camera,Electronics,South,Medium,9445.0,9349,11145.099999999999
2715,Sweater,Clothing,East,Medium,3593.0,1937,4239.74
2716,Cap,Clothing,South,Low,2963.0,9131,3496.3399999999997
2717,Glue,Stationery,North,High,443.0,6309,522.74
2718,Dumbbell,Sports,East,Low,783.0,1698,923.9399999999999
2719,Eraser,Stationery,North,Medium,229.0,9894,270.21999999999997
2721,Shoes,Clothing,South,Medium,2681.0,2679,3163.58
2722,Scissors,Stationery,East,High,325.0,9517,383.5
2723,Jacket,Clothing,East,High,5158.0,1334,6086.44
2724,Dumbbell,Sports,West,Low,861.0,6917,1015.9799999999999
2725,Stapler,Stationery,North,High,273.0,9325,322.14
2726,Cabinet,Furniture,North,High,37292.0,8269,44004.56
2727,Sweater,Clothing,South,Low,4741.0,7268,5594.38
2728,Cabinet,Furniture,North,Low,13949.0,3938,16459.82
2729,Stool,Furniture,Central,Medium,7955.0,9613,9386.9
2730,Cap,Clothing,South,Low,1542.0,9421,1819.56
2731,Phone,Electronics,North,Low,71112.0,6898,83912.15999999999
2732,Folder,Stationery,East,High,426.0,9745,502.67999999999995
2733,Sweater,Clothing,East,Low,3286.0,6688,3877.48
2735,Sweater,Clothing,South,Medium,4669.0,7195,5509.42
2736,T-Shirt,Clothing,South,Medium,2367.0,2426,2793.06
2737,Shoes,Clothing,South,Low,295.0,4864,348.09999999999997
2738,Monitor,Electronics,North,High,68132.0,4971,80395.76
2739,Tablet,Electronics,South,Medium,52037.0,7813,61403.659999999996
2740,Camera,Electronics,West,Low,5843.0,8712,6894.74
2741,Laptop,Electronics,East,High,12841.0,6117,15152.38
2742,Cap,Clothing,Central,Low,3713.0,8277,4381.34
2743,Dumbbell,Sports,North,Medium,7896.0,7857,9317.279999999999
2744,Bat,Sports,West,Medium,8604.0,5161,10152.72
2745,Camera,Electronics,East,Low,32861.0,2529,38775.979999999996
2746,Monitor,Electronics,South,Low,73725.0,3711,86995.5
2747,Notebook,Stationery,West,Low,274.0,2398,323.32
2748,Dumbbell,Sports,North,Low,489.0,6389,577.02
2749,Skipping Rope,Sports,Central,Medium,7989.0,7463,9427.019999999999
2751,Phone,Electronics,Central,Medium,43247.0,3544,51031.46
2752,Wardrobe,Furniture,Central,Low,15047.0,8100,17755.46
2753,Scarf,Clothing,North,Low,5302.0,1819,6256.36
2754,Monitor,Electronics,North,Low,23543.0,4579,27780.739999999998
2755,Shoes,Clothing,Central,Low,2140.0,3124,2525.2
2756,Bookshelf,Furniture,South,Medium,27483.0,3083,32429.94
2757,Marker,Stationery,North,Low,455.0,9258,536.9
2758,Dumbbell,Sports,Central,Medium,5371.0,4787,6337.78
2759,Bookshelf,Furniture,East,Low,3710.0,8517,4377.8
2760,Helmet,Sports,Central,Medium,4085.0,8532,4820.3
2761,Sweater,Clothing,Central,Low,1921.0,4472,2266.7799999999997
2762,Scissors,Stationery,North,Low,310.0,8879,365.79999999999995
2763,Scissors,Stationery,East,Low,189.0,2005,223.01999999999998
2764,Chair,Furniture,East,Medium,24114.0,4553,28454.519999999997
2765,Marker,Stationery,Central,High,133.0,6071,156.94
2766,Cabinet,Furniture,Central,High,34922.0,2872,41207.96
2767,Skipping Rope,Sports,North,Low,2923.0,7855,3449.14
2768,Football,Sports,East,High,6991.0,4791,8249.38
2769,Bat,Sports,Central,Low,4553.0,6788,5372.54
2770,Cabinet,Furniture,West,Low,10506.0,5865,12397.08
2771,Eraser,Stationery,East,High,163.0,4459,192.34
2774,Sweater,Clothing,North,Low,2541.0,2818,2998.3799999999997
2775,Highlighter,Stationery,South,Low,77.0,6710,90.86
2777,Frisbee,Sports,West,Low,863.0,7300,1018.3399999999999
2778,Belt,Clothing,East,Low,3048.0,3019,3596.64
2779,Bat,Sports,North,High,3267.0,3696,3855.06
2780,Scarf,Clothing,West,High,1804.0,7976,2128.72
2781,Yoga Mat,Sports,South,Medium,8968.0,3823,10582.24
2782,Cabinet,Furniture,East,High,35428.0,1499,41805.04
2783,Headphones,Electronics,West,Low,65770.0,1494,77608.59999999999
2784,Stapler,Stationery,South,Low,109.0,9598,128.62
2785,Socks,Clothing,West,High,3993.0,8027,4711.74
2786,Ball,Sports,East,Medium,2913.0,7682,3437.3399999999997
2788,Lamp,Furniture,North,Medium,15459.0,9619,18241.62
2789,Ruler,Stationery,North,Medium,312.0,3918,368.15999999999997
2790,Jeans,Clothing,East,Medium,5439.0,8042,6418.0199999999995
2791,Stapler,Stationery,West,High,346.0,8173,408.28
2792,Tablet,Electronics,North,Medium,10218.0,7366,12057.24
2794,Cabinet,Furniture,South,Medium,5631.0,2261,6644.58
2795,Bench,Furniture,West,Medium,2085.0,1570,2460.2999999999997
2796,Yoga Mat,Sports,East,Low,2161.0,8565,2549.98
2797,Ruler,Stationery,Central,Low,445.0,7416,525.1
2799,Table,Furniture,West,High,32106.0,4790,37885.079999999994
2800,Jeans,Clothing,East,Medium,5906.0,4990,6969.08
2801,Bookshelf,Furniture,West,High,18916.0,8037,22320.879999999997
2802,Chair,Furniture,Central,Medium,49902.0,6959,58884.35999999999
2803,Tablet,Electronics,West,Low,60116.0,8061,70936.87999999999
2804,Folder,Stationery,West,Low,173.0,9906,204.14
2805,Desk,Furniture,East,High,21618.0,6849,25509.239999999998
2806,Lamp,Furniture,South,Low,46345.0,7185,54687.1
2807,Pen,Stationery,Central,Low,381.0,6007,449.58
2808,Net,Sports,North,Low,3862.0,4068,4557.16
2809,Bench,Furniture,North,High,23762.0,1278,28039.16
2810,Skipping Rope,Sports,East,High,874.0,4408,1031.32
2811,Ball,Sports,Central,Low,1628.0,3584,1921.04
2812,Folder,Stationery,North,High,276.0,4553,325.68
2813,Highlighter,Stationery,Central,Medium,189.0,3258,223.01999999999998
2814,Bookshelf,Furniture,West,Low,46821.0,4633,55248.78
2815,Cap,Clothing,East,Low,2011.0,7970,2372.98
2817,Stapler,Stationery,South,Low,205.0,6539,241.89999999999998
2818,Stapler,Stationery,Central,Medium,39.0,4304,46.019999999999996
2819,Chair,Furniture,South,Low,42629.0,5384,50302.219999999994
2820,Marker,Stationery,East,Low,170.0,5266,200.6
2821,Sofa,Furniture,West,Medium,27293.0,8899,32205.739999999998
2822,Eraser,Stationery,Central,High,466.0,8255,549.88
2823,Lamp,Furniture,East,Medium,28573.0,2961,33716.14
2824,Highlighter,Stationery,North,Medium,303.0,1171,357.53999999999996
2825,Bench,Furniture,East,Medium,44890.0,2155,52970.2
2826,Desk,Furniture,Central,Low,33045.0,9172,38993.1
2827,Jacket,Clothing,Central,Low,4429.0,4205,5226.219999999999
2828,Helmet,Sports,South,Low,549.0,6708,647.8199999999999
2831,T-Shirt,Clothing,South,Low,5944.0,3372,7013.92
2832,Ball,Sports,South,Low,2878.0,4136,3396.04
2833,Marker,Stationery,North,Medium,373.0,5139,440.14
2834,Sweater,Clothing,West,Low,5120.0,1544,6041.599999999999
2835,Notebook,Stationery,West,High,157.0,8710,185.26
2836,Folder,Stationery,North,Low,214.0,6909,252.51999999999998
2837,Highlighter,Stationery,South,Low,140.0,9841,165.2
2838,Cap,Clothing,West,Medium,5771.0,9699,6809.78
2839,Wardrobe,Furniture,West,Low,35527.0,2775,41921.86
2841,Notebook,Stationery,Central,Medium,194.0,5383,228.92
2842,Cap,Clothing,North,Medium,3631.0,9454,4284.58
2843,Notebook,Stationery,South,Medium,31.0,1600,36.58
2844,Net,Sports,South,Medium,1429.0,8502,1686.2199999999998
2845,Speaker,Electronics,Central,Medium,12690.0,4233,14974.199999999999
2846,Table,Furniture,East,Low,15234.0,6600,17976.12
2847,Pen,Stationery,Central,High,335.0,5919,395.29999999999995
2848,T-Shirt,Clothing,South,High,3063.0,2800,3614.3399999999997
2849,Table,Furniture,North,Low,8353.0,5981,9856.539999999999
2850,T-Shirt,Clothing,South,Low,1924.0,6365,2270.3199999999997
2851,Shoes,Clothing,North,Medium,4968.0,5056,5862.24
2852,Bat,Sports,Central,High,3993.0,3457,4711.74
2853,Bookshelf,Furniture,Central,Low,4560.0,5176,5380.799999999999
2854,Speaker,Electronics,West,Medium,42534.0,8310,50190.119999999995
2855,Cap,Clothing,Central,Medium,1748.0,9807,2062.64
2856,Folder,Stationery,East,Low,99.0,6651,116.82
2857,Mouse,Electronics,South,Medium,52282.0,8407,61692.759999999995
2858,Headphones,Electronics,North,Medium,7560.0,6504,8920.8
2859,Eraser,Stationery,East,Low,499.0,4837,588.8199999999999
2860,Sweater,Clothing,East,Low,2058.0,6200,2428.44
2861,Marker,Stationery,East,Medium,220.0,2504,259.59999999999997
2862,Keyboard,Electronics,West,Medium,52376.0,5237,61803.68
2863,Racket,Sports,West,Low,8344.0,2247,9845.92
2864,Monitor,Electronics,North,Medium,7415.0,4952,8749.699999999999
2865,Stool,Furniture,South,Low,23636.0,1817,27890.48
2867,Socks,Clothing,West,Medium,1821.0,1585,2148.7799999999997
2868,Wardrobe,Furniture,East,Low,39678.0,9986,46820.04
2869,Scarf,Clothing,East,High,4154.0,9174,4901.719999999999
2870,Jacket,Clothing,West,Medium,1638.0,1650,1932.84
2871,Stapler,Stationery,Central,Medium,480.0,7029,566.4
2872,Racket,Sports,Central,Low,1857.0,8035,2191.2599999999998
2873,Eraser,Stationery,North,High,69.0,7064,81.42
2874,Notebook,Stationery,Central,Low,23.0,2689,27.139999999999997
2875,Camera,Electronics,West,Low,76789.0,8553,90611.01999999999
2876,Socks,Clothing,West,Low,4611.0,6035,5440.98
2877,Bench,Furniture,South,Low,13131.0,9079,15494.58
2878,Frisbee,Sports,West,Low,837.0,7990,987.66
2879,Cabinet,Furniture,South,High,12874.0,6317,15191.32
2882,Scissors,Stationery,North,Low,324.0,9827,382.32
2883,Skipping Rope,Sports,North,Medium,7437.0,2515,8775.66
2884,Bench,Furniture,South,Low,40611.0,2825,47920.979999999996
2885,Net,Sports,North,Low,4754.0,3596,5609.719999999999
2887,Sweater,Clothing,Central,Low,829.0,4538,978.2199999999999
2888,Bat,Sports,North,Low,2100.0,8932,2478.0
2889,Cap,Clothing,North,Medium,1108.0,1044,1307.4399999999998
2890,Football,Sports,Central,High,3161.0,5948,3729.98
2891,Lamp,Furniture,West,Low,15034.0,1734,17740.12
2892,Desk,Furniture,Central,Low,37979.0,9802,44815.22
2893,Headphones,Electronics,North,Low,60922.0,2989,71887.95999999999
2894,Yoga Mat,Sports,Central,Low,1215.0,6971,1433.6999999999998
2895,Monitor,Electronics,North,Low,68160.0,9867,80428.8
2896,Cabinet,Furniture,Central,Low,44276.0,5703,52245.68
2897,Belt,Clothing,East,Medium,5621.0,7474,6632.78
2898,Tablet,Electronics,North,High,48330.0,9325,57029.399999999994
2899,Football,Sports,South,Low,3526.0,3925,4160.679999999999
2900,Gloves,Clothing,Central,Medium,1940.0,7873,2289.2
2901,Bench,Furniture,North,High,23923.0,7196,28229.14
2902,Speaker,Electronics,South,Low,58963.0,7698,69576.34
2903,Table,Furniture,East,Medium,7553.0,3399,8912.539999999999
2904,Belt,Clothing,East,Medium,5702.0,6241,6728.36
2905,Ball,Sports,East,Low,8390.0,6930,9900.199999999999
2906,Speaker,Electronics,East,Low,7250.0,5122,8555.0
2907,Frisbee,Sports,North,Medium,7385.0,1034,8714.3
2908,Ball,Sports,West,High,8818.0,4267,10405.24
2909,Bookshelf,Furniture,East,Low,40524.0,1680,47818.32
2910,Stapler,Stationery,East,Low,33.0,6494,38.94
2911,Tablet,Electronics,West,High,51082.0,6487,60276.759999999995
2912,Shoes,Clothing,North,Medium,5345.0,6199,6307.099999999999
2913,Marker,Stationery,East,High,207.0,7885,244.26
2914,Wardrobe,Furniture,South,Low,36530.0,9081,43105.399999999994
2915,Shoes,Clothing,North,Medium,3793.0,9162,4475.74
2916,Monitor,Electronics,West,Low,44841.0,9725,52912.38
2917,Socks,Clothing,West,Low,3517.0,9655,4150.0599999999995
2918,Yoga Mat,Sports,West,Low,1285.0,6778,1516.3
2919,Pen,Stationery,East,Medium,98.0,1345,115.64
2920,Headphones,Electronics,South,Medium,21774.0,5495,25693.32
2921,Scissors,Stationery,South,Low,282.0,6911,332.76
2922,Frisbee,Sports,South,Medium,2009.0,1406,2370.62
2923,Eraser,Stationery,North,Medium,362.0,9680,427.15999999999997
2924,Football,Sports,West,Medium,1548.0,1442,1826.6399999999999
2925,Ball,Sports,South,Low,7440.0,4507,8779.199999999999
2926,Ruler,Stationery,East,Low,343.0,5113,404.73999999999995
2927,Keyboard,Electronics,West,Low,61150.0,9521,72157.0
2929,Jeans,Clothing,Central,Low,5850.0,5019,6903.0
2931,Bat,Sports,South,Medium,1649.0,3568,1945.82
2932,Tablet,Electronics,North,Low,78622.0,8702,92773.95999999999
2933,Dumbbell,Sports,North,Low,6860.0,9285,8094.799999999999
2934,Helmet,Sports,South,Medium,8625.0,5660,10177.5
2935,Tablet,Electronics,West,Low,9936.0,3386,11724.48
2936,Cap,Clothing,South,Low,2326.0,1722,2744.68
2937,Cabinet,Furniture,East,High,1795.0,9010,2118.1
2938,Camera,Electronics,South,High,55037.0,3531,64943.659999999996
2939,Desk,Furniture,North,Low,14299.0,3022,16872.82
2940,Frisbee,Sports,North,Low,6226.0,3142,7346.679999999999
2941,Glue,Stationery,West,Medium,310.0,9845,365.79999999999995
2942,Lamp,Furniture,Central,High,26088.0,6869,30783.84
2943,Tablet,Electronics,West,Medium,9635.0,2978,11369.3
2944,Tablet,Electronics,North,Medium,79636.0,5406,93970.48
2945,Highlighter,Stationery,East,Low,354.0,8546,417.71999999999997
2946,Ruler,Stationery,North,Low,434.0,6755,512.12
2947,Desk,Furniture,Central,High,45418.0,6027,53593.24
2948,Sweater,Clothing,West,High,5141.0,1484,6066.38
2949,Highlighter,Stationery,North,Low,413.0,9456,487.34
2950,Desk,Furniture,West,Low,38513.0,8614,45445.34
2951,Shoes,Clothing,North,Low,5235.0,4550,6177.299999999999
2952,Charger,Electronics,Central,Low,72049.0,1555,85017.81999999999
2953,Highlighter,Stationery,North,Low,52.0,9402,61.36
2954,Helmet,Sports,South,Low,7849.0,5545,9261.82
2955,Stool,Furniture,West,Low,38190.0,4491,45064.2
2956,Wardrobe,Furniture,West,Low,10539.0,3935,12436.019999999999
2957,Frisbee,Sports,North,Medium,7472.0,3772,8816.96
2958,Wardrobe,Furniture,North,Low,28342.0,5722,33443.56
2959,Bookshelf,Furniture,West,Medium,9192.0,3544,10846.56
2960,Racket,Sports,West,Low,4223.0,1192,4983.139999999999
2961,Desk,Furniture,South,Medium,48693.0,1239,57457.74
2962,Dumbbell,Sports,West,High,3152.0,8749,3719.3599999999997
2963,Football,Sports,North,Low,5311.0,8438,6266.98
2964,Mouse,Electronics,West,Low,56874.0,8926,67111.31999999999
2965,Wardrobe,Furniture,West,Low,8901.0,7729,10503.18
2966,Cabinet,Furniture,East,Medium,45302.0,3910,53456.36
2967,Charger,Electronics,East,Medium,41010.0,5733,48391.799999999996
2968,Sweater,Clothing,East,Medium,5013.0,8667,5915.339999999999
2969,Belt,Clothing,East,Low,291.0,4617,343.38
2970,Ball,Sports,East,Low,1626.0,8293,1918.6799999999998
2971,Cap,Clothing,Central,Low,2251.0,7093,2656.18
2972,Keyboard,Electronics,Central,Low,34435.0,7735,40633.299999999996
2973,Belt,Clothing,East,Low,2771.0,7252,3269.7799999999997
2974,Stool,Furniture,South,Low,28155.0,3707,33222.9
2975,Lamp,Furniture,South,Low,31600.0,8572,37288.0
2976,Jacket,Clothing,North,Low,5417.0,6018,6392.0599999999995
2977,Chair,Furniture,West,High,7414.0,2889,8748.52
2978,Chair,Furniture,South,Low,12078.0,7020,14252.039999999999
2979,Pen,Stationery,Central,Low,114.0,7156,134.51999999999998
2980,Phone,Electronics,East,Low,73661.0,7989,86919.98
2981,Cap,Clothing,East,Low,3503.0,7358,4133.54
2982,Lamp,Furniture,West,Low,7110.0,6892,8389.8
2983,Shoes,Clothing,North,Low,2677.0,6418,3158.8599999999997
2984,Frisbee,Sports,South,Medium,5912.0,2829,6976.16
2985,Highlighter,Stationery,Central,Medium,437.0,8849,515.66
2986,Belt,Clothing,South,Medium,5088.0,6391,6003.839999999999
2987,Football,Sports,Central,Medium,4910.0,8413,5793.799999999999
2988,Sofa,Furniture,Central,Low,23624.0,8743,27876.32
2989,Charger,Electronics,South,Low,69867.0,7018,82443.06
2990,Yoga Mat,Sports,West,Low,6233.0,1869,7354.94
2991,Socks,Clothing,North,Low,2056.0,1094,2426.08
2993,Belt,Clothing,South,Medium,2327.0,1738,2745.8599999999997
2995,Charger,Electronics,South,Medium,54762.0,2956,64619.159999999996
2996,Jeans,Clothing,North,Low,5963.0,2012,7036.339999999999
2997,Racket,Sports,South,Low,6321.0,2985,7458.78
2998,Socks,Clothing,Central,Medium,3948.0,2081,4658.639999999999
2999,Shoes,Clothing,West,Medium,4214.0,5036,4972.5199999999995
3000,Cap,Clothing,East,Low,4057.0,3522,4787.259999999999
