item_id,order_id,product_id,quantity,unit_price,discount_percent
I00001,O01278,P0255,5,608.43,0
I00002,O01191,P0325,1,957.2,10
I00003,O00457,P0437,4,875.35,25
I00004,O01754,P0196,4,625.09,0
I00005,O01872,P0180,4,1305.92,15
I00006,O01442,P0465,4,566.5,0
I00007,O00459,P0482,5,313.1,10
I00008,O00542,P0138,3,208.09,15
I00009,O01844,P0345,4,118.25,0
I00010,O01619,P0462,-6,286.71,25
I00011,O00651,P0420,3,747.08,0
I00012,O00881,P0492,2,1026.01,25
I00013,O01263,P0499,4,318.76,0
I00014,O00879,P0411,2,183.18,15
I00015,O01852,P0373,3,485.25,25
I00016,O00204,P0082,2,435.71,25
I00017,O01607,P0061,4,97.21,10
I00018,O01943,P0429,3,15.93,5
I00019,O00896,P0048,1,216.09,30
I00020,O01450,P0079,5,179.56,0
I00021,O01521,P0293,2,57.71,20
I00022,O00734,P0325,2,1030.6,5
I00023,O00609,P0335,2,786.73,25
I00024,O01598,P0431,4,788.65,10
I00025,O00170,P0338,2,826.55,0
I00026,O01776,P0327,1,327.75,0
I00027,O00252,P0236,1,1323.14,0
I00028,O00370,P0145,1,907.25,0
I00029,O01870,P0254,2,376.26,15
I00030,O00045,P0052,4,1027.03,0
I00031,O00157,P0250,2,1326.92,15
I00032,O01298,P0193,4,425.46,0
I00033,O01851,P0093,2,50.63,30
I00034,O00065,P0324,1,190.29,10
I00035,O01258,P0178,5,1089.58,25
I00036,O01519,P0003,3,492.06,0
I00037,O01098,P0099,1,1089.58,25
I00038,O00443,P0263,3,215.84,0
I00039,O00671,P0461,2,126.26,5
I00040,O01925,P0043,2,859.19,10
I00041,O01953,P0141,-1,270.93,10
I00042,O00603,P0363,4,567.83,20
I00043,O00820,P0224,2,999.76,10
I00044,O01733,P0089,3,997.51,15
I00045,O01570,P0053,5,991.22,10
I00046,O01954,P0085,4,653.94,15
I00047,O01222,P0453,3,68.78,10
I00048,O00785,P0319,4,13.01,5
I00049,O01839,P0291,-1,1113.31,20
I00050,O01963,P0086,5,1048.33,10
I00051,O01237,P0301,5,780.66,10
I00052,O00369,P0204,3,592.55,15
I00053,O00503,P0405,1,814.71,5
I00054,O00298,P0337,3,1109.28,0
I00055,O00023,P0005,3,968.45,5
I00056,O00659,P0239,2,835.36,25
I00057,O01233,P0034,2,773.65,25
I00058,O00570,P0112,5,155.5,0
I00059,O00864,P0462,-6,304.9,10
I00060,O00404,P0417,1,777.81,20
I00061,O00563,P0256,4,333.64,0
I00062,O01232,P0064,3,350.3,30
I00063,O00044,P0197,3,636.94,0
I00064,O01180,P0330,1,1305.81,20
I00065,O01981,P0146,4,310.73,0
I00066,O01081,P0459,1,440.85,10
I00067,O00963,P0331,1,225.16,15
I00068,O00650,P0371,3,15.75,15
I00069,O00642,P0041,4,123.42,30
I00070,O01427,P0025,4,957.48,20
I00071,O01865,P0435,1,273.84,10
I00072,O00060,P0481,2,1069.99,0
I00073,O00216,P0423,3,877.9,15
I00074,O00392,P0116,3,428.12,25
I00075,O01778,P0003,1,668.91,10
I00076,O00227,P0453,1,78.3,10
I00077,O01409,P0039,5,72.5,15
I00078,O01895,P0139,2,1146.47,30
I00079,O00654,P0236,2,958.23,30
I00080,O01834,P0455,4,717.97,20
I00081,O01081,P0343,2,813.78,30
I00082,O02000,P0245,3,530.76,10
I00083,O00463,P0396,1,259.74,10
I00084,O00170,P0393,3,208.11,25
I00085,O01351,P0428,2,187.47,0
I00086,O00124,P0039,2,95.18,0
I00087,O01677,P0344,4,406.7,5
I00088,O00428,P0250,5,943.68,25
I00089,O01558,P0264,3,507.54,20
I00090,O01034,P0336,1,782.19,0
I00091,O00790,P0113,4,1375.44,30
I00092,O00820,P0263,2,172.22,0
I00093,O01406,P0143,3,1067.36,30
I00094,O00945,P0332,1,691.78,0
I00095,O00944,P0124,2,21.21,10
I00096,O01088,P0015,4,633.43,10
I00097,O01128,P0136,1,889.28,10
I00098,O00813,P0221,5,45.14,15
I00099,O00904,P0261,3,810.94,10
I00100,O00784,P0051,4,325.64,5
I00101,O00362,P0151,5,1024.4,10
I00102,O01063,P0272,4,570.08,0
I00103,O00510,P0349,1,850.34,5
I00104,O00074,P0059,5,635.33,10
I00105,O00207,P0123,3,698.04,5
I00106,O01467,P0452,4,1163.27,15
I00107,O01504,P0202,3,411.85,20
I00108,O00417,P0106,3,490.74,10
I00109,O01503,P0362,1,252.74,0
I00110,O01435,P0095,5,770.78,20
I00111,O01857,P0379,2,718.47,0
I00112,O00342,P0162,2,355.16,10
I00113,O01971,P0461,1,139.83,20
I00114,O00364,P0220,3,226.38,0
I00115,O01748,P0088,1,287.34,30
I00116,O01195,P0181,1,1216.38,20
I00117,O00225,P0448,1,692.47,0
I00118,O00596,P0291,2,1268.09,25
I00119,O00301,P0258,1,93.8,0
I00120,O00688,P0156,4,183.93,20
I00121,O01118,P0377,3,815.86,20
I00122,O00028,P0130,3,416.14,10
I00123,O01061,P0364,5,81.38,20
I00124,O01064,P0058,1,1030.32,0
I00125,O01351,P0211,2,36.79,10
I00126,O01183,P0255,4,449.34,10
I00127,O00397,P0106,4,620.33,0
I00128,O01284,P0495,-5,985.46,20
I00129,O00359,P0491,3,1110.82,10
I00130,O01207,P0455,4,587.24,10
I00131,O01187,P0159,5,49.83,10
I00132,O00888,P0428,4,170.47,30
I00133,O00711,P0496,3,168.64,0
I00134,O01899,P0497,2,419.62,20
I00135,O99911,P0349,3,891.97,30
I00136,O00622,P0286,4,133.34,10
I00137,O00032,P0034,4,907.97,0
I00138,O01215,P0112,1,168.82,0
I00139,O00882,P0251,3,209.59,0
I00140,O00718,P0026,3,239.85,25
I00141,O01149,P0341,2,787.74,0
I00142,O01502,P0366,2,860.89,15
I00143,O00596,P0300,2,1016.41,0
I00144,O00510,P0243,4,1044.4,15
I00145,O00201,P0205,3,1389.17,10
I00146,O01155,P0306,4,359.55,10
I00147,O01400,P0412,2,401.75,10
I00148,O00409,P0070,3,647.23,10
I00149,O01899,P0044,4,40.07,25
I00150,O01794,P0094,4,983.79,0
I00151,O01422,P0071,3,1060.05,25
I00152,O00733,P0479,4,1057.7,10
I00153,O01970,P0219,4,444.63,20
I00154,O00055,P0015,4,745.04,0
I00155,O01858,P0387,3,324.66,5
I00156,O00261,P0298,5,471.14,25
I00157,O00601,P0461,1,146.11,15
I00158,O00013,P0065,4,752.28,25
I00159,O00174,P0236,1,1283.36,10
I00160,O00220,P0425,3,1295.99,30
I00161,O01159,P0050,4,1124.87,10
I00162,O01517,P0443,5,976.29,25
I00163,O01437,P0379,2,846.76,25
I00164,O01981,P0074,4,1040.34,0
I00165,O01311,P0115,2,849.43,10
I00166,O01919,P0322,1,802.23,20
I00167,O00235,P0320,1,824.51,0
I00168,O00248,P0079,5,230.56,0
I00169,O00971,P0127,1,884.26,25
I00170,O01897,P0228,1,199.24,10
I00171,O00377,P0208,2,1127.32,25
I00172,O01396,P0134,4,683.67,30
I00173,O01303,P0064,1,347.38,0
I00174,O01347,P0073,2,213.62,0
I00175,O01120,P0262,2,913.2,20
I00176,O01368,P0246,1,1060.36,30
I00177,O00564,P0253,4,1123.98,15
I00178,O00951,P0358,4,434.38,15
I00179,O00937,P0076,1,658.23,30
I00180,O00621,P0200,1,598.03,30
I00181,O01858,P0228,3,170.23,0
I00182,O00939,P0240,3,405.54,0
I00183,O01753,P0082,5,421.47,5
I00184,O01076,P0179,4,982.43,25
I00185,O00311,P0033,3,1005.18,30
I00186,O01759,P0174,2,42.51,10
I00187,O00621,P0402,4,1091.71,0
I00188,O00991,P0470,4,1070.28,20
I00189,O01180,P0311,5,708.33,25
I00190,O00664,P0133,5,968.28,30
I00191,O01700,P0179,0,874.78,0
I00192,O01501,P0024,2,270.04,5
I00193,O01023,P0050,4,1062.42,10
I00194,O01581,P0390,2,721.24,0
I00195,O01492,P0461,4,164.06,15
I00196,O01254,P0481,-6,1106.59,0
I00197,O00150,P0020,4,1349.66,10
I00198,O00061,P0311,2,700.96,10
I00199,O00774,P0056,2,683.79,30
I00200,O00518,P0285,4,444.96,20
I00201,O00413,P0462,-4,332.66,15
I00202,O01618,P0417,2,847.67,0
I00203,O01966,P0299,1,80.18,5
I00204,O01830,P0018,1,346.34,10
I00205,O01120,P0397,1,574.3,10
I00206,O01962,P0095,5,825.94,20
I00207,O01169,P0098,4,334.65,25
I00208,O01843,P0181,5,965.26,0
I00209,O00876,P0411,4,129.15,0
I00210,O01603,P0292,5,64.31,10
I00211,O00473,P0052,1,873.2,30
I00212,O00459,P0277,3,204.82,10
I00213,O00140,P0200,2,803.89,10
I00214,O00495,P0039,5,81.17,30
I00215,O01267,P0257,1,198.21,25
I00216,O01194,P0358,4,448.64,10
I00217,O00693,P0335,4,551.1,10
I00218,O01567,P0103,1,224.44,0
I00219,O01503,P0105,3,1057.25,0
I00220,O01650,P0121,5,794.03,30
I00221,O01654,P0360,1,863.12,10
I00222,O01226,P0037,5,1331.72,0
I00223,O01939,P0455,2,642.71,10
I00224,O00073,P0371,4,13.98,25
I00225,O00884,P0116,4,522.84,10
I00226,O01990,P0401,2,785.61,0
I00227,O01585,P0477,2,885.62,25
I00228,O01397,P0312,1,456.33,25
I00229,O01569,P0247,4,472.23,0
I00230,O01126,P0221,2,55.12,0
I00231,O01261,P0225,3,830.02,10
I00232,O01881,P0100,1,89.79,5
I00233,O00021,P0119,2,968.55,15
I00234,O01655,P0383,5,596.72,30
I00235,O00031,P0024,2,397.96,0
I00236,O00899,P0040,2,141.17,10
I00237,O01234,P0023,2,331.58,10
I00238,O00981,P0067,1,123.19,0
I00239,O01114,P0040,2,154.45,20
I00240,O00732,P0362,2,266.26,20
I00241,O00752,P0366,5,873.04,10
I00242,O01079,P0445,3,750.13,10
I00243,O00214,P0358,1,394.28,10
I00244,O01947,P0462,5,286.28,20
I00245,O01868,P0144,2,615.34,25
I00246,O01133,P0119,2,1067.14,0
I00247,O01614,P0191,2,1148.93,0
I00248,O01332,P0121,4,859.24,0
I00249,O00070,P0011,3,1104.99,10
I00250,O01695,P0302,1,830.08,0
I00251,O00787,P0143,4,1257.43,0
I00252,O00910,P0442,1,278.96,5
I00253,O01352,P0106,4,537.82,25
I00254,O00065,P0027,5,966.05,10
I00255,O01247,P0480,3,425.07,10
I00256,O00444,P0415,1,371.28,10
I00257,O00889,P0372,4,706.99,0
I00258,O00795,P0414,3,79.97,25
I00259,O01473,P0238,5,654.01,25
I00260,O00781,P0134,4,523.97,5
I00261,O00575,P0068,3,1331.17,0
I00262,O00606,P0128,3,178.67,30
I00263,O00562,P0203,3,432.23,10
I00264,O01338,P0338,5,906.62,0
I00265,O01354,P0064,3,329.47,10
I00266,O00948,P0434,1,12.75,20
I00267,O01979,P0005,3,1030.21,20
I00268,O00447,P0327,4,312.32,0
I00269,O00567,P0297,5,585.24,25
I00270,O00903,P0161,2,275.21,10
I00271,O00532,P0393,4,252.56,0
I00272,O00301,P0117,5,818.93,0
I00273,O00079,P0120,2,674.8,25
I00274,O00650,P0441,-1,68.07,25
I00275,O01950,P0368,3,751.53,10
I00276,O01757,P0009,3,1105.48,25
I00277,O00481,P0368,3,689.73,0
I00278,O00232,P0040,5,172.08,0
I00279,O01169,P0122,3,330.26,15
I00280,O01794,P0037,3,1192.67,0
I00281,O01615,P0013,3,337.35,10
I00282,O01336,P0500,3,717.36,20
I00283,O01274,P0483,1,160.3,0
I00284,O01906,P0189,2,808.68,30
I00285,O00434,P0014,3,299.27,25
I00286,O01041,P0367,5,779.28,10
I00287,O01702,P0482,5,292.03,0
I00288,O00781,P0337,1,1275.14,0
I00289,O00460,P0491,5,1133.77,25
I00290,O01504,P0295,4,236.02,25
I00291,O01800,P0376,5,532.43,0
I00292,O01075,P0311,5,658.61,20
I00293,O01713,P0163,5,481.25,10
I00294,O00498,P0467,3,1057.19,5
I00295,O01992,P0234,1,608.86,5
I00296,O01803,P0228,4,227.75,10
I00297,O01036,P0041,1,113.54,10
I00298,O00472,P0335,4,674.4,15
I00299,O01694,P0118,2,838.12,25
I00300,O00835,P0126,5,210.72,0
I00301,O00588,P0311,3,602.12,10
I00302,O00863,P0061,5,76.89,0
I00303,O01806,P0295,2,223.8,0
I00304,O00342,P0449,1,97.15,15
I00305,O01457,P0135,4,188.0,0
I00306,O01708,P0065,4,898.34,0
I00307,O00150,P0354,2,264.71,25
I00308,O00795,P0444,4,513.6,10
I00309,O01141,P0066,2,479.71,10
I00310,O01690,P0061,3,86.33,30
I00311,O01480,P0312,1,417.46,0
I00312,O01946,P0379,4,910.27,15
I00313,O01710,P0323,4,794.01,10
I00314,O00276,P0388,2,139.77,30
I00315,O01044,P0470,1,1063.04,0
I00316,O01215,P0459,3,349.38,20
I00317,O00362,P0195,5,708.86,30
I00318,O00199,P0144,2,871.82,10
I00319,O01156,P0253,5,1111.53,25
I00320,O01901,P0297,4,499.49,10
I00321,O01551,P0166,2,626.16,0
I00322,O01505,P0022,2,148.58,15
I00323,O01802,P0266,5,998.56,10
I00324,O00340,P0051,1,373.03,10
I00325,O00459,P0141,2,271.48,10
I00326,O01242,P0481,1,1192.48,5
I00327,O00197,P0342,2,642.49,25
I00328,O00346,P0430,1,163.08,30
I00329,O01825,P0463,5,178.23,25
I00330,O01001,P0410,1,146.27,10
I00331,O01942,P0105,5,947.15,15
I00332,O00259,P0375,4,170.04,10
I00333,O01447,P0471,1,984.22,20
I00334,O00539,P0456,1,876.45,0
I00335,O00239,P0143,3,1203.27,0
I00336,O01490,P0382,1,883.03,10
I00337,O00566,P0081,4,262.43,25
I00338,O01448,P0345,3,146.49,0
I00339,O01445,P0222,5,153.39,10
I00340,O01354,P0098,1,335.72,0
I00341,O00771,P0126,2,162.18,5
I00342,O00993,P0136,2,1036.96,20
I00343,O01301,P0145,1,855.02,25
I00344,O00439,P0439,1,328.08,15
I00345,O01252,P0035,2,946.22,0
I00346,O00539,P0020,5,1146.44,15
I00347,O01307,P0324,3,188.63,20
I00348,O00369,P0272,3,580.9,5
I00349,O00994,P0449,4,90.74,15
I00350,O00986,P0307,3,735.47,0
I00351,O01805,P0113,3,996.14,15
I00352,O00507,P0497,4,511.31,0
I00353,O00654,P0091,1,452.57,10
I00354,O00263,P0357,4,509.15,20
I00355,O00481,P0308,1,1022.59,10
I00356,O01823,P0138,4,181.2,0
I00357,O00536,P0288,3,538.19,15
I00358,O00871,P0201,4,737.93,10
I00359,O00995,P0468,2,763.71,10
I00360,O00632,P0326,4,1298.03,15
I00361,O00342,P0114,5,52.79,5
I00362,O01942,P0400,5,936.9,30
I00363,O01106,P0169,1,743.87,0
I00364,O01599,P0411,3,148.65,10
I00365,O00130,P0393,1,250.68,25
I00366,O00407,P0108,2,46.73,25
I00367,O00470,P0203,3,606.32,0
I00368,O00847,P0467,2,1118.37,25
I00369,O00028,P0376,1,564.42,0
I00370,O00210,P0387,5,445.96,15
I00371,O00322,P0406,3,823.36,10
I00372,O01582,P0013,2,323.36,0
I00373,O01666,P0140,4,665.09,15
I00374,O01796,P0068,3,1290.23,0
I00375,O01479,P0040,4,142.35,0
I00376,O01110,P0008,5,526.24,0
I00377,O01624,P0049,4,323.58,5
I00378,O00640,P0426,3,385.37,15
I00379,O00619,P0263,3,214.47,20
I00380,O01986,P0104,5,499.9,20
I00381,O00191,P0193,2,337.35,15
I00382,O00583,P0288,5,442.42,25
I00383,O01018,P0126,4,180.81,10
I00384,O00222,P0391,4,147.0,5
I00385,O00814,P0296,-2,1225.41,20
I00386,O00224,P0190,3,92.3,10
I00387,O01999,P0074,1,1140.89,0
I00388,O01772,P0288,4,421.2,30
I00389,O00826,P0128,5,134.35,20
I00390,O01161,P0268,2,921.31,0
I00391,O00844,P0393,3,225.98,10
I00392,O00659,P0428,5,140.34,30
I00393,O00550,P0209,-2,1287.32,25
I00394,O01024,P0407,3,938.53,5
I00395,O00990,P0165,5,860.22,25
I00396,O01502,P0440,1,274.09,0
I00397,O00770,P0218,2,883.11,0
I00398,O00249,P0083,2,1068.99,5
I00399,O00233,P0225,1,1124.63,15
I00400,O01645,P0254,5,287.12,20
I00401,O01121,P0072,4,415.68,15
I00402,O00892,P0005,3,959.33,10
I00403,O01822,P0268,3,785.76,30
I00404,O00595,P0333,5,37.97,5
I00405,O01464,P0412,3,407.33,25
I00406,O00948,P0310,2,609.63,10
I00407,O01746,P0475,2,1296.26,0
I00408,O00971,P0269,1,1080.92,10
I00409,O00964,P0214,1,886.77,0
I00410,O00409,P0160,1,670.65,25
I00411,O00126,P0235,5,1071.34,20
I00412,O00718,P0305,5,721.22,5
I00413,O01901,P0177,2,37.3,10
I00414,O01778,P0146,4,411.3,30
I00415,O01279,P0374,4,119.43,10
I00416,O01351,P0288,2,493.38,0
I00417,O01497,P0304,2,994.13,10
I00418,O00210,P0092,2,876.49,25
I00419,O00785,P0301,3,856.8,30
I00420,O01239,P0396,-3,271.39,30
I00421,O00429,P0343,2,1115.49,0
I00422,O00444,P0402,1,881.96,30
I00423,O00974,P0076,1,695.67,10
I00424,O00107,P0040,2,198.78,25
I00425,O01362,P0414,4,92.5,10
I00426,O00241,P0155,2,790.18,25
I00427,O00790,P0202,4,465.94,10
I00428,O00650,P0160,5,704.71,0
I00429,O00439,P0453,2,73.25,10
I00430,O00896,P0365,5,314.18,20
I00431,O00514,P0251,1,244.97,25
I00432,O00714,P0461,2,138.7,0
I00433,O00955,P0444,3,480.37,15
I00434,O01795,P0110,2,485.86,15
I00435,O01532,P0192,1,952.89,5
I00436,O00400,P0227,1,304.04,30
I00437,O01866,P0159,3,52.96,10
I00438,O01243,P0258,3,126.44,0
I00439,O99905,P0332,4,748.67,0
I00440,O00562,P0357,-1,574.16,30
I00441,O01471,P0422,4,432.12,30
I00442,O00356,P0324,4,179.18,25
I00443,O00757,P0414,1,79.77,30
I00444,O01446,P0458,2,929.12,0
I00445,O01733,P0043,1,762.12,0
I00446,O00128,P0228,3,219.81,0
I00447,O01747,P0440,2,254.52,30
I00448,O01715,P0378,3,46.72,0
I00449,O01479,P0464,-3,1063.07,25
I00450,O00826,P0008,4,564.21,0
I00451,O01560,P0034,5,711.17,0
I00452,O00354,P0374,4,117.41,0
I00453,O01411,P0142,5,422.94,15
I00454,O01725,P0439,-5,350.76,10
I00455,O00242,P0141,3,279.55,20
I00456,O00177,P0291,5,1341.93,20
I00457,O00186,P0046,2,554.81,0
I00458,O01284,P0096,1,1074.94,0
I00459,O01307,P0404,3,435.99,20
I00460,O01932,P0042,2,927.69,10
I00461,O01931,P0429,2,16.73,0
I00462,O01446,P0159,3,46.71,0
I00463,O00647,P0143,4,942.85,5
I00464,O01810,P0428,2,142.8,0
I00465,O00901,P0152,3,853.72,0
I00466,O00745,P0251,3,214.07,25
I00467,O01408,P0231,2,560.36,0
I00468,O00790,P0487,2,1138.25,25
I00469,O01439,P0292,4,68.42,10
I00470,O01631,P0331,3,313.9,5
I00471,O01032,P0176,5,478.58,10
I00472,O00432,P0047,3,232.65,5
I00473,O01889,P0240,1,318.09,25
I00474,O00974,P0338,2,1059.95,20
I00475,O01155,P0301,4,752.54,30
I00476,O01437,P0462,1,241.51,10
I00477,O00326,P0446,4,1285.1,20
I00478,O01850,P0172,1,761.9,0
I00479,O00334,P0468,4,876.47,25
I00480,O00900,P0096,5,1276.5,20
I00481,O00891,P0304,4,1189.76,20
I00482,O01482,P0428,3,146.41,30
I00483,O00822,P0173,3,284.64,0
I00484,O00480,P0498,5,962.21,0
I00485,O00552,P0216,5,63.71,15
I00486,O01049,P0304,2,936.92,10
I00487,O01429,P0454,5,175.07,5
I00488,O01540,P0488,2,358.17,0
I00489,O01966,P0340,1,878.42,0
I00490,O00290,P0159,3,63.53,20
I00491,O00002,P0203,2,459.1,5
I00492,O00630,P0453,1,61.07,0
I00493,O00895,P0121,1,910.0,5
I00494,O01732,P0079,3,237.73,0
I00495,O00205,P0245,4,430.66,25
I00496,O00436,P0352,4,311.59,15
I00497,O00498,P0426,1,364.33,15
I00498,O01916,P0066,2,462.94,15
I00499,O00580,P0396,4,221.34,30
I00500,O00711,P0202,4,496.68,30
I00501,O01247,P0014,2,315.67,5
I00502,O01027,P0189,1,934.33,30
I00503,O01874,P0307,-1,858.58,5
I00504,O00091,P0071,2,1048.88,10
I00505,O00787,P0223,2,166.39,15
I00506,O00793,P0078,4,771.93,0
I00507,O00864,P0134,2,716.82,0
I00508,O01709,P0204,1,782.99,20
I00509,O01406,P0413,1,578.82,15
I00510,O00330,P0412,3,437.39,0
I00511,O01406,P0295,4,224.95,0
I00512,O01373,P0249,4,942.21,15
I00513,O00871,P0395,3,56.37,0
I00514,O01861,P0310,4,760.16,25
I00515,O01459,P0191,3,1172.58,25
I00516,O01609,P0498,2,776.89,15
I00517,O01783,P0273,1,742.38,0
I00518,O01914,P0004,5,1082.51,10
I00519,O01259,P0102,4,984.7,15
I00520,O00082,P0025,1,986.06,20
I00521,O01822,P0236,5,1069.97,10
I00522,O01383,P0130,3,426.95,0
I00523,O00601,P0278,3,490.38,15
I00524,O00610,P0009,1,1009.88,30
I00525,O00075,P0058,5,1069.95,15
I00526,O01096,P0128,1,140.24,0
I00527,O01011,P0373,4,478.76,10
I00528,O01412,P0177,5,42.17,5
I00529,O01710,P0471,5,1318.25,30
I00530,O00669,P0235,3,937.88,0
I00531,O01483,P0076,1,846.93,15
I00532,O00162,P0263,3,232.98,10
I00533,O00377,P0217,3,88.73,0
I00534,O01977,P0429,1,18.17,5
I00535,O00621,P0293,5,54.77,25
I00536,O00500,P0277,1,250.8,10
I00537,O01558,P0294,4,827.87,10
I00538,O00381,P0383,3,582.91,25
I00539,O00817,P0344,2,375.43,10
I00540,O00425,P0140,1,484.94,15
I00541,O00547,P0337,4,996.14,30
I00542,O00652,P0405,1,1109.14,5
I00543,O00665,P0116,2,398.11,0
I00544,O01459,P0314,5,706.16,20
I00545,O01220,P0302,3,842.82,25
I00546,O01143,P0200,1,736.19,10
I00547,O01685,P0175,4,496.62,0
I00548,O01022,P0237,2,947.28,25
I00549,O00799,P0358,3,336.66,15
I00550,O01171,P0017,1,1166.22,20
I00551,O00171,P0288,2,579.58,25
I00552,O01538,P0190,3,85.86,20
I00553,O00320,P0346,5,902.75,30
I00554,O01157,P0086,4,952.12,15
I00555,O01994,P0392,3,408.33,25
I00556,O00481,P0381,4,280.64,25
I00557,O01944,P0068,1,1088.86,0
I00558,O00227,P0203,5,470.33,10
I00559,O01571,P0092,4,1109.64,25
I00560,O00446,P0210,4,1124.44,30
I00561,O00744,P0143,1,1021.69,10
I00562,O00804,P0258,2,109.74,15
I00563,O00587,P0254,4,364.65,0
I00564,O00820,P0474,3,522.18,0
I00565,O01563,P0273,4,761.28,0
I00566,O00786,P0350,5,1088.49,15
I00567,O00387,P0499,1,322.35,30
I00568,O01270,P0115,5,627.47,0
I00569,O00838,P0307,1,802.07,10
I00570,O01166,P0313,4,596.5,0
I00571,O01522,P0488,5,285.62,15
I00572,O00396,P0283,2,301.77,20
I00573,O00491,P0189,2,1077.02,20
I00574,O00410,P0480,3,569.17,0
I00575,O00064,P0151,2,966.08,30
I00576,O01401,P0237,5,816.14,20
I00577,O01993,P0124,-4,29.42,25
I00578,O01238,P0329,3,176.82,0
I00579,O01972,P0126,1,186.87,0
I00580,O01387,P0384,4,212.41,25
I00581,O00145,P0241,4,902.97,10
I00582,O00248,P0453,5,76.36,25
I00583,O00985,P0366,1,767.26,10
I00584,O01685,P0416,1,671.77,10
I00585,O01048,P0205,4,1271.98,15
I00586,O00299,P0404,3,460.63,30
I00587,O01479,P0386,2,615.84,10
I00588,O00291,P0212,2,278.09,20
I00589,O00676,P0108,1,44.8,20
I00590,O01542,P0461,2,154.29,10
I00591,O00911,P0176,3,406.9,20
I00592,O00564,P0359,5,1045.56,0
I00593,O01069,P0390,3,691.66,0
I00594,O01155,P0114,3,59.1,10
I00595,O00325,P0158,5,94.16,10
I00596,O01379,P0244,3,1179.26,0
I00597,O00264,P0381,2,316.07,30
I00598,O00527,P0150,2,487.52,0
I00599,O00621,P0436,2,471.85,30
I00600,O01477,P0007,5,84.92,25
I00601,O01844,P0208,2,1124.25,10
I00602,O01747,P0330,5,1011.45,10
I00603,O01773,P0481,-4,1086.59,0
I00604,O00360,P0446,4,1118.63,15
I00605,O00133,P0008,-3,512.06,5
I00606,O00308,P0159,3,50.19,30
I00607,O00245,P0399,2,363.57,10
I00608,O01870,P0256,1,400.89,25
I00609,O00415,P0460,3,171.65,0
I00610,O01950,P0205,3,1229.74,25
I00611,O01970,P0035,5,862.94,25
I00612,O01635,P0447,1,712.38,20
I00613,O00502,P0291,3,1193.76,0
I00614,O01757,P0354,2,358.7,5
I00615,O00364,P0354,1,331.96,30
I00616,O00188,P0137,2,352.48,0
I00617,O01071,P0464,3,1033.47,0
I00618,O01200,P0107,5,378.91,20
I00619,O01806,P0238,1,566.17,10
I00620,O00403,P0405,4,981.68,0
I00621,O00405,P0227,1,268.29,25
I00622,O00998,P0302,3,771.18,30
I00623,O01764,P0005,1,1078.36,20
I00624,O01207,P0399,5,352.09,20
I00625,O00834,P0001,5,1060.14,10
I00626,O00674,P0253,5,1249.22,20
I00627,O01322,P0264,3,405.5,10
I00628,O00699,P0445,3,715.79,25
I00629,O00902,P0258,1,99.92,0
I00630,O01830,P0250,5,899.73,20
I00631,O00135,P0254,4,286.12,10
I00632,O00908,P0049,3,345.98,25
I00633,O01595,P0422,1,464.51,5
I00634,O00626,P0110,3,428.35,25
I00635,O00615,P0242,5,276.44,5
I00636,O00664,P0293,2,64.72,5
I00637,O00352,P0393,2,217.17,30
I00638,O01960,P0340,5,812.15,20
I00639,O00854,P0335,3,704.56,5
I00640,O01914,P0478,3,95.95,10
I00641,O01489,P0075,-3,253.57,10
I00642,O01154,P0231,4,457.08,15
I00643,O00828,P0003,1,629.72,15
I00644,O00287,P0182,4,1030.24,10
I00645,O00415,P0010,2,53.46,10
I00646,O00049,P0151,3,1325.29,15
I00647,O01143,P0405,5,887.94,5
I00648,O01031,P0409,4,310.45,10
I00649,O00329,P0055,3,176.58,20
I00650,O00963,P0483,1,146.7,15
I00651,O01447,P0353,4,395.91,5
I00652,O01201,P0144,4,884.3,0
I00653,O00702,P0052,3,847.72,25
I00654,O00583,P0190,1,90.86,20
I00655,O00152,P0069,3,133.61,15
I00656,O00309,P0423,5,939.64,10
I00657,O00181,P0294,4,736.51,5
I00658,O01563,P0168,-3,528.87,25
I00659,O01413,P0272,1,615.96,0
I00660,O01784,P0396,3,263.45,10
I00661,O01531,P0464,2,987.04,0
I00662,O00944,P0165,3,862.65,10
I00663,O01442,P0102,3,1048.44,10
I00664,O00048,P0310,2,744.06,0
I00665,O00812,P0329,4,201.91,0
I00666,O01870,P0426,5,373.93,10
I00667,O00066,P0009,5,1058.97,10
I00668,O00579,P0405,5,946.23,10
I00669,O00155,P0325,5,809.56,0
I00670,O00231,P0499,5,341.01,0
I00671,O01744,P0409,-1,352.29,30
I00672,O01332,P0473,2,413.37,0
I00673,O01675,P0393,3,243.25,20
I00674,O01514,P0232,2,291.68,10
I00675,O01179,P0038,3,650.29,20
I00676,O01515,P0271,4,780.55,0
I00677,O00014,P0206,5,135.37,15
I00678,O00661,P0010,4,38.09,0
I00679,O01197,P0133,3,1298.48,25
I00680,O00411,P0235,5,1219.6,10
I00681,O01777,P0458,5,986.31,0
I00682,O00423,P0481,-6,1074.82,0
I00683,O01233,P0052,1,835.39,0
I00684,O00142,P0277,3,206.36,10
I00685,O00428,P0476,2,762.95,10
I00686,O00556,P0084,2,785.69,5
I00687,O00282,P0396,4,224.02,0
I00688,O00053,P0428,4,192.38,5
I00689,O00899,P0195,4,626.0,5
I00690,O01209,P0106,1,626.35,0
I00691,O01871,P0497,5,454.46,25
I00692,O00430,P0063,1,571.05,20
I00693,O01536,P0380,3,692.17,15
I00694,O00186,P0098,5,261.15,10
I00695,O00230,P0245,4,449.79,0
I00696,O00861,P0004,4,1102.39,0
I00697,O00635,P0182,1,919.11,15
I00698,O00616,P0485,2,620.56,0
I00699,O00799,P0334,4,187.04,0
I00700,O01495,P0488,3,357.18,0
I00701,O00364,P0073,5,215.81,0
I00702,O00288,P0066,4,502.93,0
I00703,O00430,P0032,3,1205.69,10
I00704,O00323,P0317,4,1095.84,0
I00705,O01977,P0090,2,173.76,0
I00706,O00225,P0187,2,847.69,0
I00707,O00827,P0255,3,487.65,10
I00708,O01605,P0319,1,14.33,10
I00709,O00071,P0015,2,738.97,15
I00710,O01562,P0024,5,337.89,25
I00711,O00031,P0087,3,296.21,5
I00712,O00136,P0048,1,249.8,20
I00713,O01754,P0238,5,804.99,20
I00714,O01658,P0069,1,132.5,10
I00715,O01850,P0244,3,1073.38,0
I00716,O00749,P0166,5,697.68,0
I00717,O01703,P0245,5,497.16,5
I00718,O00266,P0065,2,694.8,5
I00719,O00195,P0338,-4,838.81,10
I00720,O00512,P0455,2,658.73,10
I00721,O00617,P0095,3,840.61,20
I00722,O01059,P0343,5,993.38,10
I00723,O00672,P0390,4,937.13,10
I00724,O01509,P0339,1,410.81,15
I00725,O00406,P0324,2,149.51,0
I00726,O01711,P0074,2,1069.81,0
I00727,O01172,P0204,4,677.96,20
I00728,O01288,P0440,5,234.49,15
I00729,O00929,P0232,5,302.11,10
I00730,O01526,P0280,3,1162.79,25
I00731,O01828,P0474,2,424.78,10
I00732,O00999,P0175,5,600.95,20
I00733,O01754,P0340,3,789.32,25
I00734,O00749,P0135,4,140.25,0
I00735,O00194,P0494,2,1120.37,20
I00736,O01128,P0425,3,916.23,0
I00737,O00927,P0448,4,723.32,25
I00738,O01776,P0482,5,274.64,0
I00739,O01814,P0204,5,823.18,5
I00740,O00455,P0073,1,215.25,5
I00741,O01077,P0376,5,688.89,0
I00742,O01076,P0289,1,196.8,25
I00743,O01421,P0186,5,36.49,0
I00744,O01394,P0192,2,944.03,30
I00745,O01539,P0116,2,560.9,25
I00746,O00869,P0483,2,159.31,10
I00747,O01944,P0026,4,315.23,10
I00748,O01991,P0200,4,862.68,20
I00749,O01478,P0240,3,326.68,0
I00750,O01139,P0039,3,72.11,5
I00751,O01217,P0473,1,457.75,0
I00752,O00295,P0387,4,365.58,0
I00753,O02000,P0392,2,599.78,15
I00754,O00859,P0403,4,1025.97,30
I00755,O00718,P0100,1,86.17,5
I00756,O00288,P0494,4,1299.1,0
I00757,O01935,P0372,2,684.61,5
I00758,O00565,P0228,-3,178.55,0
I00759,O00638,P0327,5,232.49,0
I00760,O00965,P0396,2,250.01,20
I00761,O01109,P0153,5,63.84,20
I00762,O01545,P0079,3,183.33,10
I00763,O00782,P0487,3,1199.78,0
I00764,O01199,P0321,2,632.18,20
I00765,O01071,P0389,1,895.66,0
I00766,O01227,P0375,3,181.07,5
I00767,O01013,P0446,4,1262.48,15
I00768,O01772,P0030,3,528.92,10
I00769,O01041,P0464,3,801.56,15
I00770,O00731,P0342,1,799.73,0
I00771,O00995,P0052,2,1118.58,30
I00772,O00889,P0254,3,293.82,0
I00773,O01000,P0400,5,1008.62,30
I00774,O01243,P0429,5,16.01,15
I00775,O01210,P0022,1,137.37,30
I00776,O01565,P0049,2,250.44,10
I00777,O01851,P0298,5,501.23,15
I00778,O01525,P0418,1,1112.52,10
I00779,O01746,P0332,4,917.56,30
I00780,O01926,P0443,4,1195.11,15
I00781,O00443,P0343,5,1115.05,0
I00782,O00674,P0013,1,381.43,10
I00783,O00059,P0472,4,11.69,10
I00784,O00705,P0184,3,961.38,5
I00785,O00098,P0142,3,396.59,20
I00786,O00539,P0358,2,464.03,5
I00787,O01121,P0286,3,138.67,15
I00788,O01671,P0386,2,518.09,20
I00789,O00721,P0439,5,251.65,25
I00790,O01979,P0379,2,874.25,10
I00791,O01873,P0425,1,1000.73,15
I00792,O01310,P0161,2,244.32,15
I00793,O01449,P0104,4,539.19,10
I00794,O01835,P0173,3,321.71,0
I00795,O00033,P0492,1,865.0,5
I00796,O01037,P0298,5,433.32,10
I00797,O00365,P0388,4,144.44,30
I00798,O00192,P0357,1,440.75,30
I00799,O00829,P0469,3,633.55,0
I00800,O00725,P0367,4,655.78,0
I00801,O01731,P0472,3,11.56,30
I00802,O00664,P0292,2,91.94,20
I00803,O01123,P0423,2,891.16,10
I00804,O01707,P0014,2,354.43,5
I00805,O01327,P0449,2,88.12,0
I00806,O01976,P0007,1,86.32,30
I00807,O00849,P0248,5,881.65,25
I00808,O00382,P0291,5,1037.28,30
I00809,O01820,P0205,4,1230.14,10
I00810,O00746,P0362,3,272.25,15
I00811,O01896,P0190,2,88.12,10
I00812,O01963,P0277,-2,207.12,10
I00813,O01439,P0441,2,78.87,25
I00814,O01879,P0297,5,423.92,20
I00815,O01654,P0275,5,472.91,5
I00816,O01438,P0369,5,742.7,5
I00817,O01714,P0239,1,738.29,20
I00818,O01211,P0317,4,1106.27,0
I00819,O00046,P0489,5,975.52,20
I00820,O01835,P0287,3,896.09,20
I00821,O00131,P0445,3,765.01,0
I00822,O01167,P0489,3,885.35,0
I00823,O00883,P0366,2,984.89,15
I00824,O00635,P0111,5,834.49,10
I00825,O01636,P0170,5,686.73,15
I00826,O01396,P0074,5,1123.27,10
I00827,O01249,P0442,1,234.96,10
I00828,O99909,P0301,5,686.68,0
I00829,O00331,P0272,2,527.72,5
I00830,O00368,P0308,-2,1175.95,0
I00831,O01493,P0333,1,51.35,10
I00832,O00827,P0046,5,549.01,15
I00833,O01427,P0481,-4,1200.08,0
I00834,O00197,P0434,3,13.71,10
I00835,O01801,P0091,3,497.1,20
I00836,O00823,P0047,2,202.22,5
I00837,O01297,P0180,1,1313.85,10
I00838,O01073,P0232,3,277.8,0
I00839,O01141,P0451,1,914.42,10
I00840,O01974,P0049,5,256.47,0
I00841,O00628,P0003,1,530.47,30
I00842,O00143,P0289,2,163.42,5
I00843,O00373,P0326,5,1207.01,5
I00844,O01787,P0500,2,698.62,30
I00845,O01826,P0192,4,1125.61,0
I00846,O01678,P0260,4,245.88,0
I00847,O01101,P0319,1,12.59,10
I00848,O00715,P0479,2,902.61,30
I00849,O00205,P0266,4,949.96,5
I00850,O01256,P0309,3,946.22,20
I00851,O01704,P0476,-4,909.51,20
I00852,O01136,P0484,1,321.62,10
I00853,O00491,P0127,4,949.01,5
I00854,O00734,P0407,1,906.68,20
I00855,O01351,P0416,5,796.47,0
I00856,O01359,P0435,3,261.27,25
I00857,O01090,P0289,5,177.2,15
I00858,O00412,P0388,3,143.68,10
I00859,O00406,P0070,3,655.69,15
I00860,O00169,P0207,4,527.93,0
I00861,O01150,P0252,4,575.32,30
I00862,O01611,P0200,3,685.72,0
I00863,O00386,P0271,1,794.63,10
I00864,O01844,P0457,5,1003.31,25
I00865,O01514,P0089,1,1198.59,25
I00866,O00621,P0015,4,523.68,5
I00867,O00108,P0181,4,1214.19,25
I00868,O01042,P0269,3,1134.33,0
I00869,O00937,P0467,2,1043.28,5
I00870,O01463,P0365,2,340.19,20
I00871,O01256,P0106,1,581.18,0
I00872,O01844,P0473,1,398.8,10
I00873,O01351,P0003,3,662.13,0
I00874,O00762,P0200,4,840.56,0
I00875,O00505,P0080,5,75.12,10
I00876,O01394,P0452,5,1297.32,10
I00877,O01339,P0105,3,1220.45,15
I00878,O01687,P0354,4,245.57,15
I00879,O00389,P0143,4,1252.17,10
I00880,O01419,P0308,4,852.34,0
I00881,O00264,P0357,2,587.51,0
I00882,O00326,P0327,4,232.17,0
I00883,O00343,P0094,3,1050.45,15
I00884,O00584,P0146,5,369.82,10
I00885,O00809,P0056,2,699.56,0
I00886,O00412,P0285,2,575.78,25
I00887,O00224,P0019,1,804.48,5
I00888,O00378,P0020,1,1343.16,0
I00889,O00760,P0124,4,25.62,0
I00890,O00085,P0227,5,334.44,5
I00891,O00652,P0394,1,309.28,30
I00892,O00700,P0008,3,565.76,0
I00893,O01847,P0180,1,1083.44,15
I00894,O00598,P0195,5,657.74,0
I00895,O00399,P0116,3,430.84,20
I00896,O00143,P0013,2,416.35,30
I00897,O00330,P0271,2,642.1,25
I00898,O00229,P0494,1,1020.91,15
I00899,O01267,P0266,2,1110.77,10
I00900,O01847,P0190,1,75.96,5
I00901,O01153,P0004,1,1102.94,15
I00902,O01756,P0394,2,359.17,0
I00903,O00041,P0289,4,175.17,30
I00904,O01405,P0331,5,266.46,15
I00905,O00487,P0231,4,576.35,30
I00906,O01304,P0129,4,936.53,20
I00907,O00931,P0471,5,1352.31,10
I00908,O01305,P0115,2,629.18,15
I00909,O00754,P0132,1,431.69,15
I00910,O00088,P0413,4,639.19,15
I00911,O01745,P0364,-2,100.42,15
I00912,O00723,P0065,2,889.16,15
I00913,O00944,P0216,4,75.73,20
I00914,O00745,P0488,3,287.8,10
I00915,O01482,P0341,-5,638.73,5
I00916,O00392,P0126,5,168.25,5
I00917,O01351,P0486,5,221.76,10
I00918,O01767,P0461,4,140.29,10
I00919,O00805,P0330,2,1082.3,20
I00920,O00927,P0056,3,644.29,30
I00921,O00445,P0212,3,214.69,25
I00922,O00788,P0456,5,777.16,15
I00923,O00049,P0093,2,64.83,15
I00924,O00560,P0291,5,1261.91,0
I00925,O01602,P0329,2,201.17,0
I00926,O00504,P0211,2,29.84,20
I00927,O01564,P0162,5,345.74,25
I00928,O00073,P0377,1,912.1,0
I00929,O01885,P0044,1,35.26,10
I00930,O01908,P0437,3,755.77,5
I00931,O00437,P0381,3,242.32,0
I00932,O00647,P0186,5,37.7,20
I00933,O00359,P0244,3,1016.5,10
I00934,O00328,P0052,2,1155.38,0
I00935,O01865,P0213,5,505.16,15
I00936,O01288,P0082,4,457.92,10
I00937,O00511,P0354,1,347.91,0
I00938,O01548,P0466,1,440.27,0
I00939,O00777,P0451,4,835.4,0
I00940,O01410,P0393,3,183.07,20
I00941,O00917,P0300,1,895.78,20
I00942,O00705,P0485,3,582.2,0
I00943,O00363,P0454,2,159.77,30
I00944,O01878,P0154,2,25.62,0
I00945,O01370,P0479,2,1099.38,10
I00946,O01944,P0150,1,462.33,10
I00947,O01014,P0309,1,1309.88,30
I00948,O00347,P0457,3,1004.41,10
I00949,O01066,P0099,1,1050.83,20
I00950,O00107,P0164,2,966.9,10
I00951,O00887,P0135,3,166.48,0
I00952,O01556,P0140,4,665.11,0
I00953,O00268,P0171,5,500.18,0
I00954,O00620,P0377,4,893.21,5
I00955,O00796,P0464,1,879.33,10
I00956,O00752,P0357,5,504.28,15
I00957,O00272,P0209,3,1213.73,10
I00958,O00577,P0283,3,263.5,0
I00959,O01376,P0468,1,910.62,10
I00960,O00233,P0442,1,293.74,0
I00961,O00498,P0413,1,767.65,0
I00962,O01172,P0192,2,903.01,0
I00963,O01481,P0443,1,983.18,10
I00964,O00145,P0446,2,1288.59,30
I00965,O01985,P0321,4,760.1,10
I00966,O01255,P0403,1,1266.14,0
I00967,O01881,P0361,1,838.91,0
I00968,O00188,P0047,1,251.62,15
I00969,O00431,P0406,1,889.86,0
I00970,O01085,P0199,2,94.3,20
I00971,O01015,P0439,-4,267.55,0
I00972,O01385,P0241,5,721.85,0
I00973,O00013,P0227,1,281.37,0
I00974,O00295,P0499,5,292.95,30
I00975,O00254,P0499,1,291.83,5
I00976,O01549,P0096,2,1321.29,0
I00977,O01214,P0203,3,558.74,30
I00978,O00585,P0212,2,262.4,15
I00979,O01507,P0129,2,1127.95,25
I00980,O01983,P0004,3,1229.68,10
I00981,O00127,P0387,1,327.79,20
I00982,O00124,P0177,5,41.19,15
I00983,O01841,P0041,4,129.09,0
I00984,O00653,P0382,5,845.47,10
I00985,O01389,P0358,1,415.95,30
I00986,O00654,P0135,4,185.39,10
I00987,O00759,P0381,4,316.72,125
I00988,O01119,P0391,2,143.69,5
I00989,O01415,P0301,3,703.15,15
I00990,O00665,P0239,4,937.03,20
I00991,O00927,P0445,2,819.51,0
I00992,O00860,P0378,1,63.72,0
I00993,O01783,P0404,2,502.41,15
I00994,O01621,P0188,2,966.31,0
I00995,O00445,P0304,-1,1360.68,0
I00996,O00555,P0201,3,649.47,5
I00997,O00325,P0012,3,912.54,25
I00998,O00997,P0143,5,981.31,20
I00999,O01745,P0222,2,177.83,20
I01000,O00724,P0497,1,556.98,0
I01001,O00977,P0488,5,279.95,10
I01002,O01932,P0073,4,169.41,5
I01003,O01960,P0214,3,1013.44,0
I01004,O01401,P0174,5,45.47,15
I01005,O00266,P0314,5,654.93,10
I01006,O01653,P0175,2,583.35,10
I01007,O00130,P0290,1,458.34,20
I01008,O00429,P0190,3,90.07,5
I01009,O00641,P0466,4,517.16,10
I01010,O01626,P0285,3,473.48,5
I01011,O00660,P0462,5,252.59,5
I01012,O00486,P0363,2,577.03,20
I01013,O00040,P0289,3,169.95,25
I01014,O01537,P0451,2,735.27,30
I01015,O01006,P0165,4,727.39,30
I01016,O01963,P0462,3,343.28,0
I01017,O00396,P0231,3,473.24,0
I01018,O00121,P0187,4,838.48,5
I01019,O00671,P0439,-5,257.8,30
I01020,O01605,P0248,3,795.89,10
I01021,O01239,P0249,5,1059.89,5
I01022,O00386,P0422,5,598.18,30
I01023,O00125,P0462,-6,255.21,25
I01024,O00509,P0410,4,166.87,15
I01025,O00023,P0359,3,1305.18,10
I01026,O00052,P0105,1,889.96,15
I01027,O01589,P0041,-2,114.35,20
I01028,O00322,P0321,5,610.52,20
I01029,O01919,P0389,3,904.65,20
I01030,O01243,P0142,4,356.34,10
I01031,O00662,P0084,1,838.25,0
I01032,O01132,P0027,4,1041.33,10
I01033,O01476,P0073,4,175.48,25
I01034,O01324,P0014,-3,373.53,15
I01035,O01713,P0092,1,901.15,10
I01036,O01165,P0166,1,673.84,25
I01037,O01462,P0029,2,958.46,20
I01038,O00287,P0033,2,1353.01,0
I01039,O01462,P0268,2,731.96,0
I01040,O00732,P0387,3,357.98,0
I01041,O00143,P0212,4,245.33,15
I01042,O00853,P0280,4,982.78,0
I01043,O01668,P0281,2,1326.24,20
I01044,O01867,P0082,3,378.12,5
I01045,O01400,P0123,5,694.89,0
I01046,O01429,P0027,2,959.69,20
I01047,O01554,P0022,2,107.83,0
I01048,O01026,P0489,-3,934.72,10
I01049,O01373,P0199,4,112.0,0
I01050,O01009,P0262,1,921.16,15
I01051,O00410,P0282,5,669.75,0
I01052,O01007,P0107,1,379.24,10
I01053,O01806,P0360,3,633.45,25
I01054,O00814,P0461,2,161.12,0
I01055,O01286,P0275,5,410.33,10
I01056,O01047,P0137,4,353.07,0
I01057,O01245,P0428,3,143.67,10
I01058,O00534,P0101,4,1012.3,0
I01059,O00060,P0334,4,161.7,30
I01060,O01049,P0496,4,160.12,5
I01061,O00794,P0095,1,650.53,5
I01062,O01507,P0103,3,265.32,5
I01063,O00622,P0454,3,174.83,20
I01064,O00471,P0028,5,54.68,10
I01065,O00635,P0112,1,185.68,5
I01066,O00684,P0425,2,946.51,20
I01067,O01475,P0485,3,592.7,20
I01068,O00339,P0201,4,683.49,20
I01069,O01629,P0288,2,504.2,0
I01070,O00001,P0316,1,495.87,30
I01071,O01940,P0026,3,304.37,0
I01072,O01493,P0156,5,160.39,0
I01073,O00441,P0050,2,818.57,15
I01074,O00156,P0380,3,764.33,15
I01075,O01578,P0335,1,549.04,0
I01076,O00936,P0155,2,676.88,0
I01077,O01951,P0471,1,1230.14,20
I01078,O00177,P0090,2,119.2,20
I01079,O01424,P0446,5,1278.64,10
I01080,O01154,P0139,4,859.24,0
I01081,O00442,P0375,1,187.22,15
I01082,O00077,P0348,4,406.64,15
I01083,O00359,P0426,1,364.66,30
I01084,O00130,P0460,-3,157.45,10
I01085,O01643,P0369,3,784.08,0
I01086,O01786,P0344,2,416.94,5
I01087,O00004,P0354,1,299.05,30
I01088,O01145,P0428,4,186.44,5
I01089,O00097,P0367,3,798.22,10
I01090,O00935,P0046,4,681.11,25
I01091,O01847,P0084,3,769.15,25
I01092,O01506,P0277,3,188.54,15
I01093,O00763,P0090,4,152.69,10
I01094,O01668,P0393,4,207.76,25
I01095,O00885,P0209,1,1058.18,30
I01096,O00682,P0130,3,507.75,20
I01097,O01765,P0231,2,545.35,0
I01098,O01761,P0176,2,444.32,30
I01099,O01704,P0175,2,543.84,30
I01100,O01623,P0072,2,450.19,15
I01101,O01804,P0042,1,910.36,25
I01102,O00213,P0279,5,945.13,0
I01103,O01362,P0131,2,1061.11,5
I01104,O00686,P0351,4,892.92,0
I01105,O01633,P0167,3,868.32,25
I01106,O01346,P0480,4,502.48,5
I01107,O00836,P0296,1,968.38,5
I01108,O00319,P0328,2,484.26,0
I01109,O01034,P0458,1,956.62,20
I01110,O01424,P0074,3,1184.0,5
I01111,O01691,P0387,2,364.93,25
I01112,O01669,P0327,2,230.22,0
I01113,O00248,P0009,2,838.32,0
I01114,O00147,P0424,1,873.98,10
I01115,O00865,P0232,3,297.9,15
I01116,O00615,P0006,3,24.65,15
I01117,O00878,P0439,-5,312.49,30
I01118,O01260,P0471,5,1156.3,0
I01119,O00065,P0348,4,426.12,10
I01120,O01435,P0180,4,893.78,15
I01121,O00201,P0386,4,560.11,30
I01122,O01944,P0318,4,1165.81,0
I01123,O00999,P0195,1,622.78,20
I01124,O00170,P0130,2,447.72,0
I01125,O00691,P0233,2,361.35,30
I01126,O00635,P0241,5,641.81,20
I01127,O00195,P0111,1,819.42,0
I01128,O01600,P0304,1,1322.2,25
I01129,O00372,P0228,4,172.44,10
I01130,O01642,P0357,5,544.6,0
I01131,O01430,P0130,5,455.1,20
I01132,O00601,P0090,2,171.75,0
I01133,O00874,P0149,1,898.45,0
I01134,O00408,P0496,4,171.35,20
I01135,O01589,P0128,2,129.31,15
I01136,O00458,P0023,3,329.88,30
I01137,O01462,P0433,4,1188.39,0
I01138,O00271,P0052,5,892.37,30
I01139,O00751,P0013,4,353.53,0
I01140,O01421,P0363,3,561.97,25
I01141,O00069,P0055,3,205.88,15
I01142,O00138,P0286,-1,135.23,0
I01143,O01362,P0135,3,195.63,20
I01144,O00499,P0206,2,131.82,0
I01145,O01169,P0013,2,313.49,5
I01146,O01119,P0229,3,733.07,25
I01147,O01989,P0135,-2,168.45,30
I01148,O00082,P0212,2,221.49,5
I01149,O01530,P0076,4,746.64,0
I01150,O01615,P0191,1,868.57,0
I01151,O01200,P0269,5,1061.35,0
I01152,O00281,P0156,3,188.95,5
I01153,O00438,P0441,2,69.19,20
I01154,O00203,P0245,2,494.36,15
I01155,O01109,P0284,1,1185.22,0
I01156,O01045,P0342,2,599.72,0
I01157,O00149,P0245,5,501.27,0
I01158,O00847,P0127,3,1053.81,5
I01159,O00123,P0424,4,712.28,0
I01160,O00809,P0446,1,1027.93,5
I01161,O00766,P0344,4,500.36,20
I01162,O00461,P0311,2,755.59,20
I01163,O01044,P0315,4,1126.55,0
I01164,O00590,P0124,4,27.34,0
I01165,O00855,P0222,1,189.85,25
I01166,O01592,P0044,2,47.17,0
I01167,O00576,P0190,4,84.87,10
I01168,O01240,P0156,3,186.06,10
I01169,O01048,P0438,4,1120.71,15
I01170,O01410,P0388,5,162.0,25
I01171,O01228,P0473,5,449.16,0
I01172,O01417,P0241,4,737.31,10
I01173,O01294,P0273,1,677.11,10
I01174,O00556,P0323,3,735.17,30
I01175,O01899,P0263,3,174.16,5
I01176,O01992,P0290,3,338.12,5
I01177,O01385,P0423,4,1019.65,10
I01178,O01372,P0136,2,1090.55,30
I01179,O01643,P0456,3,1004.23,5
I01180,O01460,P0352,5,349.59,25
I01181,O00948,P0165,5,770.43,25
I01182,O01481,P0089,3,960.9,5
I01183,O01298,P0106,3,587.28,0
I01184,O01018,P0455,3,666.91,5
I01185,O00555,P0201,5,652.63,20
I01186,O00522,P0276,5,1108.35,0
I01187,O00772,P0130,5,373.92,15
I01188,O01663,P0002,3,849.65,20
I01189,O01128,P0233,5,445.6,10
I01190,O00408,P0262,3,855.18,0
I01191,O01003,P0219,5,473.75,0
I01192,O00642,P0244,1,1059.34,0
I01193,O01557,P0093,1,46.76,0
I01194,O00221,P0434,5,12.11,25
I01195,O00197,P0138,4,153.74,5
I01196,O01161,P0021,1,636.84,0
I01197,O01279,P0058,3,1061.04,10
I01198,O00452,P0221,5,45.72,30
I01199,O01901,P0293,5,66.65,10
I01200,O00048,P0431,5,785.53,30
I01201,O00352,P0163,4,585.84,5
I01202,O01955,P0278,2,565.87,0
I01203,O01995,P0293,3,66.38,20
I01204,O01732,P0064,4,299.3,5
I01205,O00340,P0124,2,25.87,5
I01206,O00490,P0144,3,623.91,15
I01207,O01740,P0297,4,569.72,20
I01208,O01736,P0110,1,414.42,15
I01209,O00308,P0365,4,358.35,30
I01210,O01109,P0385,3,914.27,5
I01211,O00895,P0452,5,1186.84,10
I01212,O01040,P0165,5,706.22,15
I01213,O00421,P0430,3,158.75,0
I01214,O01715,P0361,4,814.84,0
I01215,O00447,P0404,3,521.34,10
I01216,O01465,P0208,3,1032.19,5
I01217,O00962,P0195,1,794.39,30
I01218,O00133,P0125,4,1203.62,0
I01219,O00737,P0200,4,764.75,0
I01220,O00913,P0252,4,666.09,0
I01221,O00469,P0224,3,897.21,10
I01222,O00981,P0467,2,1411.98,0
I01223,O01321,P0113,5,1345.71,30
I01224,O01733,P0272,1,614.39,15
I01225,O00469,P0187,1,602.99,0
I01226,O01133,P0048,1,269.99,10
I01227,O00523,P0041,4,121.91,0
I01228,O00893,P0151,3,1002.03,0
I01229,O00342,P0118,5,785.97,0
I01230,O01272,P0119,1,1329.58,30
I01231,O01786,P0336,2,1010.63,10
I01232,O00867,P0281,2,1160.58,5
I01233,O00401,P0009,5,1158.86,0
I01234,O00552,P0035,2,1053.41,25
I01235,O01134,P0064,3,396.9,0
I01236,O00383,P0079,2,224.35,0
I01237,O01570,P0167,-3,907.59,25
I01238,O01034,P0417,1,677.43,15
I01239,O00961,P0070,2,580.45,0
I01240,O01709,P0124,3,30.1,30
I01241,O00504,P0401,0,628.33,0
I01242,O00509,P0364,2,73.58,30
I01243,O00773,P0387,2,309.75,0
I01244,O01637,P0148,4,706.64,15
I01245,O00828,P0282,5,823.1,20
I01246,O01065,P0493,3,476.02,30
I01247,O01535,P0296,4,1119.63,10
I01248,O00342,P0439,-4,279.56,20
I01249,O00424,P0065,1,878.11,30
I01250,O00237,P0189,5,1124.05,15
I01251,O00766,P0196,1,702.38,10
I01252,O00033,P0250,2,985.91,15
I01253,O00302,P0397,4,629.26,30
I01254,O00287,P0405,3,1028.21,15
I01255,O01845,P0126,2,162.59,20
I01256,O00956,P0130,4,437.7,10
I01257,O00268,P0452,-4,978.79,0
I01258,O01838,P0126,1,223.71,10
I01259,O00953,P0192,4,897.84,15
I01260,O00727,P0040,5,178.34,25
I01261,O01779,P0245,4,406.96,0
I01262,O00636,P0181,5,955.01,0
I01263,O00299,P0006,5,27.34,10
I01264,O00448,P0031,5,517.62,10
I01265,O00685,P0013,5,355.02,20
I01266,O00584,P0178,3,1150.05,0
I01267,O00253,P0411,4,157.26,20
I01268,O00075,P0222,-5,201.82,30
I01269,O01983,P0260,2,236.55,15
I01270,O00901,P0170,3,818.39,0
I01271,O00403,P0073,1,209.35,30
I01272,O00452,P0197,1,648.14,0
I01273,O00273,P0156,2,131.99,15
I01274,O01638,P0292,2,67.89,15
I01275,O01877,P0281,2,1206.6,0
I01276,O00077,P0034,3,701.59,20
I01277,O00960,P0403,2,981.62,20
I01278,O00942,P0059,3,643.63,30
I01279,O01743,P0373,4,665.12,10
I01280,O01822,P0296,3,1053.81,10
I01281,O01397,P0270,5,173.49,25
I01282,O01217,P0350,2,853.24,5
I01283,O00990,P0418,3,939.85,10
I01284,O01022,P0482,4,330.79,0
I01285,O01642,P0488,3,312.29,0
I01286,O00458,P0422,2,457.13,5
I01287,O01897,P0238,1,783.89,25
I01288,O01521,P0259,4,369.92,15
I01289,O00167,P0291,2,1103.04,0
I01290,O99910,P0320,1,761.13,10
I01291,O00893,P0475,4,1363.53,15
I01292,O00063,P0079,3,213.77,10
I01293,O00997,P0061,4,85.26,15
I01294,O00881,P0302,2,770.84,10
I01295,O00338,P0125,3,1187.74,0
I01296,O00772,P0307,1,726.11,0
I01297,O01511,P0043,1,655.89,0
I01298,O01837,P0277,1,213.4,0
I01299,O00364,P0027,1,727.0,0
I01300,O00752,P0150,3,508.76,30
I01301,O01829,P0045,3,931.16,10
I01302,O01194,P0052,1,840.64,0
I01303,O01890,P0315,2,764.0,0
I01304,O01005,P0460,1,184.16,10
I01305,O01714,P0304,5,1058.34,0
I01306,O00284,P0426,1,386.41,20
I01307,O00323,P0311,5,759.86,0
I01308,O01412,P0255,3,576.68,0
I01309,O01362,P0202,2,559.01,20
I01310,O01950,P0415,5,330.72,10
I01311,O01669,P0151,4,1241.51,15
I01312,O01627,P0414,3,111.11,10
I01313,O00305,P0108,2,44.33,0
I01314,O01793,P0041,1,99.39,0
I01315,O00259,P0056,2,759.67,0
I01316,O01409,P0145,3,1111.14,30
I01317,O00892,P0123,4,918.62,0
I01318,O01931,P0477,5,1139.39,30
I01319,O00430,P0155,4,928.31,0
I01320,O00393,P0187,3,634.95,0
I01321,O01748,P0026,3,216.4,15
I01322,O00950,P0096,4,1304.55,10
I01323,O00670,P0231,4,422.4,10
I01324,O01161,P0491,2,1126.04,0
I01325,O01955,P0446,3,1232.9,15
I01326,O00686,P0048,2,256.72,0
I01327,O01051,P0453,5,60.18,20
I01328,O00415,P0491,2,879.77,15
I01329,O01294,P0020,3,1313.65,10
I01330,O00691,P0410,1,174.24,0
I01331,O01986,P0248,5,861.04,5
I01332,O01394,P0109,5,891.52,10
I01333,O01083,P0272,5,522.69,30
I01334,O00891,P0475,1,1232.77,20
I01335,O01121,P0494,3,1197.8,25
I01336,O00583,P0387,3,372.56,0
I01337,O01977,P0209,1,1160.84,20
I01338,O01903,P0425,4,1249.15,30
I01339,O00646,P0293,5,54.04,5
I01340,O01826,P0231,1,448.51,5
I01341,O00521,P0343,4,1113.63,10
I01342,O00084,P0003,2,576.95,20
I01343,O00881,P0123,1,809.93,0
I01344,O01097,P0411,5,175.14,15
I01345,O01951,P0009,3,1032.57,30
I01346,O01189,P0340,2,772.26,25
I01347,O01597,P0339,1,488.78,5
I01348,O01149,P0474,3,543.25,0
I01349,O00030,P0280,4,1265.85,0
I01350,O01939,P0169,4,924.71,0
I01351,O01535,P0051,3,338.47,0
I01352,O00527,P0337,4,1072.17,0
I01353,O01494,P0464,2,863.78,10
I01354,O00592,P0050,3,1102.21,25
I01355,O00141,P0355,1,242.91,0
I01356,O01920,P0448,1,653.63,5
I01357,O01627,P0034,3,901.12,0
I01358,O00692,P0059,1,855.58,25
I01359,O01095,P0393,4,256.95,25
I01360,O01259,P0063,3,655.11,0
I01361,O00724,P0183,2,738.56,15
I01362,O01936,P0413,3,608.46,0
I01363,O01648,P0467,1,1372.77,0
I01364,O00329,P0084,5,695.44,25
I01365,O01894,P0100,3,94.99,0
I01366,O01624,P0175,4,610.91,0
I01367,O01663,P0414,4,95.26,5
I01368,O01306,P0086,4,794.61,30
I01369,O02000,P0383,2,584.75,20
I01370,O00794,P0286,3,138.67,10
I01371,O00075,P0102,4,1135.48,5
I01372,O00036,P0002,3,1057.03,10
I01373,O00016,P0213,3,655.7,20
I01374,O00197,P0044,5,37.22,25
I01375,O01215,P0288,2,537.09,20
I01376,O01130,P0254,3,337.76,0
I01377,O01611,P0320,3,862.26,5
I01378,O00872,P0160,3,629.85,0
I01379,O01924,P0440,3,210.75,0
I01380,O00778,P0357,2,479.47,10
I01381,O00153,P0175,5,610.11,10
I01382,O01513,P0039,3,80.02,15
I01383,O00584,P0012,3,740.37,0
I01384,O00282,P0365,5,306.88,30
I01385,O00743,P0307,1,889.74,0
I01386,O00684,P0500,3,674.48,0
I01387,O01193,P0094,1,1066.79,5
I01388,O01724,P0026,5,242.52,25
I01389,O01663,P0468,5,1062.78,30
I01390,O00609,P0446,5,1191.83,10
I01391,O01541,P0052,1,1193.71,10
I01392,O00191,P0471,3,1342.69,10
I01393,O00141,P0380,1,545.28,30
I01394,O00977,P0003,1,480.31,20
I01395,O01110,P0415,1,318.4,10
I01396,O01150,P0082,2,463.14,0
I01397,O01329,P0172,5,707.03,0
I01398,O00964,P0323,2,911.51,0
I01399,O01684,P0087,5,375.77,5
I01400,O01072,P0209,3,899.01,30
I01401,O01725,P0407,2,1029.46,20
I01402,O00881,P0281,2,1051.42,30
I01403,O01690,P0342,5,673.45,10
I01404,O01995,P0177,5,30.31,15
I01405,O00552,P0467,2,1214.69,30
I01406,O01448,P0439,4,348.12,10
I01407,O00003,P0332,1,857.37,15
I01408,O00519,P0303,2,321.63,30
I01409,O01189,P0095,1,866.61,5
I01410,O00473,P0068,2,1241.14,0
I01411,O00809,P0375,2,144.13,5
I01412,O01177,P0142,1,479.83,5
I01413,O99901,P0368,1,712.01,15
I01414,O00916,P0055,2,199.3,0
I01415,O00253,P0371,3,18.13,10
I01416,O01063,P0211,3,30.64,20
I01417,O01301,P0340,2,828.87,5
I01418,O01782,P0200,2,699.78,20
I01419,O00896,P0251,1,268.06,10
I01420,O00325,P0002,1,1000.43,0
I01421,O00593,P0384,2,256.97,15
I01422,O00289,P0057,3,712.35,10
I01423,O00029,P0481,-5,922.92,25
I01424,O00713,P0034,3,838.8,5
I01425,O01770,P0231,3,435.88,20
I01426,O00329,P0494,4,1053.09,5
I01427,O00036,P0225,2,1138.36,20
I01428,O01943,P0197,5,631.94,25
I01429,O00225,P0329,3,245.73,10
I01430,O00203,P0268,3,762.89,150
I01431,O00827,P0410,1,153.94,0
I01432,O00220,P0291,2,1399.21,10
I01433,O01552,P0130,5,494.54,30
I01434,O01086,P0295,2,251.15,20
I01435,O01964,P0271,1,562.27,10
I01436,O01135,P0394,4,376.33,30
I01437,O00397,P0175,2,428.5,0
I01438,O01566,P0376,4,578.89,10
I01439,O01201,P0357,2,595.46,15
I01440,O01233,P0343,5,1089.67,30
I01441,O00967,P0183,5,555.07,5
I01442,O00094,P0456,3,808.93,10
I01443,O01091,P0242,3,362.67,20
I01444,O01152,P0117,1,756.81,0
I01445,O00281,P0053,2,984.13,15
I01446,O00957,P0444,4,415.03,25
I01447,O01395,P0379,5,645.94,20
I01448,O01512,P0368,2,720.42,5
I01449,O00526,P0190,1,78.14,30
I01450,O00575,P0210,5,1013.65,20
I01451,O00698,P0458,2,756.46,30
I01452,O00513,P0061,5,77.34,25
I01453,O99906,P0383,2,569.95,0
I01454,O01109,P0244,2,1168.79,0
I01455,O01674,P0475,2,1341.23,15
I01456,O00182,P0455,5,587.12,30
I01457,O00569,P0118,1,954.08,15
I01458,O00731,P0357,4,498.72,25
I01459,O01514,P0357,1,459.51,30
I01460,O00395,P0011,2,1179.45,0
I01461,O01501,P0120,2,873.64,5
I01462,O00272,P0424,3,695.47,20
I01463,O00463,P0032,5,1236.09,0
I01464,O01869,P0017,2,928.29,10
I01465,O01559,P0322,3,956.96,15
I01466,O01708,P0079,2,238.01,20
I01467,O00768,P0194,1,335.81,25
I01468,O01829,P0090,4,158.86,0
I01469,O00434,P0044,1,48.22,0
I01470,O00470,P0213,2,502.77,10
I01471,O01137,P0366,5,955.52,30
I01472,O01200,P0461,3,168.69,20
I01473,O01218,P0081,5,296.1,30
I01474,O00871,P0111,2,925.98,30
I01475,O00572,P0429,3,17.44,10
I01476,O01503,P0311,1,589.84,5
I01477,O01583,P0208,5,1041.9,20
I01478,O01191,P0475,1,986.8,0
I01479,O01510,P0462,5,243.88,0
I01480,O01863,P0287,5,838.29,0
I01481,O01104,P0028,2,52.0,0
I01482,O01042,P0124,5,30.59,25
I01483,O01104,P0453,5,58.32,0
I01484,O00192,P0174,3,43.65,10
I01485,O01696,P0171,2,499.71,0
I01486,O01717,P0219,2,448.95,0
I01487,O01432,P0412,1,434.76,25
I01488,O00147,P0076,4,851.96,25
I01489,O00660,P0042,4,882.72,0
I01490,O01736,P0349,3,944.28,0
I01491,O01598,P0017,1,1212.14,0
I01492,O00063,P0442,1,328.96,10
I01493,O01655,P0085,5,645.38,0
I01494,O00985,P0043,1,846.66,20
I01495,O01327,P0402,3,1143.74,0
I01496,O01984,P0404,5,570.54,0
I01497,O00724,P0369,3,679.9,15
I01498,O01873,P0345,5,111.58,10
I01499,O00327,P0386,1,505.65,25
I01500,O01369,P0417,5,720.09,25
I01501,O01070,P0245,1,456.16,0
I01502,O00592,P0090,5,167.14,30
I01503,O00778,P0404,4,442.94,0
I01504,O00054,P0260,1,278.59,30
I01505,O00536,P0026,2,213.36,15
I01506,O00182,P0177,3,37.41,25
I01507,O00830,P0141,4,276.22,30
I01508,O00306,P0063,3,590.31,25
I01509,O00757,P0117,1,931.11,10
I01510,O01608,P0159,5,64.18,15
I01511,O01463,P0374,1,105.76,20
I01512,O00493,P0028,4,49.7,30
I01513,O00943,P0439,5,314.94,10
I01514,O01582,P0403,5,1424.73,25
I01515,O00125,P0095,3,654.55,200
I01516,O00803,P0476,3,726.11,25
I01517,O01875,P0064,5,412.77,0
I01518,O00530,P0134,2,636.16,25
I01519,O01804,P0486,2,190.9,25
I01520,O01565,P0100,2,91.13,25
I01521,O00549,P0332,2,679.3,0
I01522,O01427,P0345,4,108.96,30
I01523,O00350,P0348,5,392.57,30
I01524,O01497,P0331,3,298.11,15
I01525,O00498,P0153,4,48.83,0
I01526,O01731,P0189,5,1076.7,15
I01527,O01968,P0110,3,390.64,0
I01528,O01684,P0237,4,953.62,10
I01529,O00799,P0485,2,649.85,10
I01530,O01552,P0485,3,599.31,0
I01531,O00470,P0096,3,1114.73,10
I01532,O00602,P0279,2,1241.92,0
I01533,O00773,P0343,3,799.3,15
I01534,O00596,P0406,5,755.39,30
I01535,O01035,P0492,1,1122.75,5
I01536,O00495,P0375,5,146.68,25
I01537,O00565,P0266,3,954.82,0
I01538,O01428,P0239,1,849.23,10
I01539,O01309,P0020,1,1085.54,10
I01540,O00443,P0123,-2,744.94,10
I01541,O00528,P0100,5,108.39,10
I01542,O00809,P0453,2,76.16,0
I01543,O00194,P0413,5,584.25,20
I01544,O01800,P0270,1,198.51,25
I01545,O00407,P0025,2,1042.74,30
I01546,O00406,P0047,4,243.53,5
I01547,O00662,P0069,2,111.54,0
I01548,O00072,P0452,1,1068.45,0
I01549,O01560,P0471,5,1283.01,20
I01550,O00798,P0389,1,1157.82,20
I01551,O00834,P0492,5,997.49,25
I01552,O01867,P0457,2,778.76,5
I01553,O01661,P0421,1,100.14,30
I01554,O00850,P0055,1,198.72,25
I01555,O01073,P0066,1,566.63,5
I01556,O00968,P0353,4,318.0,10
I01557,O01221,P0374,1,118.29,15
I01558,O01272,P0470,2,755.06,15
I01559,O00709,P0189,2,1032.21,0
I01560,O00146,P0040,1,158.64,25
I01561,O00588,P0328,1,507.7,25
I01562,O00814,P0150,5,379.54,20
I01563,O01202,P0176,2,503.12,15
I01564,O01481,P0100,2,83.18,5
I01565,O00303,P0311,1,693.15,5
I01566,O00692,P0232,4,229.66,0
I01567,O00075,P0048,3,232.8,0
I01568,O01927,P0267,1,1063.48,10
I01569,O01623,P0323,3,655.13,5
I01570,O00878,P0253,4,1393.78,0
I01571,O00239,P0266,2,1180.64,15
I01572,O01923,P0400,1,1015.86,5
I01573,O01066,P0448,2,921.32,10
I01574,O01245,P0200,1,713.06,0
I01575,O00934,P0198,1,746.15,10
I01576,O00205,P0482,2,361.95,5
I01577,O00729,P0131,1,1047.72,15
I01578,O00894,P0261,-5,886.19,0
I01579,O00994,P0249,4,932.46,25
I01580,O01273,P0330,2,1361.69,25
I01581,O01536,P0426,1,334.8,0
I01582,O01136,P0124,1,24.23,25
I01583,O00702,P0230,-3,422.06,5
I01584,O01870,P0245,5,570.96,25
I01585,O00435,P0070,2,644.86,10
I01586,O00110,P0315,1,1040.4,10
I01587,O00037,P0232,5,271.67,0
I01588,O01157,P0260,5,270.99,0
I01589,O01176,P0412,2,356.74,0
I01590,O00523,P0366,5,1135.64,0
I01591,O01447,P0207,5,597.54,30
I01592,O01571,P0483,5,141.57,30
I01593,O01599,P0414,3,90.08,25
I01594,O01230,P0329,4,218.15,0
I01595,O00298,P0456,5,908.86,10
I01596,O01950,P0297,5,474.77,5
I01597,O00211,P0076,3,756.38,0
I01598,O00635,P0396,5,237.82,30
I01599,O00399,P0406,2,985.7,5
I01600,O01599,P0056,2,553.61,10
I01601,O01985,P0400,4,764.17,15
I01602,O01921,P0289,1,176.15,15
I01603,O01143,P0319,4,16.67,0
I01604,O00937,P0204,4,770.7,0
I01605,O01535,P0329,2,204.53,10
I01606,O01484,P0288,2,571.44,25
I01607,O01373,P0311,-5,591.5,10
I01608,O01946,P0333,5,39.34,0
I01609,O01551,P0337,1,1355.03,10
I01610,O00706,P0424,4,630.62,0
I01611,O01160,P0073,-5,219.97,15
I01612,O01648,P0175,2,434.59,15
I01613,O01116,P0303,2,405.58,15
I01614,O01605,P0339,5,433.95,15
I01615,O00834,P0294,1,796.2,5
I01616,O01657,P0008,4,491.54,0
I01617,O01807,P0345,2,149.32,5
I01618,O01171,P0414,3,95.87,0
I01619,O01592,P0129,3,1135.47,15
I01620,O01204,P0278,3,464.79,25
I01621,O00084,P0140,1,635.13,0
I01622,O00003,P0245,1,548.93,25
I01623,O01859,P0223,4,206.75,0
I01624,O01564,P0029,4,745.14,25
I01625,O01369,P0104,2,494.04,30
I01626,O01687,P0172,1,920.66,0
I01627,O01081,P0485,1,450.25,30
I01628,O00601,P0332,5,750.09,0
I01629,O00112,P0440,4,273.89,15
I01630,O01290,P0397,5,519.25,5
I01631,O00908,P0447,4,884.71,0
I01632,O00452,P0026,3,290.82,10
I01633,O00903,P0009,4,1195.18,30
I01634,O00120,P0145,4,958.88,0
I01635,O01768,P0372,4,600.54,0
I01636,O00040,P0306,5,332.54,0
I01637,O01485,P0382,4,908.04,15
I01638,O00330,P0473,5,342.91,30
I01639,O00540,P0035,1,1051.99,15
I01640,O01093,P0480,3,529.55,0
I01641,O00416,P0497,4,458.68,5
I01642,O01955,P0046,3,770.04,10
I01643,O00415,P0367,3,821.25,15
I01644,O01899,P0056,1,625.12,20
I01645,O01842,P0462,-5,268.07,0
I01646,O00001,P0041,4,125.66,0
I01647,O00488,P0113,5,1296.99,10
I01648,O01119,P0068,5,1129.74,10
I01649,O00447,P0193,4,312.32,0
I01650,O00608,P0457,3,1034.48,10
I01651,O01969,P0304,2,946.45,30
I01652,O01770,P0166,4,537.84,10
I01653,O01675,P0262,1,680.49,15
I01654,O00109,P0142,2,370.45,20
I01655,O01704,P0105,1,1113.26,15
I01656,O01900,P0241,2,799.5,20
I01657,O01367,P0380,5,741.61,0
I01658,O00029,P0469,2,481.54,0
I01659,O01681,P0450,5,470.03,25
I01660,O01287,P0424,2,687.07,10
I01661,O00860,P0266,2,1284.48,30
I01662,O01700,P0280,4,1115.26,30
I01663,O00873,P0225,2,875.43,25
I01664,O01737,P0125,5,1308.8,0
I01665,O00653,P0279,4,1241.15,0
I01666,O01537,P0174,4,38.53,0
I01667,O01206,P0253,5,1322.57,15
I01668,O00244,P0207,4,581.18,20
I01669,O01764,P0359,4,954.41,5
I01670,O01598,P0461,2,136.97,0
I01671,O00771,P0187,5,813.97,0
I01672,O00351,P0044,2,46.38,5
I01673,O01381,P0323,2,761.46,0
I01674,O01351,P0202,3,525.02,0
I01675,O00917,P0398,1,190.96,10
I01676,O01501,P0208,1,1166.22,25
I01677,O00357,P0334,1,195.99,30
I01678,O00815,P0072,4,351.93,30
I01679,O01210,P0489,5,664.11,10
I01680,O01248,P0121,5,773.78,10
I01681,O00034,P0402,2,1006.39,0
I01682,O01743,P0457,3,1131.7,0
I01683,O01495,P0488,2,313.92,25
I01684,O01226,P0222,3,217.25,25
I01685,O00267,P0497,3,478.86,30
I01686,O01249,P0173,5,326.32,25
I01687,O00173,P0323,3,669.64,10
I01688,O01040,P0232,4,265.1,0
I01689,O00188,P0356,3,1209.35,0
I01690,O00823,P0121,4,921.92,15
I01691,O01576,P0245,2,437.97,0
I01692,O00563,P0479,4,1030.29,0
I01693,O01474,P0494,4,1151.51,20
I01694,O00788,P0313,5,671.33,0
I01695,O01875,P0439,4,316.08,25
I01696,O00316,P0255,2,601.48,10
I01697,O01012,P0265,1,193.4,25
I01698,O00002,P0163,4,568.71,0
I01699,O00487,P0350,3,982.87,0
I01700,O00062,P0357,3,481.81,15
I01701,O00680,P0196,4,806.36,30
I01702,O00256,P0020,2,962.72,10
I01703,O01595,P0461,3,144.76,10
I01704,O01914,P0138,5,162.68,15
I01705,O00402,P0236,2,1172.35,10
I01706,O00603,P0424,2,886.31,5
I01707,O01400,P0325,5,1155.97,30
I01708,O00802,P0434,2,13.28,5
I01709,O01892,P0280,5,1410.9,0
I01710,O00534,P0175,-1,514.87,10
I01711,O00692,P0096,4,1174.92,0
I01712,O00797,P0468,2,1094.67,30
I01713,O01207,P0088,2,257.79,5
I01714,O01601,P0176,3,448.46,0
I01715,O01925,P0115,5,839.27,0
I01716,O00757,P0287,3,916.49,0
I01717,O01063,P0488,3,318.82,15
I01718,O00665,P0487,1,1144.43,30
I01719,O01584,P0165,3,963.18,10
I01720,O00628,P0115,5,589.04,0
I01721,O01050,P0450,5,504.71,0
I01722,O01872,P0475,4,1336.68,30
I01723,O00408,P0248,5,672.54,10
I01724,O01625,P0298,1,419.35,0
I01725,O00808,P0430,3,153.68,0
I01726,O00221,P0167,3,729.04,10
I01727,O01493,P0104,2,501.7,10
I01728,O01675,P0318,4,1168.02,20
I01729,O01075,P0373,1,635.3,5
I01730,O01744,P0409,3,340.06,0
I01731,O00545,P0009,2,1221.63,0
I01732,O01623,P0146,1,430.2,0
I01733,O00936,P0398,4,192.5,30
I01734,O00250,P0271,5,827.38,25
I01735,O01240,P0243,2,912.13,20
I01736,O00266,P0004,2,1052.2,25
I01737,O01571,P0270,3,205.86,15
I01738,O01916,P0084,3,936.68,25
I01739,O01589,P0415,4,392.8,15
I01740,O01770,P0030,5,592.58,25
I01741,O00922,P0213,5,665.85,20
I01742,O00344,P0144,2,680.53,20
I01743,O00691,P0362,3,227.58,25
I01744,O01205,P0324,4,170.79,10
I01745,O01614,P0408,5,734.87,10
I01746,O00624,P0092,5,969.1,0
I01747,O01420,P0496,4,125.79,10
I01748,O01743,P0014,1,303.51,0
I01749,O00629,P0022,3,113.83,5
I01750,O00476,P0301,1,857.61,5
I01751,O01692,P0068,1,1209.82,10
I01752,O00427,P0445,1,655.07,10
I01753,O01069,P0175,2,531.06,15
I01754,O01397,P0285,1,553.87,10
I01755,O01065,P0156,5,149.85,30
I01756,O01270,P0197,4,679.49,0
I01757,O01414,P0256,2,483.01,15
I01758,O01616,P0230,4,440.07,10
I01759,O01530,P0330,1,1132.21,0
I01760,O01513,P0188,2,1365.52,10
I01761,O01964,P0148,1,634.38,25
I01762,O00355,P0112,5,207.44,0
I01763,O01713,P0378,1,49.43,0
I01764,O01800,P0103,1,250.59,10
I01765,O00773,P0320,1,641.93,0
I01766,O00538,P0267,4,941.3,0
I01767,O00949,P0105,3,1128.0,0
I01768,O00966,P0273,4,582.44,25
I01769,O00934,P0362,2,203.17,0
I01770,O00951,P0461,3,133.84,10
I01771,O01152,P0383,3,644.57,20
I01772,O01767,P0070,5,637.21,0
I01773,O00185,P0167,5,680.98,20
I01774,O01135,P0196,-2,857.19,0
I01775,O01780,P0201,2,539.34,20
I01776,O00961,P0492,2,846.01,0
I01777,O00407,P0235,4,1235.17,5
I01778,O01194,P0475,2,1210.24,0
I01779,O00318,P0167,5,693.48,30
I01780,O01518,P0466,4,470.87,0
I01781,O00875,P0490,3,862.32,30
I01782,O00484,P0039,5,84.57,25
I01783,O00342,P0074,3,908.13,10
I01784,O01617,P0360,5,902.44,25
I01785,O01925,P0105,3,963.07,10
I01786,O01485,P0214,4,863.55,20
I01787,O00806,P0113,-3,1019.34,5
I01788,O00682,P0483,3,108.87,10
I01789,O01588,P0296,4,1157.69,30
I01790,O00370,P0367,4,763.64,30
I01791,O01193,P0423,4,1243.64,0
I01792,O00902,P0096,1,1192.54,0
I01793,O01366,P0029,5,820.58,20
I01794,O01020,P0389,1,987.88,5
I01795,O01675,P0252,3,740.35,0
I01796,O01938,P0297,5,587.71,5
I01797,O01664,P0067,1,101.59,0
I01798,O01494,P0407,1,891.61,25
I01799,O01810,P0097,1,959.79,10
I01800,O01243,P0390,4,825.53,25
I01801,O01166,P0258,4,108.45,10
I01802,O01516,P0351,3,728.43,25
I01803,O01306,P0183,5,578.52,15
I01804,O01716,P0474,1,374.53,5
I01805,O00619,P0009,2,940.28,15
I01806,O01173,P0331,5,232.5,10
I01807,O00711,P0057,2,608.24,5
I01808,O01841,P0447,1,934.55,0
I01809,O01183,P0399,2,286.35,30
I01810,O00050,P0384,1,245.42,10
I01811,O01339,P0102,5,970.24,5
I01812,O00403,P0030,1,523.71,30
I01813,O00170,P0213,2,713.51,30
I01814,O01982,P0256,1,341.16,0
I01815,O00310,P0204,2,597.95,0
I01816,O01776,P0107,4,366.97,15
I01817,O00286,P0239,1,895.61,0
I01818,O01380,P0311,1,738.28,0
I01819,O00215,P0058,2,1081.45,0
I01820,O01478,P0022,1,111.99,20
I01821,O01356,P0070,5,729.38,20
I01822,O01896,P0478,5,95.35,5
I01823,O00395,P0019,4,747.34,15
I01824,O00028,P0173,2,253.2,20
I01825,O01662,P0334,3,203.54,25
I01826,O01608,P0054,3,372.13,0
I01827,O00047,P0052,5,861.73,15
I01828,O01889,P0321,3,647.12,0
I01829,O00276,P0296,2,1097.62,30
I01830,O00036,P0147,5,906.15,5
I01831,O01982,P0359,3,1318.28,15
I01832,O01660,P0430,1,181.42,5
I01833,O01222,P0367,3,747.36,0
I01834,O01017,P0399,1,359.01,0
I01835,O00243,P0118,2,968.46,10
I01836,O00736,P0098,5,286.38,10
I01837,O00629,P0277,0,207.96,5
I01838,O01929,P0434,1,11.86,0
I01839,O00987,P0014,1,304.18,15
I01840,O00332,P0064,4,337.31,5
I01841,O00124,P0286,2,124.86,30
I01842,O01473,P0318,1,834.31,15
I01843,O00046,P0219,4,515.91,5
I01844,O00577,P0067,5,100.51,0
I01845,O01952,P0176,2,411.18,0
I01846,O01775,P0114,3,55.43,0
I01847,O00035,P0128,5,132.72,10
I01848,O01960,P0465,4,583.51,30
I01849,O00925,P0469,3,609.65,15
I01850,O01276,P0458,1,954.3,10
I01851,O01595,P0227,3,333.55,10
I01852,O00354,P0146,2,353.62,10
I01853,O00281,P0246,3,1315.74,20
I01854,O00091,P0223,5,159.23,0
I01855,O01605,P0394,5,296.42,0
I01856,O01651,P0020,4,1046.43,25
I01857,O00817,P0118,3,685.15,0
I01858,O01058,P0251,1,196.5,25
I01859,O01664,P0007,3,94.59,20
I01860,O00063,P0055,1,182.85,10
I01861,O00173,P0361,2,808.35,25
I01862,O00209,P0022,2,127.17,0
I01863,O00681,P0237,1,900.24,0
I01864,O00740,P0417,5,962.23,10
I01865,O01641,P0252,4,628.89,0
I01866,O00051,P0059,1,836.76,30
I01867,O01089,P0223,5,173.46,10
I01868,O00880,P0229,5,668.59,10
I01869,O00247,P0255,5,449.07,0
I01870,O01375,P0171,2,431.11,30
I01871,O01659,P0207,4,467.54,10
I01872,O00807,P0430,4,158.45,0
I01873,O00132,P0041,5,113.6,5
I01874,O01749,P0426,4,316.23,0
I01875,O00545,P0017,4,901.86,15
I01876,O01977,P0218,-3,687.11,30
I01877,O01629,P0013,1,399.49,0
I01878,O01366,P0229,4,713.4,0
I01879,O00041,P0468,3,837.19,30
I01880,O01929,P0121,5,810.05,0
I01881,O01551,P0421,3,134.16,30
I01882,O01368,P0002,1,951.82,10
I01883,O00524,P0402,5,858.36,30
I01884,O01208,P0257,3,174.69,30
I01885,O01869,P0421,4,123.39,30
I01886,O01309,P0271,2,839.09,0
I01887,O00900,P0102,1,964.48,15
I01888,O01536,P0196,3,769.5,0
I01889,O01957,P0211,1,37.46,0
I01890,O01951,P0111,1,779.05,20
I01891,O00509,P0246,-2,1190.46,0
I01892,O00375,P0391,2,134.06,25
I01893,O00593,P0343,-5,993.46,30
I01894,O01251,P0467,4,995.91,0
I01895,O01866,P0035,3,1030.1,0
I01896,O01958,P0453,2,68.34,0
I01897,O01056,P0110,4,458.07,25
I01898,O00183,P0433,4,1035.0,0
I01899,O01363,P0431,1,758.13,10
I01900,O01848,P0049,5,337.03,0
I01901,O01438,P0121,5,754.49,30
I01902,O01813,P0263,5,202.9,20
I01903,O00230,P0462,1,254.9,20
I01904,O01713,P0493,5,363.65,25
I01905,O00594,P0321,5,663.22,0
I01906,O00145,P0418,5,1310.79,15
I01907,O01096,P0458,2,773.91,0
I01908,O01940,P0389,3,828.87,25
I01909,O00478,P0263,5,214.0,20
I01910,O00897,P0498,1,823.53,25
I01911,O00053,P0089,3,935.71,25
I01912,O00656,P0024,4,321.83,0
I01913,O01725,P0425,2,1233.68,15
I01914,O01220,P0289,4,143.49,0
I01915,O00173,P0392,2,534.37,25
I01916,O01674,P0457,5,969.27,10
I01917,O01374,P0406,4,717.48,25
I01918,O00949,P0463,4,218.85,30
I01919,O01906,P0483,4,161.68,0
I01920,O00727,P0137,2,282.2,0
I01921,O00182,P0133,5,1320.82,15
I01922,O00091,P0058,4,1068.76,25
I01923,O00999,P0329,3,188.29,25
I01924,O01481,P0286,4,111.31,10
I01925,O00943,P0055,5,236.56,15
I01926,O00093,P0094,5,949.38,15
I01927,O01711,P0360,5,803.65,15
I01928,O01476,P0197,3,725.33,30
I01929,O00928,P0439,-6,328.85,10
I01930,O00024,P0078,2,697.54,25
I01931,O00292,P0174,2,36.34,10
I01932,O01691,P0297,4,549.64,10
I01933,O00001,P0278,5,550.82,30
I01934,O00455,P0492,3,1112.63,25
I01935,O01028,P0205,2,1185.87,30
I01936,O00282,P0022,3,152.08,15
I01937,O01542,P0246,5,996.14,20
I01938,O00871,P0309,1,1130.84,30
I01939,O00615,P0427,1,698.07,5
I01940,O01836,P0425,2,917.01,10
I01941,O01229,P0339,2,527.68,5
I01942,O00477,P0366,2,912.72,20
I01943,O00001,P0369,3,761.45,0
I01944,O00522,P0128,3,131.76,25
I01945,O00681,P0462,-5,345.91,0
I01946,O00571,P0185,3,173.91,20
I01947,O01263,P0075,1,248.73,15
I01948,O01788,P0163,2,562.08,10
I01949,O01162,P0141,4,221.44,15
I01950,O01548,P0433,4,983.36,0
I01951,O01434,P0396,3,239.28,30
I01952,O01120,P0276,1,1218.09,25
I01953,O01494,P0278,1,639.44,15
I01954,O00298,P0237,1,940.3,10
I01955,O00848,P0041,5,117.93,0
I01956,O00669,P0404,5,482.84,0
I01957,O00772,P0471,3,1117.14,25
I01958,O01103,P0217,5,96.7,5
I01959,O00811,P0358,5,461.59,25
I01960,O01038,P0226,4,1087.36,30
I01961,O01776,P0160,1,667.48,10
I01962,O00643,P0175,1,554.15,0
I01963,O01480,P0064,5,373.28,0
I01964,O01600,P0030,4,570.37,10
I01965,O00782,P0127,1,1081.91,10
I01966,O00161,P0059,4,640.67,0
I01967,O01102,P0117,5,881.88,15
I01968,O00510,P0107,4,411.85,0
I01969,O00533,P0052,3,1036.77,10
I01970,O00995,P0307,1,641.45,0
I01971,O01334,P0013,5,376.15,10
I01972,O01087,P0414,5,80.98,10
I01973,O01886,P0092,4,792.84,15
I01974,O01609,P0350,5,1072.72,30
I01975,O00841,P0223,1,193.31,10
I01976,O00332,P0405,1,907.84,10
I01977,O00746,P0162,4,321.0,20
I01978,O00060,P0481,-4,1132.5,20
I01979,O01573,P0401,3,814.05,5
I01980,O01650,P0099,5,1162.81,0
I01981,O01756,P0218,3,697.15,10
I01982,O00781,P0410,2,160.22,0
I01983,O01435,P0395,3,66.37,0
I01984,O00685,P0056,5,607.21,30
I01985,O00110,P0178,1,977.72,15
I01986,O00243,P0083,2,1211.37,0
I01987,O01561,P0151,4,1020.47,15
I01988,O01422,P0494,4,1269.28,10
I01989,O00648,P0206,5,112.22,0
I01990,O99914,P0200,2,603.01,10
I01991,O00190,P0364,3,104.04,25
I01992,O01093,P0418,5,1374.08,15
I01993,O01853,P0031,5,512.87,0
I01994,O01058,P0056,4,627.0,20
I01995,O01145,P0365,2,365.74,5
I01996,O01184,P0448,-5,640.59,10
I01997,O01838,P0228,1,244.25,10
I01998,O01472,P0229,4,588.39,10
I01999,O01663,P0437,4,782.59,0
I02000,O01884,P0076,2,886.24,0
I02001,O00469,P0105,4,1049.64,10
I02002,O01427,P0117,5,756.58,15
I02003,O00099,P0444,4,558.93,25
I02004,O01302,P0180,2,1308.6,10
I02005,O00359,P0136,3,1237.57,0
I02006,O01423,P0064,2,381.57,25
I02007,O00742,P0167,3,914.98,0
I02008,O00880,P0017,-3,1172.84,10
I02009,O01336,P0335,4,642.71,10
I02010,O00404,P0379,1,668.71,0
I02011,O00316,P0072,4,445.24,10
I02012,O01568,P0395,4,69.62,30
I02013,O00174,P0376,4,706.71,20
I02014,O01565,P0462,2,329.35,5
I02015,O01314,P0341,2,610.66,20
I02016,O01777,P0087,5,278.71,25
I02017,O01679,P0195,1,820.25,20
I02018,O01342,P0182,5,1056.88,0
I02019,O01243,P0411,4,177.86,5
I02020,O00674,P0424,2,642.78,0
I02021,O01624,P0198,2,903.73,10
I02022,O01700,P0369,2,805.0,10
I02023,O00678,P0320,2,887.71,10
I02024,O01886,P0007,1,76.51,25
I02025,O00812,P0036,4,595.37,20
I02026,O01854,P0259,1,357.96,15
I02027,O00572,P0177,3,42.41,10
I02028,O00737,P0470,3,1006.47,10
I02029,O01089,P0219,2,370.17,25
I02030,O00136,P0451,4,828.62,30
I02031,O01443,P0318,5,897.41,0
I02032,O01334,P0008,3,506.89,5
I02033,O00302,P0330,5,1217.82,20
I02034,O01354,P0492,3,998.15,25
I02035,O01275,P0377,5,828.08,30
I02036,O01081,P0218,5,977.63,0
I02037,O01415,P0454,5,194.61,0
I02038,O00645,P0157,4,256.01,30
I02039,O00982,P0360,1,649.35,10
I02040,O00282,P0430,3,159.22,15
I02041,O00184,P0120,5,649.91,25
I02042,O01456,P0383,3,642.45,0
I02043,O00418,P0138,5,154.08,5
I02044,O01068,P0304,2,1131.36,5
I02045,O00310,P0291,1,1321.23,25
I02046,O01885,P0256,2,330.92,30
I02047,O01059,P0108,5,59.02,0
I02048,O01893,P0365,2,377.99,0
I02049,O01672,P0075,1,233.22,0
I02050,O01821,P0095,1,686.65,0
I02051,O00791,P0033,4,1244.24,15
I02052,O01864,P0195,1,645.98,25
I02053,O01376,P0431,-5,924.28,20
I02054,O00023,P0367,5,668.69,0
I02055,O00764,P0419,4,913.4,0
I02056,O01484,P0148,2,592.04,25
I02057,O01331,P0149,2,1011.55,0
I02058,O00098,P0302,4,874.0,10
I02059,O01570,P0216,5,73.09,0
I02060,O00837,P0100,5,88.71,10
I02061,O00201,P0427,1,905.41,0
I02062,O00035,P0102,4,1070.23,15
I02063,O00758,P0469,3,480.6,10
I02064,O00777,P0488,4,330.43,0
I02065,O01412,P0170,1,621.2,15
I02066,O01369,P0222,4,217.07,15
I02067,O00027,P0138,4,151.18,10
I02068,O01452,P0154,-1,27.44,5
I02069,O00916,P0145,5,802.8,10
I02070,O01676,P0052,5,989.01,10
I02071,O00086,P0396,5,249.06,30
I02072,O01151,P0008,2,454.22,15
I02073,O00603,P0215,5,450.3,0
I02074,O01163,P0194,5,423.91,30
I02075,O01243,P0208,4,980.07,0
I02076,O00888,P0271,5,627.02,25
I02077,O01159,P0267,1,1215.11,20
I02078,O01353,P0271,4,840.58,30
I02079,O00760,P0038,5,704.66,15
I02080,O01729,P0093,1,52.05,30
I02081,O00048,P0233,5,439.84,5
I02082,O00179,P0065,2,633.11,15
I02083,O00735,P0452,4,1199.37,25
I02084,O01788,P0296,2,1054.02,15
I02085,O00162,P0008,5,441.83,0
I02086,O01838,P0390,5,951.38,10
I02087,O00150,P0479,4,842.64,10
I02088,O01990,P0172,1,818.58,20
I02089,O01447,P0250,1,1101.69,0
I02090,O01234,P0250,2,1029.89,0
I02091,O01633,P0050,5,1013.21,0
I02092,O01460,P0144,5,619.32,15
I02093,O00546,P0482,2,281.87,0
I02094,O00978,P0073,3,197.3,25
I02095,O00110,P0301,3,672.02,10
I02096,O00216,P0137,5,402.79,10
I02097,O00996,P0349,1,951.47,10
I02098,O00259,P0223,1,220.99,30
I02099,O01782,P0073,3,161.16,20
I02100,O01177,P0426,1,295.8,0
I02101,O00450,P0033,3,1216.72,15
I02102,O00941,P0141,2,322.14,5
I02103,O01736,P0424,4,672.47,0
I02104,O01147,P0258,5,93.61,10
I02105,O01613,P0455,3,685.46,0
I02106,O01066,P0030,5,418.83,0
I02107,O01469,P0083,4,1140.64,5
I02108,O00860,P0047,1,197.75,15
I02109,O01893,P0483,3,158.17,0
I02110,O01611,P0247,3,475.4,25
I02111,O01944,P0329,1,225.97,0
I02112,O01997,P0060,1,529.4,30
I02113,O01815,P0092,-1,1101.49,0
I02114,O00166,P0162,1,289.53,10
I02115,O01766,P0117,4,917.52,0
I02116,O00409,P0421,1,126.97,0
I02117,O00882,P0237,5,687.27,10
I02118,O01960,P0349,4,835.76,10
I02119,O01339,P0464,1,961.4,25
I02120,O01151,P0294,3,932.42,10
I02121,O00289,P0117,5,875.09,25
I02122,O01138,P0240,5,339.52,5
I02123,O00706,P0443,2,1353.67,30
I02124,O00968,P0132,1,341.38,15
I02125,O01965,P0429,5,17.05,25
I02126,O00972,P0474,2,389.14,10
I02127,O00437,P0416,1,710.99,0
I02128,O00315,P0133,3,1060.53,25
I02129,O00455,P0340,2,982.94,0
I02130,O00437,P0240,3,406.94,20
I02131,O01805,P0132,2,378.07,10
I02132,O00862,P0447,5,999.79,0
I02133,O01118,P0208,4,1299.03,0
I02134,O00397,P0382,5,767.94,25
I02135,O00515,P0113,3,1409.88,25
I02136,O00622,P0258,2,95.01,10
I02137,O01887,P0410,-3,148.46,15
I02138,O00098,P0469,3,470.8,10
I02139,O00910,P0028,3,50.5,0
I02140,O01270,P0202,3,462.57,10
I02141,O00814,P0041,2,114.14,5
I02142,O01689,P0290,1,336.81,30
I02143,O00683,P0018,3,313.16,0
I02144,O01434,P0022,3,131.65,0
I02145,O00209,P0342,2,843.1,0
I02146,O00206,P0487,4,836.54,25
I02147,O01231,P0482,1,314.84,0
I02148,O01443,P0169,4,980.11,15
I02149,O00363,P0028,2,55.49,0
I02150,O00760,P0208,-2,1233.24,10
I02151,O00549,P0419,1,1161.88,0
I02152,O01366,P0001,2,1362.03,0
I02153,O01608,P0225,5,1136.92,10
I02154,O00022,P0447,2,1014.72,15
I02155,O01883,P0389,-1,1099.47,0
I02156,O00440,P0164,2,702.43,10
I02157,O01406,P0495,5,1212.56,10
I02158,O01265,P0226,3,1238.87,0
I02159,O01958,P0225,4,894.5,0
I02160,O00392,P0392,2,493.0,20
I02161,O01907,P0305,-3,853.09,30
I02162,O00058,P0346,2,865.72,0
I02163,O00805,P0025,3,804.01,30
I02164,O01583,P0111,1,931.06,5
I02165,O00243,P0354,1,353.93,10
I02166,O00065,P0179,2,719.61,15
I02167,O01431,P0024,3,333.5,0
I02168,O01284,P0037,5,1147.92,0
I02169,O01340,P0490,3,911.81,30
I02170,O01966,P0316,5,680.51,10
I02171,O00499,P0178,3,1210.67,30
I02172,O00741,P0175,4,459.55,0
I02173,O01974,P0018,4,253.82,30
I02174,O01320,P0482,1,339.86,15
I02175,O01872,P0293,5,58.82,0
I02176,O01469,P0038,4,759.1,20
I02177,O01425,P0135,2,138.96,20
I02178,O01394,P0257,2,194.34,5
I02179,O01738,P0340,3,825.97,10
I02180,O00768,P0298,2,506.16,0
I02181,O00939,P0002,4,983.72,0
I02182,O00447,P0172,2,759.11,10
I02183,O01011,P0425,2,872.79,15
I02184,O01841,P0161,4,210.14,0
I02185,O01101,P0147,3,803.23,0
I02186,O00383,P0299,5,81.65,0
I02187,O00631,P0113,3,1315.36,0
I02188,O01613,P0036,1,441.89,30
I02189,O01828,P0021,4,582.18,0
I02190,O01305,P0183,5,594.31,25
I02191,O00519,P0468,2,897.29,0
I02192,O00239,P0078,1,975.11,15
I02193,O01628,P0202,2,479.03,30
I02194,O01836,P0475,3,946.91,20
I02195,O01153,P0172,5,898.06,25
I02196,O01159,P0231,2,460.11,0
I02197,O01216,P0088,4,278.14,10
I02198,O00473,P0086,2,869.03,15
I02199,O00367,P0344,1,514.6,0
I02200,O01067,P0235,2,1089.27,0
I02201,O00949,P0131,1,890.23,30
I02202,O00912,P0065,1,626.48,0
I02203,O00332,P0411,2,146.46,25
I02204,O00884,P0004,2,1010.17,0
I02205,O01486,P0332,2,919.9,0
I02206,O01075,P0181,1,1190.73,25
I02207,O01481,P0294,1,974.15,10
I02208,O00218,P0290,1,323.18,25
I02209,O00761,P0224,3,879.91,25
I02210,O01206,P0282,3,674.15,30
I02211,O01993,P0384,4,257.5,0
I02212,O00782,P0361,5,1055.44,25
I02213,O01537,P0023,3,388.14,5
I02214,O01656,P0246,5,1173.78,5
I02215,O00769,P0035,5,967.8,0
I02216,O00983,P0261,2,1010.7,25
I02217,O01807,P0142,3,378.06,0
I02218,O01053,P0337,2,980.34,0
I02219,O00333,P0370,1,63.29,0
I02220,O01260,P0091,3,468.45,25
I02221,O01718,P0066,2,524.23,0
I02222,O00122,P0340,3,1108.97,0
I02223,O00571,P0143,2,1003.78,0
I02224,O01075,P0474,1,499.64,0
I02225,O01960,P0216,3,78.1,30
I02226,O01436,P0309,1,1190.01,0
I02227,O00027,P0377,2,911.83,0
I02228,O00104,P0325,3,864.68,0
I02229,O00268,P0113,4,1345.11,20
I02230,O00261,P0184,1,972.34,5
I02231,O00085,P0191,2,1145.95,25
I02232,O01816,P0048,1,249.6,15
I02233,O00006,P0130,1,421.7,10
I02234,O00473,P0367,4,782.7,20
I02235,O01850,P0236,5,1064.89,0
I02236,O00271,P0313,1,672.67,0
I02237,O01226,P0334,-1,152.96,15
I02238,O01405,P0350,1,1079.57,20
I02239,O01246,P0153,1,53.79,0
I02240,O01088,P0299,2,108.9,0
I02241,O00540,P0439,-5,263.24,25
I02242,O01270,P0421,4,112.47,15
I02243,O00167,P0084,2,697.06,0
I02244,O01027,P0215,1,439.46,10
I02245,O00755,P0208,4,1160.66,15
I02246,O01797,P0236,1,1335.28,15
I02247,O01905,P0120,2,861.81,0
I02248,O00807,P0293,3,60.85,10
I02249,O00588,P0031,3,588.82,10
I02250,O01977,P0336,4,739.4,15
I02251,O01239,P0101,2,1167.95,5
I02252,O00018,P0291,3,1143.55,30
I02253,O00389,P0193,2,319.1,0
I02254,O01807,P0198,1,739.47,0
I02255,O99912,P0152,2,1121.74,15
I02256,O01698,P0341,3,569.12,25
I02257,O01380,P0357,2,492.69,0
I02258,O01052,P0348,1,430.12,25
I02259,O01217,P0377,5,865.21,0
I02260,O00835,P0379,2,817.41,5
I02261,O01681,P0371,1,15.82,30
I02262,O00540,P0293,2,64.98,5
I02263,O00491,P0287,2,790.79,10
I02264,O01962,P0485,2,536.26,10
I02265,O01089,P0342,2,580.17,5
I02266,O00415,P0126,1,171.58,5
I02267,O01709,P0040,3,142.68,25
I02268,O00766,P0256,3,392.14,10
I02269,O01491,P0443,4,1168.65,30
I02270,O00678,P0346,4,830.01,15
I02271,O01476,P0301,3,878.59,10
I02272,O01981,P0485,2,479.26,15
I02273,O01756,P0190,3,95.56,15
I02274,O01218,P0198,5,1015.38,15
I02275,O00883,P0493,2,504.7,10
I02276,O00703,P0065,3,650.89,10
I02277,O01861,P0012,1,926.48,30
I02278,O01919,P0171,5,573.5,10
I02279,O00700,P0261,2,725.39,15
I02280,O01611,P0306,3,333.38,30
I02281,O01730,P0196,4,708.62,0
I02282,O00491,P0058,1,1295.18,20
I02283,O00280,P0446,2,1320.45,10
I02284,O00244,P0398,3,222.23,0
I02285,O01667,P0198,3,735.26,0
I02286,O01333,P0342,5,832.82,30
I02287,O01838,P0101,2,977.83,15
I02288,O01591,P0419,3,842.12,10
I02289,O00115,P0110,4,504.69,30
I02290,O01578,P0212,4,232.4,5
I02291,O01395,P0054,1,512.59,0
I02292,O01497,P0274,1,1037.68,20
I02293,O00730,P0482,2,333.69,0
I02294,O00755,P0478,5,89.9,20
I02295,O01141,P0048,3,301.03,10
I02296,O01671,P0081,3,231.24,0
I02297,O01036,P0222,4,210.99,10
I02298,O01333,P0137,4,392.83,0
I02299,O01317,P0058,2,1133.49,0
I02300,O01632,P0355,3,241.04,0
I02301,O00948,P0114,4,59.61,0
I02302,O01397,P0296,3,1000.85,15
I02303,O00007,P0097,1,969.38,10
I02304,O01695,P0467,1,971.41,10
I02305,O00900,P0418,5,1000.4,0
I02306,O00753,P0013,3,424.5,25
I02307,O00075,P0338,1,1202.14,0
I02308,O00365,P0248,2,887.37,0
I02309,O00949,P0159,2,49.73,0
I02310,O00617,P0218,2,663.0,30
I02311,O01576,P0355,2,266.08,15
I02312,O01422,P0271,1,787.57,20
I02313,O00407,P0085,1,680.7,5
I02314,O00719,P0194,2,438.65,25
I02315,O01857,P0398,1,195.52,30
I02316,O01488,P0331,4,244.17,5
I02317,O00765,P0177,5,30.19,10
I02318,O01351,P0424,2,910.87,5
I02319,O01311,P0076,4,704.0,5
I02320,O01831,P0359,5,1211.35,30
I02321,O00589,P0312,3,346.89,20
I02322,O01832,P0354,2,329.04,10
I02323,O00867,P0116,4,420.04,0
I02324,O00072,P0260,4,268.9,15
I02325,O01129,P0047,4,269.13,0
I02326,O01244,P0262,4,728.6,0
I02327,O00325,P0392,2,505.65,15
I02328,O01007,P0020,1,994.97,0
I02329,O01321,P0203,5,445.2,5
I02330,O01389,P0458,5,1014.54,0
I02331,O01760,P0362,4,203.41,15
I02332,O00537,P0473,5,453.39,10
I02333,O00411,P0400,3,857.4,20
I02334,O00298,P0386,2,499.15,5
I02335,O00291,P0354,2,364.34,25
I02336,O01545,P0009,5,1087.46,10
I02337,O00709,P0130,5,527.53,30
I02338,O01362,P0079,2,240.62,0
I02339,O00830,P0376,1,742.54,15
I02340,O01266,P0094,3,1168.09,5
I02341,O01844,P0191,4,1119.91,5
I02342,O01619,P0427,4,980.11,5
I02343,O00235,P0035,5,1084.65,0
I02344,O01625,P0140,4,579.69,10
I02345,O00013,P0054,4,489.5,10
I02346,O01946,P0118,3,931.88,0
I02347,O00305,P0335,1,695.45,0
I02348,O00358,P0113,4,1308.51,0
I02349,O01360,P0261,4,967.58,5
I02350,O00970,P0293,3,68.5,15
I02351,O00567,P0033,4,1069.59,0
I02352,O01165,P0186,1,33.32,0
I02353,O00138,P0480,3,551.0,0
I02354,O00549,P0220,1,288.77,0
I02355,O01379,P0290,3,426.87,10
I02356,O01167,P0220,1,220.32,30
I02357,O00434,P0370,5,54.6,10
I02358,O00733,P0231,2,504.44,0
I02359,O01662,P0245,2,559.12,0
I02360,O02000,P0130,2,381.72,0
I02361,O01336,P0037,4,1184.03,0
I02362,O00184,P0070,2,730.97,10
I02363,O01171,P0038,2,876.56,15
I02364,O00827,P0464,4,1048.96,25
I02365,O00832,P0291,1,1252.58,30
I02366,O00442,P0489,1,821.64,0
I02367,O00991,P0219,2,448.96,0
I02368,O01578,P0409,2,364.69,0
I02369,O01383,P0225,1,1039.31,20
I02370,O01182,P0492,5,933.04,25
I02371,O01116,P0319,4,15.28,10
I02372,O01917,P0122,2,425.66,30
I02373,O01420,P0461,3,166.06,5
I02374,O01291,P0060,4,535.21,10
I02375,O01954,P0159,5,49.78,30
I02376,O00478,P0327,1,256.38,0
I02377,O01201,P0024,1,287.21,10
I02378,O00715,P0432,4,856.13,15
I02379,O01154,P0140,4,723.93,10
I02380,O00103,P0246,1,929.25,0
I02381,O00951,P0216,4,77.95,10
I02382,O01562,P0159,4,57.88,20
I02383,O00918,P0206,5,120.81,20
I02384,O01928,P0473,1,386.75,15
I02385,O01824,P0418,3,1023.08,15
I02386,O00527,P0354,3,365.33,0
I02387,O00723,P0012,3,879.42,5
I02388,O01206,P0241,4,693.81,10
I02389,O00382,P0290,4,374.43,20
I02390,O01301,P0041,5,101.86,10
I02391,O00779,P0071,2,1077.98,10
I02392,O00760,P0106,5,463.28,20
I02393,O00754,P0369,3,635.05,0
I02394,O00948,P0083,4,1072.84,5
I02395,O00161,P0219,3,414.55,30
I02396,O01272,P0149,5,1007.27,30
I02397,O00806,P0391,3,134.81,10
I02398,O00508,P0212,3,278.19,10
I02399,O01846,P0386,3,498.94,5
I02400,O01609,P0158,1,86.62,10
I02401,O01167,P0314,5,654.76,30
I02402,O00497,P0126,3,208.93,10
I02403,O00464,P0297,5,488.07,10
I02404,O00036,P0450,5,454.62,25
I02405,O00098,P0088,5,230.17,10
I02406,O01240,P0257,4,207.46,5
I02407,O01092,P0295,5,239.49,30
I02408,O00205,P0440,2,293.5,0
I02409,O01832,P0054,5,513.68,20
I02410,O00355,P0067,1,97.43,20
I02411,O00670,P0390,3,660.42,25
I02412,O01291,P0179,4,742.17,10
I02413,O01200,P0173,2,283.5,0
I02414,O00088,P0020,3,1064.08,10
I02415,O00624,P0291,4,1151.12,0
I02416,O00458,P0076,5,883.99,0
I02417,O01838,P0422,3,431.47,0
I02418,O00418,P0070,4,744.32,10
I02419,O00730,P0440,5,239.45,30
I02420,O01193,P0201,3,575.39,20
I02421,O01925,P0494,4,882.05,0
I02422,O00448,P0473,1,430.99,10
I02423,O00612,P0362,2,229.78,10
I02424,O00795,P0357,2,494.11,0
I02425,O01111,P0038,-5,662.55,10
I02426,O00608,P0025,2,1154.19,5
I02427,O01911,P0425,2,1044.8,0
I02428,O00635,P0440,4,224.97,10
I02429,O00426,P0094,1,937.9,0
I02430,O00924,P0155,5,705.37,15
I02431,O01382,P0259,4,429.16,25
I02432,O01131,P0426,3,299.93,0
I02433,O00782,P0292,5,88.52,0
I02434,O01340,P0079,1,255.56,20
I02435,O00132,P0225,4,1132.28,10
I02436,O00619,P0097,2,1322.06,10
I02437,O01099,P0030,3,432.1,0
I02438,O01146,P0084,5,700.68,10
I02439,O00372,P0217,4,88.37,10
I02440,O01889,P0374,2,148.77,5
I02441,O00314,P0103,5,205.11,5
I02442,O00276,P0005,3,892.31,15
I02443,O00442,P0294,2,1001.48,0
I02444,O00405,P0118,3,659.57,15
I02445,O01504,P0240,1,343.43,15
I02446,O01911,P0402,1,970.66,20
I02447,O01590,P0439,4,292.37,30
I02448,O01667,P0313,3,622.33,5
I02449,O00356,P0461,3,156.53,10
I02450,O01929,P0108,2,40.67,5
I02451,O01577,P0377,3,896.01,20
I02452,O00444,P0088,3,239.7,0
I02453,O00607,P0024,4,283.02,0
I02454,O01191,P0485,1,647.67,0
I02455,O01962,P0233,2,412.64,0
I02456,O00765,P0150,1,349.92,20
I02457,O00848,P0417,3,965.06,25
I02458,O01963,P0237,1,905.89,20
I02459,O01015,P0329,3,220.78,10
I02460,O01612,P0212,5,220.45,0
I02461,O00792,P0474,3,411.39,25
I02462,O01886,P0117,4,789.81,0
I02463,O01289,P0404,2,580.68,10
I02464,O00132,P0259,2,449.63,0
I02465,O01644,P0163,5,551.16,10
I02466,O01094,P0198,3,829.36,10
I02467,O01515,P0469,2,552.12,5
I02468,O00385,P0249,4,798.52,30
I02469,O01627,P0394,2,411.43,0
I02470,O00097,P0067,1,98.53,25
I02471,O00086,P0235,2,1363.18,10
I02472,O01654,P0353,5,341.47,0
I02473,O01999,P0343,1,1118.21,20
I02474,O01689,P0438,4,779.0,10
I02475,O01289,P0356,2,927.48,30
I02476,O01204,P0078,5,794.75,30
I02477,O00365,P0129,-5,1076.02,10
I02478,O01566,P0377,1,1001.52,20
I02479,O00292,P0053,4,833.55,15
I02480,O00452,P0384,5,235.63,20
I02481,O00739,P0094,3,895.84,0
I02482,O00361,P0074,-4,857.99,10
I02483,O01211,P0351,4,926.25,5
I02484,O01508,P0466,1,395.33,25
I02485,O02000,P0419,3,873.62,10
I02486,O01854,P0155,-1,771.99,10
I02487,O01023,P0258,5,122.94,30
I02488,O00025,P0298,3,548.08,20
I02489,O00022,P0011,3,1240.09,30
I02490,O01040,P0350,3,890.14,0
I02491,O00642,P0314,2,853.78,20
I02492,O01438,P0255,2,499.45,15
I02493,O00429,P0219,2,474.93,30
I02494,O00478,P0380,3,615.55,0
I02495,O00972,P0232,3,294.9,0
I02496,O01162,P0082,2,520.55,0
I02497,O00818,P0215,3,367.66,25
I02498,O01239,P0043,2,674.62,0
I02499,O01486,P0335,2,643.11,0
I02500,O00147,P0304,3,1055.76,15
I02501,O01212,P0112,3,151.0,10
I02502,O01192,P0388,4,150.36,5
I02503,O01369,P0224,2,893.01,15
I02504,O01481,P0089,3,1282.89,0
I02505,O00156,P0022,3,128.38,10
I02506,O01324,P0320,5,771.31,10
I02507,O01483,P0050,1,874.78,5
I02508,O01744,P0336,1,921.74,0
I02509,O01745,P0140,2,622.52,0
I02510,O00172,P0033,2,1303.07,0
I02511,O00355,P0049,1,348.87,10
I02512,O01358,P0384,1,239.97,10
I02513,O00892,P0276,5,1019.48,15
I02514,O00823,P0275,3,510.93,0
I02515,O00225,P0054,5,478.41,10
I02516,O00120,P0135,4,173.78,10
I02517,O01715,P0157,1,235.21,0
I02518,O01168,P0407,5,900.64,20
I02519,O00984,P0227,2,339.75,10
I02520,O01509,P0267,4,975.91,15
I02521,O00818,P0145,3,1181.48,0
I02522,O00265,P0306,2,378.93,10
I02523,O01251,P0338,2,878.34,15
I02524,O00154,P0415,2,289.23,0
I02525,O00131,P0009,1,951.63,10
I02526,O01090,P0084,2,846.44,0
I02527,O01921,P0145,5,1096.05,30
I02528,O01774,P0396,1,272.2,0
I02529,O00915,P0242,2,376.31,15
I02530,O01256,P0302,3,908.5,30
I02531,O01335,P0354,2,308.68,25
I02532,O01507,P0358,5,341.18,0
I02533,O00885,P0030,4,444.97,15
I02534,O01527,P0011,2,1210.49,0
I02535,O01918,P0032,2,931.31,0
I02536,O01115,P0277,4,205.32,5
I02537,O00659,P0447,1,718.18,10
I02538,O00501,P0415,5,293.9,5
I02539,O01916,P0282,3,877.61,25
I02540,O00856,P0353,5,289.18,0
I02541,O01572,P0338,5,1119.27,0
I02542,O01094,P0031,4,626.63,0
I02543,O00894,P0422,2,522.98,5
I02544,O01822,P0091,2,522.18,25
I02545,O01379,P0313,2,766.97,5
I02546,O01844,P0418,1,1154.3,25
I02547,O01809,P0173,5,302.11,15
I02548,O00215,P0091,2,440.25,15
I02549,O01592,P0283,1,276.94,0
I02550,O00318,P0499,5,276.51,0
I02551,O01469,P0103,5,278.81,0
I02552,O01740,P0051,5,424.79,5
I02553,O00945,P0179,5,980.79,0
I02554,O01451,P0271,1,695.16,15
I02555,O01010,P0488,4,348.92,0
I02556,O01548,P0334,3,144.58,30
I02557,O01841,P0086,5,727.9,25
I02558,O01666,P0052,3,1177.62,5
I02559,O00261,P0395,4,56.94,30
I02560,O00240,P0228,4,246.4,25
I02561,O01987,P0356,5,961.46,15
I02562,O01318,P0297,2,568.19,25
I02563,O01354,P0355,4,219.11,0
I02564,O01467,P0377,2,928.57,15
I02565,O01953,P0193,4,348.74,25
I02566,O01253,P0197,3,787.11,30
I02567,O00663,P0425,4,908.88,5
I02568,O01215,P0158,5,83.67,0
I02569,O01234,P0176,3,412.37,15
I02570,O01565,P0322,4,915.26,10
I02571,O01765,P0454,5,144.03,0
I02572,O00974,P0228,2,189.02,30
I02573,O00624,P0211,1,31.21,20
I02574,O00993,P0294,1,876.69,25
I02575,O01220,P0002,4,1049.75,10
I02576,O00523,P0352,5,348.77,10
I02577,O01170,P0352,3,340.71,15
I02578,O01043,P0142,2,336.48,30
I02579,O00620,P0411,1,156.45,15
I02580,O01719,P0237,4,744.23,25
I02581,O00423,P0484,4,399.66,30
I02582,O00219,P0275,4,574.08,10
I02583,O00058,P0398,3,211.34,10
I02584,O01239,P0162,2,266.21,25
I02585,O00021,P0413,3,665.49,0
I02586,O00065,P0061,2,104.76,15
I02587,O00081,P0072,4,447.77,15
I02588,O01847,P0149,1,881.78,0
I02589,O00555,P0431,5,893.71,10
I02590,O01578,P0184,2,859.63,0
I02591,O01174,P0285,5,582.01,5
I02592,O00085,P0448,3,821.33,20
I02593,O01108,P0157,5,228.09,5
I02594,O00971,P0317,3,1177.58,0
I02595,O01773,P0284,2,1056.6,0
I02596,O00916,P0077,3,1165.64,0
I02597,O00095,P0025,3,800.38,15
I02598,O00209,P0390,5,865.8,30
I02599,O00036,P0183,3,700.44,15
I02600,O00535,P0150,5,357.58,5
I02601,O01109,P0423,3,1064.75,15
I02602,O01030,P0230,4,390.06,0
I02603,O00967,P0335,2,575.08,15
I02604,O00072,P0450,1,498.54,0
I02605,O00876,P0324,3,200.76,0
I02606,O01882,P0025,3,892.51,10
I02607,O00270,P0487,5,1192.14,30
I02608,O00992,P0481,3,835.1,10
I02609,O01849,P0489,4,788.66,10
I02610,O00080,P0085,4,538.5,0
I02611,O00240,P0404,3,602.47,10
I02612,O01787,P0313,4,688.6,0
I02613,O01574,P0162,2,388.4,0
I02614,O00256,P0481,5,1166.91,0
I02615,O01909,P0170,3,687.76,20
I02616,O01022,P0407,3,765.31,20
I02617,O01109,P0462,-3,283.66,10
I02618,O01231,P0191,4,1095.12,10
I02619,O01688,P0088,2,224.84,25
I02620,O01002,P0116,1,456.2,0
I02621,O00713,P0148,2,669.95,0
I02622,O01766,P0086,5,980.15,0
I02623,O00808,P0002,2,1126.95,0
I02624,O01780,P0485,1,455.73,20
I02625,O01311,P0122,2,438.01,20
I02626,O01582,P0254,3,285.31,25
I02627,O00505,P0329,5,213.2,10
I02628,O01383,P0285,3,469.48,25
I02629,O01197,P0167,3,690.04,0
I02630,O00287,P0349,3,1178.82,0
I02631,O01029,P0208,3,960.26,20
I02632,O00919,P0189,1,1034.26,0
I02633,O01084,P0173,1,334.36,10
I02634,O00530,P0158,4,83.11,20
I02635,O00472,P0158,3,72.56,5
I02636,O00610,P0183,4,734.15,25
I02637,O01500,P0375,3,190.81,0
I02638,O00945,P0427,1,943.71,10
I02639,O01651,P0298,5,431.4,20
I02640,O01736,P0439,-5,302.0,5
I02641,O01001,P0019,5,760.3,25
I02642,O00256,P0016,5,651.69,5
I02643,O01613,P0216,1,54.71,5
I02644,O01068,P0123,5,954.72,0
I02645,O01051,P0219,4,529.32,25
I02646,O01664,P0274,5,1133.39,0
I02647,O00983,P0181,5,1144.64,20
I02648,O01695,P0101,5,874.22,15
I02649,O00129,P0095,3,713.12,0
I02650,O00627,P0063,4,645.58,10
I02651,O01898,P0426,3,393.53,5
I02652,O01607,P0248,5,873.65,0
I02653,O01769,P0052,1,1035.62,10
I02654,O00386,P0218,3,878.63,10
I02655,O00180,P0446,4,1054.96,20
I02656,O00333,P0381,5,268.04,15
I02657,O00636,P0302,2,1020.86,5
I02658,O01204,P0417,5,803.26,30
I02659,O01289,P0132,4,432.69,10
I02660,O00108,P0498,5,954.67,30
I02661,O00060,P0295,1,232.03,0
I02662,O01135,P0025,3,1013.06,20
I02663,O01089,P0117,2,802.46,10
I02664,O00175,P0084,5,679.03,30
I02665,O00595,P0210,3,1273.38,0
I02666,O00568,P0334,5,162.36,25
I02667,O01924,P0153,5,59.25,20
I02668,O00350,P0299,5,93.91,10
I02669,O01005,P0422,3,590.6,30
I02670,O00259,P0179,5,932.23,0
I02671,O00367,P0432,2,1096.79,0
I02672,O00948,P0226,5,1291.31,30
I02673,O01733,P0339,1,554.82,0
I02674,O00385,P0154,5,24.2,20
I02675,O00030,P0461,3,118.57,30
I02676,O01978,P0271,3,645.31,10
I02677,O00545,P0481,-6,1058.98,15
I02678,O00328,P0255,5,610.77,15
I02679,O00374,P0268,2,712.14,0
I02680,O00700,P0108,4,50.01,25
I02681,O01184,P0059,2,858.82,30
I02682,O00164,P0252,3,774.9,10
I02683,O01682,P0296,1,828.43,30
I02684,O01979,P0337,5,1364.31,0
I02685,O00959,P0427,-5,712.27,0
I02686,O01148,P0190,4,86.29,15
I02687,O01686,P0300,3,768.94,0
I02688,O00642,P0322,5,982.12,25
I02689,O01479,P0385,4,776.18,0
I02690,O00653,P0394,2,396.83,0
I02691,O01529,P0345,1,126.32,0
I02692,O01198,P0295,1,201.1,0
I02693,O01091,P0128,2,190.74,30
I02694,O01324,P0243,3,821.64,10
I02695,O00874,P0063,1,592.3,30
I02696,O00672,P0031,5,687.73,0
I02697,O00252,P0439,1,301.46,10
I02698,O00278,P0168,-3,423.67,5
I02699,O00821,P0366,1,933.06,10
I02700,O01612,P0481,-6,915.67,20
I02701,O00824,P0106,2,537.77,20
I02702,O00715,P0041,5,107.03,30
I02703,O00429,P0206,3,135.04,5
I02704,O01443,P0409,1,367.03,10
I02705,O01790,P0279,4,1074.63,0
I02706,O00598,P0188,4,1263.27,5
I02707,O01763,P0045,4,1209.64,15
I02708,O01164,P0123,2,873.39,10
I02709,O00237,P0178,1,1223.78,15
I02710,O01959,P0149,5,775.82,0
I02711,O01041,P0338,2,859.7,20
I02712,O00058,P0249,2,774.59,25
I02713,O01569,P0305,4,809.97,15
I02714,O00511,P0003,3,534.17,0
I02715,O01654,P0267,3,873.14,10
I02716,O01399,P0036,4,617.7,0
I02717,O01277,P0018,4,356.61,10
I02718,O00686,P0325,5,1132.48,10
I02719,O00088,P0210,3,1352.11,0
I02720,O01148,P0020,5,1037.75,0
I02721,O00439,P0070,1,667.08,10
I02722,O00428,P0074,4,1009.7,0
I02723,O01787,P0479,1,1125.47,10
I02724,O00555,P0325,4,884.77,0
I02725,O00471,P0271,5,773.22,10
I02726,O00045,P0407,5,833.95,15
I02727,O00857,P0295,4,251.0,15
I02728,O01763,P0134,5,653.02,0
I02729,O01036,P0292,5,67.27,10
I02730,O00931,P0481,3,1068.23,10
I02731,O00230,P0387,2,449.08,10
I02732,O00930,P0276,2,1301.11,20
I02733,O01820,P0064,2,350.41,0
I02734,O01651,P0329,5,248.57,25
I02735,O01552,P0062,4,92.62,10
I02736,O01698,P0398,1,222.51,5
I02737,O01210,P0157,5,252.07,25
I02738,O01011,P0462,2,245.21,25
I02739,O01531,P0241,3,770.79,25
I02740,O00440,P0114,4,56.07,10
I02741,O00029,P0390,3,799.89,0
I02742,O01240,P0120,1,867.25,30
I02743,O01949,P0468,3,785.3,5
I02744,O01789,P0263,4,220.91,0
I02745,O00811,P0096,2,1180.44,10
I02746,O01987,P0136,1,1170.21,10
I02747,O00349,P0035,2,1008.72,0
I02748,O01337,P0313,3,539.47,20
I02749,O00550,P0237,3,708.2,0
I02750,O01414,P0011,4,909.4,30
I02751,O00205,P0430,5,175.78,5
I02752,O01600,P0082,2,405.91,25
I02753,O01273,P0330,4,973.64,30
I02754,O01300,P0159,2,47.74,0
I02755,O01950,P0385,4,874.66,0
I02756,O01143,P0301,4,884.45,0
I02757,O00524,P0382,5,755.46,15
I02758,O00765,P0105,1,906.26,20
I02759,O00296,P0432,2,972.49,10
I02760,O01823,P0008,2,434.6,0
I02761,O01093,P0215,5,371.04,0
I02762,O00784,P0019,5,714.37,15
I02763,O00441,P0051,1,427.09,20
I02764,O00818,P0007,4,80.78,0
I02765,O00311,P0029,1,1032.9,0
I02766,O01623,P0305,2,781.01,15
I02767,O01478,P0458,2,959.7,0
I02768,O00839,P0293,5,57.17,30
I02769,O00953,P0016,4,589.44,30
I02770,O00197,P0161,4,189.17,5
I02771,O01635,P0070,5,625.06,0
I02772,O00443,P0014,5,397.63,20
I02773,O01595,P0046,1,574.01,20
I02774,O00224,P0088,2,231.69,25
I02775,O00085,P0417,5,798.11,20
I02776,O00799,P0453,4,58.36,0
I02777,O01648,P0096,3,983.31,10
I02778,O01585,P0446,-3,1294.41,15
I02779,O01016,P0406,1,699.76,30
I02780,O01976,P0086,1,924.14,20
I02781,O00526,P0428,3,130.92,5
I02782,O00297,P0209,2,920.76,10
I02783,O01907,P0151,2,1336.65,0
I02784,O01327,P0185,4,128.31,0
I02785,O00440,P0074,5,951.11,10
I02786,O01955,P0387,1,315.82,30
I02787,O01687,P0140,4,557.51,20
I02788,O01264,P0453,1,61.3,5
I02789,O01314,P0346,3,798.57,10
I02790,O00268,P0049,4,263.11,15
I02791,O01235,P0041,3,128.01,25
I02792,O01387,P0013,2,430.73,10
I02793,O01418,P0486,3,180.96,30
I02794,O00783,P0277,1,206.56,0
I02795,O01367,P0055,1,179.29,10
I02796,O01191,P0490,1,1202.74,0
I02797,O01804,P0413,4,675.32,10
I02798,O01098,P0376,4,654.26,10
I02799,O01621,P0246,5,1183.51,15
I02800,O00777,P0065,1,693.1,0
I02801,O00639,P0257,4,216.49,10
I02802,O00473,P0013,4,364.12,25
I02803,O01157,P0500,1,622.16,30
I02804,O01270,P0017,5,1091.7,0
I02805,O00090,P0044,1,42.51,15
I02806,O01565,P0293,5,66.3,5
I02807,O01496,P0202,2,511.14,5
I02808,O00472,P0403,3,1105.12,25
I02809,O00554,P0138,4,181.37,0
I02810,O00459,P0259,5,337.78,25
I02811,O00885,P0211,2,29.87,0
I02812,O00345,P0366,1,1082.69,0
I02813,O01007,P0103,2,263.75,0
I02814,O00004,P0184,2,990.13,5
I02815,O00038,P0002,5,847.35,25
I02816,O00598,P0193,4,331.08,20
I02817,O01254,P0123,1,876.42,0
I02818,O01574,P0265,5,189.22,0
I02819,O00832,P0063,1,594.61,0
I02820,O01742,P0297,1,588.45,15
I02821,O01286,P0291,2,1302.59,5
I02822,O00413,P0072,4,406.08,30
I02823,O01584,P0345,5,133.56,20
I02824,O00092,P0379,4,846.58,0
I02825,O00690,P0278,3,604.56,25
I02826,O01931,P0432,5,1248.52,15
I02827,O00796,P0246,2,1389.08,0
I02828,O01223,P0026,5,215.52,25
I02829,O00511,P0142,4,435.23,0
I02830,O01711,P0456,2,755.56,20
I02831,O01072,P0043,1,922.76,10
I02832,O01138,P0048,3,274.81,10
I02833,O01555,P0169,5,873.84,10
I02834,O00388,P0077,3,1184.5,0
I02835,O00664,P0036,2,518.15,10
I02836,O00915,P0212,3,252.4,15
I02837,O01224,P0484,3,391.28,10
I02838,O00560,P0298,4,542.1,15
I02839,O00110,P0227,1,276.65,0
I02840,O01805,P0282,1,692.41,0
I02841,O01865,P0362,1,269.64,25
I02842,O01337,P0078,2,986.68,25
I02843,O01571,P0229,3,715.6,0
I02844,O00801,P0077,2,1179.79,0
I02845,O01818,P0272,1,513.06,20
I02846,O01854,P0135,2,182.79,20
I02847,O00735,P0117,2,868.54,15
I02848,O01906,P0160,2,536.18,10
I02849,O00604,P0233,1,306.31,0
I02850,O01581,P0318,5,847.74,0
I02851,O00220,P0283,5,324.58,0
I02852,O00143,P0352,2,314.8,10
I02853,O00588,P0178,4,1124.91,0
I02854,O00952,P0453,5,57.12,0
I02855,O00874,P0113,4,969.27,0
I02856,O01151,P0028,2,43.06,25
I02857,O00061,P0074,1,998.2,0
I02858,O00261,P0103,5,286.84,15
I02859,O00257,P0439,-5,343.06,10
I02860,O00767,P0485,1,551.82,20
I02861,O01539,P0377,3,843.14,5
I02862,O01826,P0490,3,1155.44,10
I02863,O01988,P0196,3,805.68,0
I02864,O00901,P0458,4,734.29,5
I02865,O00785,P0437,1,952.51,0
I02866,O00485,P0319,1,12.89,10
I02867,O01636,P0256,2,443.25,10
I02868,O00532,P0252,2,777.92,10
I02869,O00171,P0286,4,148.19,15
I02870,O01926,P0274,3,850.77,0
I02871,O01692,P0384,4,280.03,0
I02872,O00008,P0202,5,480.79,15
I02873,O01658,P0434,4,14.15,10
I02874,O00820,P0478,2,114.43,0
I02875,O01959,P0142,5,483.75,20
I02876,O01746,P0453,5,84.29,20
I02877,O00553,P0262,5,951.37,10
I02878,O00165,P0243,2,878.51,30
I02879,O00741,P0031,1,674.7,0
I02880,O00223,P0212,5,311.43,10
I02881,O00618,P0257,2,219.93,0
I02882,O00557,P0121,2,736.6,10
I02883,O00859,P0028,4,47.65,25
I02884,O00309,P0079,1,260.99,10
I02885,O01728,P0405,3,982.9,30
I02886,O00336,P0378,3,63.73,10
I02887,O00036,P0295,4,249.96,10
I02888,O01677,P0411,1,142.64,0
I02889,O01255,P0052,4,1101.05,5
I02890,O01088,P0280,2,1215.48,20
I02891,O01370,P0128,4,129.1,5
I02892,O01387,P0158,5,71.15,10
I02893,O01030,P0257,2,246.4,0
I02894,O01202,P0271,4,706.37,25
I02895,O00830,P0012,3,1093.69,0
I02896,O01673,P0178,1,1248.73,0
I02897,O01670,P0094,3,865.84,10
I02898,O00572,P0101,1,1155.61,0
I02899,O00243,P0127,4,1148.58,0
I02900,O01948,P0160,5,648.27,15
I02901,O00491,P0003,4,643.76,0
I02902,O01315,P0052,5,1118.76,15
I02903,O00415,P0028,2,61.7,0
I02904,O01218,P0358,4,341.57,25
I02905,O01238,P0424,1,816.1,0
I02906,O00067,P0046,1,736.05,5
I02907,O00973,P0153,1,66.03,5
I02908,O01017,P0055,1,234.1,30
I02909,O01336,P0422,5,524.95,15
I02910,O00215,P0024,4,369.99,0
I02911,O00727,P0390,5,965.63,0
I02912,O00202,P0370,5,57.62,10
I02913,O00956,P0433,5,1419.47,10
I02914,O00020,P0445,1,668.44,0
I02915,O00698,P0106,2,668.67,10
I02916,O00245,P0272,1,473.48,20
I02917,O01083,P0473,4,362.8,25
I02918,O00282,P0382,4,633.34,30
I02919,O00465,P0390,4,664.58,0
I02920,O00874,P0485,1,526.36,25
I02921,O01596,P0354,5,306.86,20
I02922,O00266,P0500,2,844.45,30
I02923,O01298,P0451,4,967.75,10
I02924,O00248,P0247,5,573.09,5
I02925,O00465,P0249,1,830.38,20
I02926,O01769,P0450,1,456.38,0
I02927,O01121,P0094,1,1158.65,25
I02928,O00954,P0188,5,1335.97,0
I02929,O00527,P0008,3,416.31,5
I02930,O00437,P0409,4,387.97,0
I02931,O00249,P0084,4,962.64,30
I02932,O00788,P0020,5,1322.42,15
I02933,O00934,P0283,3,282.67,15
I02934,O00797,P0342,4,697.06,10
I02935,O01414,P0034,1,790.3,5
I02936,O01873,P0296,3,1173.72,0
I02937,O01507,P0046,1,608.71,15
I02938,O00298,P0459,4,399.91,0
I02939,O00020,P0003,2,565.46,5
I02940,O01928,P0187,5,602.53,10
I02941,O00578,P0458,2,952.57,0
I02942,O00455,P0318,5,1027.22,0
I02943,O00600,P0148,5,729.91,0
I02944,O00618,P0113,1,954.27,15
I02945,O00153,P0308,1,1191.06,10
I02946,O00302,P0440,1,222.96,10
I02947,O00976,P0467,3,975.8,25
I02948,O00828,P0199,2,109.65,5
I02949,O01259,P0342,3,808.6,5
I02950,O00192,P0159,1,58.0,10
I02951,O01804,P0009,3,1164.0,20
I02952,O00319,P0216,4,59.34,25
I02953,O01613,P0420,4,765.37,0
I02954,O01131,P0164,3,822.71,10
I02955,O01770,P0382,-1,874.05,0
I02956,O01856,P0280,4,1320.33,20
I02957,O00275,P0169,2,980.72,30
I02958,O01020,P0191,5,1165.86,0
I02959,O00317,P0175,4,505.75,0
I02960,O01226,P0391,4,154.21,0
I02961,O00039,P0117,2,851.31,10
I02962,O01554,P0403,3,1089.29,10
I02963,O00960,P0217,2,102.5,0
I02964,O00209,P0184,1,704.28,20
I02965,O01025,P0105,4,855.54,0
I02966,O00540,P0186,4,34.26,25
I02967,O00986,P0329,-1,230.54,5
I02968,O00629,P0051,2,395.17,25
I02969,O01820,P0009,4,1145.9,10
I02970,O00618,P0421,5,102.43,10
I02971,O00371,P0362,4,239.37,0
I02972,O00681,P0083,3,1087.1,15
I02973,O00303,P0351,4,833.05,0
I02974,O00615,P0285,1,508.97,20
I02975,O00279,P0214,1,988.25,20
I02976,O01400,P0335,2,785.23,0
I02977,O01761,P0245,2,587.47,10
I02978,O01981,P0107,4,463.8,20
I02979,O00734,P0214,5,1095.28,0
I02980,O00884,P0112,5,213.93,20
I02981,O01835,P0311,-1,546.67,10
I02982,O01072,P0265,4,219.05,30
I02983,O00118,P0348,3,382.07,10
I02984,O00013,P0399,3,297.82,0
I02985,O01709,P0352,5,328.61,0
I02986,O00857,P0243,1,783.41,10
I02987,O00879,P0306,3,444.04,0
I02988,O01344,P0161,3,204.25,15
I02989,O00971,P0231,5,407.53,30
I02990,O01456,P0452,3,1093.63,10
I02991,O01742,P0131,1,780.61,30
I02992,O00495,P0361,5,1122.88,10
I02993,O00977,P0076,-2,923.44,15
I02994,O00933,P0384,2,296.54,0
I02995,O00360,P0031,2,691.84,20
I02996,O00154,P0053,4,808.13,10
I02997,O00873,P0334,5,204.26,0
I02998,O00867,P0496,2,150.48,0
I02999,O01264,P0400,5,818.86,10
I03000,O01715,P0059,5,708.3,15
I03001,O00067,P0296,3,1051.71,0
I03002,O00871,P0482,5,277.36,0
I03003,O01652,P0107,2,439.63,0
I03004,O01530,P0016,4,850.0,30
I03005,O00196,P0407,3,961.48,0
I03006,O01015,P0348,1,410.08,0
I03007,O01779,P0217,1,94.11,20
I03008,O99907,P0238,1,778.05,5
I03009,O00820,P0413,2,833.16,20
I03010,O01819,P0455,3,699.92,0
I03011,O01195,P0482,2,268.04,5
I03012,O00940,P0095,2,743.08,10
I03013,O01183,P0470,2,859.32,0
I03014,O00328,P0442,5,328.81,10
I03015,O00495,P0401,5,673.63,0
I03016,O01153,P0277,1,195.27,15
I03017,O00533,P0388,1,165.3,0
I03018,O01493,P0452,5,1043.21,25
I03019,O01237,P0167,2,670.26,30
I03020,O01436,P0116,2,419.65,20
I03021,O00179,P0093,2,55.97,30
I03022,O00456,P0061,3,104.26,0
I03023,O01154,P0153,4,67.29,0
I03024,O01472,P0065,4,886.12,20
I03025,O01688,P0203,2,560.99,20
I03026,O01320,P0442,3,253.63,10
I03027,O00543,P0106,5,585.01,30
I03028,O01481,P0192,1,884.84,25
I03029,O00618,P0440,1,254.73,15
I03030,O00745,P0384,4,260.78,0
I03031,O00021,P0087,1,280.62,30
I03032,O00352,P0492,5,1133.8,0
I03033,O00160,P0085,3,511.66,10
I03034,O01270,P0452,1,1249.23,10
I03035,O01872,P0133,1,1155.99,30
I03036,O00322,P0116,3,428.75,5
I03037,O00014,P0127,2,885.06,5
I03038,O00316,P0184,3,705.16,10
I03039,O00122,P0177,1,40.49,30
I03040,O00692,P0453,-3,76.74,10
I03041,O01839,P0408,1,696.7,5
I03042,O01033,P0438,5,914.06,25
I03043,O00427,P0146,5,392.98,5
I03044,O00395,P0387,2,420.99,10
I03045,O01883,P0436,2,479.24,30
I03046,O01663,P0219,5,384.37,0
I03047,O01517,P0178,5,1124.85,5
I03048,O01979,P0063,3,561.4,10
I03049,O01188,P0047,1,200.1,20
I03050,O01226,P0400,4,832.71,10
I03051,O01232,P0465,5,577.37,0
I03052,O00293,P0488,2,247.8,20
I03053,O00986,P0206,4,115.57,10
I03054,O00328,P0302,1,825.73,0
I03055,O01587,P0197,3,621.51,0
I03056,O00918,P0290,3,339.95,30
I03057,O00272,P0408,2,537.74,15
I03058,O00470,P0229,1,572.16,20
I03059,O00821,P0191,2,941.15,15
I03060,O00970,P0438,3,1121.58,0
I03061,O01290,P0342,4,804.46,10
I03062,O01855,P0197,2,598.91,0
I03063,O00247,P0456,4,944.39,5
I03064,O01215,P0014,2,284.81,25
I03065,O01792,P0463,2,198.22,10
I03066,O01445,P0032,1,1017.54,0
I03067,O01762,P0182,3,1047.88,10
I03068,O00555,P0006,2,21.18,0
I03069,O00216,P0052,3,1064.49,5
I03070,O01060,P0342,4,801.15,20
I03071,O01307,P0470,2,976.78,10
I03072,O00260,P0239,3,847.72,10
I03073,O01989,P0441,1,59.45,25
I03074,O01677,P0280,3,1065.76,10
I03075,O01621,P0359,1,1357.59,30
I03076,O01985,P0093,-1,60.26,10
I03077,O01009,P0396,1,241.84,15
I03078,O01699,P0253,5,1250.61,5
I03079,O00481,P0493,2,397.19,30
I03080,O00881,P0302,3,1039.67,0
I03081,O01931,P0184,1,979.88,0
I03082,O01112,P0462,-5,297.73,15
I03083,O01065,P0141,3,224.61,25
I03084,O01506,P0403,5,1322.89,25
I03085,O01109,P0099,2,1182.99,10
I03086,O01626,P0359,4,1128.59,0
I03087,O00037,P0208,5,1265.67,10
I03088,O01349,P0204,5,724.59,0
I03089,O00444,P0186,3,33.12,10
I03090,O00803,P0042,2,898.2,25
I03091,O01781,P0082,3,388.37,0
I03092,O00376,P0387,3,319.46,15
I03093,O00615,P0087,4,378.39,0
I03094,O01207,P0283,3,289.73,0
I03095,O01744,P0331,2,224.76,0
I03096,O00179,P0126,3,221.77,30
I03097,O00024,P0294,1,728.14,30
I03098,O00808,P0360,2,808.36,20
I03099,O00817,P0021,1,470.12,10
I03100,O00702,P0471,1,1320.8,30
I03101,O00380,P0185,1,145.42,20
I03102,O00081,P0429,1,14.26,5
I03103,O01511,P0315,1,792.52,30
I03104,O01563,P0113,2,1058.98,25
I03105,O00329,P0318,3,881.3,20
I03106,O01213,P0048,2,215.42,15
I03107,O00096,P0437,4,725.33,0
I03108,O00945,P0478,4,107.23,0
I03109,O00820,P0165,1,838.76,15
I03110,O00971,P0426,4,420.1,0
I03111,O01452,P0201,5,599.31,10
I03112,O00667,P0006,2,18.41,20
I03113,O00868,P0089,1,998.42,20
I03114,O00301,P0423,2,1059.22,0
I03115,O01815,P0106,2,674.28,15
I03116,O01919,P0059,5,622.73,10
I03117,O01977,P0145,4,1087.96,10
I03118,O01466,P0071,1,1232.96,15
I03119,O01674,P0179,3,770.37,0
I03120,O00942,P0469,2,605.35,20
I03121,O00796,P0241,5,838.72,10
I03122,O01832,P0245,1,588.55,15
I03123,O01619,P0440,3,269.37,30
I03124,O01997,P0150,1,371.73,10
I03125,O00143,P0451,4,852.11,10
I03126,O01048,P0440,5,234.12,20
I03127,O01712,P0011,4,1325.68,30
I03128,O00354,P0316,3,603.49,0
I03129,O00588,P0022,5,152.18,5
I03130,O01581,P0228,3,192.32,0
I03131,O00449,P0394,3,349.27,10
I03132,O01631,P0220,2,269.72,25
I03133,O00524,P0422,4,508.37,30
I03134,O00339,P0390,3,968.78,10
I03135,O01527,P0396,2,241.21,15
I03136,O00857,P0432,5,1168.18,30
I03137,O00958,P0022,2,120.43,5
I03138,O01447,P0265,3,182.67,0
I03139,O01961,P0335,1,546.25,30
I03140,O01791,P0174,3,38.5,10
I03141,O00549,P0247,2,630.96,0
I03142,O00481,P0201,3,716.14,30
I03143,O01635,P0309,1,885.09,30
I03144,O01093,P0400,1,792.39,10
I03145,O00625,P0345,4,128.05,15
I03146,O00455,P0378,4,48.51,25
I03147,O00537,P0490,3,1193.05,5
I03148,O01491,P0235,4,942.75,0
I03149,O01727,P0278,3,595.32,15
I03150,O01739,P0132,4,433.81,0
I03151,O01547,P0348,2,492.06,15
I03152,O01846,P0284,1,1316.29,10
I03153,O01422,P0338,1,925.32,25
I03154,O01529,P0191,5,1187.53,30
I03155,O00306,P0018,4,362.16,20
I03156,O01182,P0474,1,489.91,0
I03157,O00686,P0398,1,205.84,20
I03158,O01152,P0333,4,49.81,0
I03159,O00745,P0149,4,1028.04,15
I03160,O00075,P0018,2,288.1,5
I03161,O00871,P0228,5,188.93,25
I03162,O00812,P0126,4,167.82,20
I03163,O01675,P0341,4,588.7,20
I03164,O01853,P0359,1,1292.62,25
I03165,O01506,P0478,2,90.56,15
I03166,O00974,P0211,5,37.2,10
I03167,O00034,P0398,5,170.21,20
I03168,O00883,P0261,3,919.8,5
I03169,O01385,P0258,5,119.44,0
I03170,O00421,P0199,5,100.41,15
I03171,O01666,P0105,2,956.63,25
I03172,O01737,P0356,5,1192.53,20
I03173,O01729,P0205,3,947.71,10
I03174,O01374,P0435,3,209.64,30
I03175,O00242,P0071,4,897.44,0
I03176,O01149,P0135,4,180.01,0
I03177,O01399,P0280,4,1365.08,0
I03178,O00383,P0209,1,1071.82,0
I03179,O01184,P0481,-4,847.82,20
I03180,O01189,P0099,5,1230.64,0
I03181,O01719,P0393,5,257.12,0
I03182,O01672,P0345,5,158.0,0
I03183,O00316,P0252,4,579.61,10
I03184,O00418,P0462,-4,282.68,20
I03185,O01873,P0047,1,227.49,25
I03186,O00631,P0217,5,104.31,10
I03187,O00598,P0088,2,257.96,0
I03188,O01212,P0106,5,614.36,5
I03189,O01382,P0498,2,947.52,10
I03190,O01311,P0155,5,849.19,0
I03191,O01588,P0058,-5,1035.93,30
I03192,O00780,P0215,5,432.88,0
I03193,O01679,P0033,5,1209.7,20
I03194,O00530,P0098,5,236.54,25
I03195,O00557,P0084,2,958.85,25
I03196,O01589,P0468,3,933.94,5
I03197,O00301,P0416,1,575.39,20
I03198,O00849,P0372,4,634.41,25
I03199,O00792,P0441,4,81.66,10
I03200,O00234,P0340,-3,836.49,25
I03201,O01554,P0297,1,570.28,0
I03202,O00518,P0195,5,809.68,0
I03203,O01047,P0462,1,338.42,10
I03204,O00920,P0001,1,1035.64,0
I03205,O01227,P0244,2,892.96,15
I03206,O00914,P0323,1,744.94,5
I03207,O01105,P0016,1,737.0,25
I03208,O01969,P0328,1,530.85,20
I03209,O01083,P0082,2,429.4,30
I03210,O00357,P0485,3,526.16,10
I03211,O01541,P0432,1,1068.97,0
I03212,O01040,P0235,5,986.9,10
I03213,O01314,P0488,4,309.07,10
I03214,O01106,P0046,1,544.06,15
I03215,O00231,P0480,5,543.89,15
I03216,O01639,P0440,4,211.11,15
I03217,O01142,P0201,1,560.19,25
I03218,O00492,P0069,5,131.75,0
I03219,O01552,P0234,2,541.0,15
I03220,O01808,P0100,3,102.42,10
I03221,O01645,P0138,-5,160.31,15
I03222,O01315,P0323,-3,859.23,10
I03223,O01793,P0268,4,906.91,0
I03224,O01507,P0042,3,702.46,0
I03225,O01796,P0153,3,48.91,5
I03226,O01200,P0209,1,1164.14,0
I03227,O00746,P0490,2,912.41,0
I03228,O00546,P0094,5,1056.4,20
I03229,O01899,P0208,1,1281.27,5
I03230,O01559,P0313,4,630.11,0
I03231,O00602,P0068,2,1336.01,15
I03232,O01567,P0163,3,452.36,0
I03233,O01431,P0181,4,964.6,10
I03234,O01434,P0257,5,236.07,20
I03235,O01929,P0405,3,882.28,0
I03236,O00820,P0498,3,736.88,25
I03237,O00722,P0280,-5,1023.16,20
I03238,O00757,P0256,3,366.57,15
I03239,O00405,P0211,2,27.73,5
I03240,O00826,P0220,4,197.71,30
I03241,O01084,P0398,4,214.67,10
I03242,O00764,P0300,5,722.25,10
I03243,O01983,P0291,2,1332.7,0
I03244,O00526,P0384,2,214.31,30
I03245,O00340,P0269,4,950.29,30
I03246,O00787,P0318,4,861.54,15
I03247,O01943,P0038,5,884.22,30
I03248,O01828,P0209,3,975.96,15
I03249,O01861,P0313,5,791.44,0
I03250,O01236,P0302,5,1014.83,5
I03251,O01133,P0111,4,727.53,15
I03252,O01455,P0285,4,508.68,20
I03253,O01877,P0313,4,579.89,0
I03254,O00522,P0155,5,670.42,0
I03255,O01776,P0026,3,268.8,30
I03256,O00671,P0417,2,753.3,30
I03257,O01999,P0462,-5,294.36,0
I03258,O00825,P0080,1,104.91,0
I03259,O00594,P0003,3,660.4,0
I03260,O01431,P0335,4,808.71,15
I03261,O01484,P0076,1,921.82,10
I03262,O00465,P0380,1,704.71,10
I03263,O00145,P0375,2,204.19,10
I03264,O01058,P0061,5,74.5,20
I03265,O01302,P0165,5,752.21,20
I03266,O01256,P0068,5,930.8,15
I03267,O01375,P0330,4,1091.84,10
I03268,O01367,P0082,2,490.2,10
I03269,O01272,P0466,2,362.2,0
I03270,O00690,P0266,2,956.66,0
I03271,O00874,P0292,4,90.75,30
I03272,O01275,P0483,3,150.97,25
I03273,O00257,P0464,5,932.84,25
I03274,O01673,P0472,1,14.41,10
I03275,O01801,P0206,1,133.23,0
I03276,O00504,P0243,1,946.81,20
I03277,O00206,P0316,5,566.75,15
I03278,O00984,P0293,2,56.51,10
I03279,O00635,P0435,2,295.16,10
I03280,O01456,P0252,2,617.24,10
I03281,O01345,P0116,2,584.79,20
I03282,O01742,P0339,4,501.48,0
I03283,O01004,P0007,-4,77.12,5
I03284,O99900,P0329,3,181.71,0
I03285,O01552,P0116,5,477.21,0
I03286,O01424,P0495,3,886.24,30
I03287,O01224,P0382,1,896.47,30
I03288,O00397,P0102,2,984.99,20
I03289,O01499,P0021,2,482.34,10
I03290,O00564,P0437,4,1083.52,10
I03291,O01597,P0282,3,844.95,20
I03292,O01536,P0221,5,41.34,15
I03293,O00462,P0444,3,432.24,0
I03294,O00011,P0473,4,497.14,15
I03295,O01551,P0165,5,725.61,0
I03296,O00070,P0403,5,1174.1,10
I03297,O99913,P0046,2,651.04,25
I03298,O00549,P0304,3,1084.06,15
I03299,O00076,P0099,5,1242.38,0
I03300,O01043,P0286,1,139.87,10
I03301,O00162,P0178,1,1116.2,10
I03302,O00534,P0459,3,493.35,30
I03303,O00510,P0201,5,701.16,0
I03304,O01325,P0472,4,11.63,20
I03305,O00024,P0002,5,843.08,5
I03306,O00026,P0457,3,1096.91,10
I03307,O01106,P0458,3,791.62,0
I03308,O01891,P0390,5,726.77,0
I03309,O01106,P0092,1,806.19,5
I03310,O01575,P0302,2,829.54,0
I03311,O01875,P0123,5,849.38,25
I03312,O00571,P0205,1,1256.94,20
I03313,O00311,P0274,4,996.44,10
I03314,O00693,P0081,1,273.0,15
I03315,O01453,P0145,5,1079.73,5
I03316,O00485,P0444,3,447.48,15
I03317,O01910,P0462,-6,305.36,30
I03318,O01741,P0240,1,323.59,25
I03319,O00110,P0465,4,503.59,20
I03320,O01977,P0022,5,132.3,25
I03321,O00088,P0248,5,929.64,0
I03322,O01466,P0022,1,157.29,30
I03323,O01108,P0359,3,1210.97,5
I03324,O01395,P0041,2,100.99,15
I03325,O00687,P0194,5,351.31,10
I03326,O00097,P0284,3,1052.49,0
I03327,O00382,P0410,1,159.88,0
I03328,O00067,P0305,3,888.35,20
I03329,O00326,P0409,2,376.15,0
I03330,O01854,P0161,4,207.42,0
I03331,O00559,P0244,3,1076.82,10
I03332,O01430,P0152,1,937.19,25
I03333,O01583,P0348,2,494.6,5
I03334,O00131,P0041,3,117.98,15
I03335,O01265,P0382,5,655.46,10
I03336,O00558,P0374,4,116.23,20
I03337,O00836,P0412,2,372.03,15
I03338,O01440,P0093,5,49.52,15
I03339,O00476,P0473,1,335.38,0
I03340,O01516,P0384,5,249.2,10
I03341,O00996,P0009,5,879.03,20
I03342,O00796,P0004,5,1026.45,15
I03343,O01665,P0025,1,932.4,15
I03344,O00811,P0122,2,305.91,15
I03345,O00091,P0425,2,871.63,25
I03346,O01326,P0455,4,665.3,10
I03347,O01117,P0429,5,12.53,0
I03348,O01202,P0006,1,26.13,30
I03349,O00121,P0061,2,110.4,0
I03350,O00048,P0074,5,960.26,10
I03351,O00410,P0174,4,37.3,10
I03352,O01224,P0292,3,76.36,5
I03353,O01330,P0440,2,211.3,15
I03354,O01468,P0022,0,108.22,15
I03355,O01981,P0023,4,305.64,10
I03356,O01010,P0470,3,1061.01,10
I03357,O01291,P0132,5,421.11,0
I03358,O01531,P0023,5,332.28,30
I03359,O01896,P0145,3,1080.31,5
I03360,O01142,P0264,1,371.2,25
I03361,O01220,P0062,4,90.28,10
I03362,O00433,P0323,3,761.81,10
I03363,O00832,P0391,2,134.51,0
I03364,O00760,P0306,2,434.77,0
I03365,O00108,P0253,3,1242.29,15
I03366,O01986,P0195,0,614.66,0
I03367,O00286,P0416,3,677.82,25
I03368,O00022,P0217,3,75.05,20
I03369,O01552,P0443,4,1250.81,15
I03370,O00724,P0009,1,879.58,10
I03371,O00146,P0259,3,370.26,5
I03372,O00904,P0349,2,831.47,0
I03373,O00193,P0217,3,92.29,15
I03374,O00902,P0028,5,48.47,0
I03375,O00524,P0192,3,931.0,0
I03376,O00669,P0108,3,44.42,20
I03377,O01454,P0291,4,1071.87,10
I03378,O00438,P0375,1,190.94,10
I03379,O01880,P0356,4,1338.78,30
I03380,O00943,P0028,1,47.9,30
I03381,O01554,P0478,-5,115.98,30
I03382,O01976,P0273,3,645.06,15
I03383,O00677,P0298,4,415.37,0
I03384,O01805,P0284,3,1005.93,30
I03385,O01374,P0254,5,299.44,20
I03386,O00015,P0203,3,540.01,20
I03387,O01988,P0026,2,295.3,20
I03388,O01498,P0434,1,14.47,25
I03389,O00013,P0136,1,942.19,30
I03390,O01236,P0096,3,1003.71,15
I03391,O00389,P0251,2,203.77,30
I03392,O01611,P0358,2,384.61,5
I03393,O00830,P0290,3,462.64,10
I03394,O01149,P0021,2,481.5,10
I03395,O01671,P0123,4,933.64,20
I03396,O01216,P0193,2,385.36,10
I03397,O01881,P0085,2,570.9,30
I03398,O00459,P0478,5,114.87,10
I03399,O00280,P0334,2,151.46,0
I03400,O00515,P0012,1,941.01,0
I03401,O00467,P0217,2,96.72,25
I03402,O00436,P0143,-3,1010.2,20
I03403,O01211,P0338,5,834.15,0
I03404,O01638,P0456,4,939.81,10
I03405,O00173,P0420,3,632.57,10
I03406,O01837,P0354,4,286.11,0
I03407,O00663,P0469,4,644.35,30
I03408,O00143,P0354,2,318.76,25
I03409,O00061,P0492,1,885.98,15
I03410,O00504,P0404,2,495.39,0
I03411,O00886,P0095,2,853.99,0
I03412,O00957,P0253,2,1162.94,5
I03413,O01816,P0481,5,848.25,0
I03414,O01902,P0489,3,781.0,20
I03415,O00908,P0015,1,748.36,5
I03416,O00488,P0286,4,118.18,0
I03417,O00348,P0172,5,852.45,25
I03418,O01291,P0408,3,590.66,0
I03419,O01312,P0373,4,630.44,10
I03420,O01839,P0373,4,458.45,10
I03421,O01779,P0010,4,50.74,20
I03422,O01037,P0401,2,760.47,15
I03423,O00761,P0233,5,367.48,0
I03424,O01701,P0432,2,1237.94,0
I03425,O01448,P0432,4,863.11,5
I03426,O00731,P0413,4,697.14,10
I03427,O00146,P0485,3,525.51,30
I03428,O01219,P0230,4,344.18,30
I03429,O01896,P0107,2,357.97,30
I03430,O01392,P0358,4,429.75,30
I03431,O00569,P0430,5,165.22,0
I03432,O01447,P0132,5,389.27,15
I03433,O01271,P0018,3,319.13,10
I03434,O01224,P0008,2,550.06,0
I03435,O01787,P0422,4,514.37,10
I03436,O01527,P0111,2,667.0,30
I03437,O00208,P0132,2,433.37,0
I03438,O01200,P0081,5,284.57,0
I03439,O00214,P0339,3,549.04,30
I03440,O00696,P0148,2,735.81,10
I03441,O00150,P0009,2,827.17,20
I03442,O01883,P0224,2,1090.74,0
I03443,O01212,P0466,5,394.93,10
I03444,O00354,P0481,2,1020.83,10
I03445,O01529,P0204,5,792.56,20
I03446,O01586,P0033,5,1316.16,25
I03447,O00264,P0073,2,220.48,20
I03448,O01330,P0270,4,212.72,0
I03449,O01992,P0169,3,928.35,0
I03450,O00788,P0199,1,102.5,5
I03451,O01179,P0358,3,422.5,15
I03452,O01178,P0157,5,211.05,25
I03453,O00556,P0498,4,942.78,0
I03454,O01056,P0386,4,591.09,20
I03455,O01588,P0320,4,696.15,5
I03456,O00495,P0453,1,75.3,30
I03457,O00316,P0440,2,291.96,15
I03458,O01720,P0412,5,330.25,0
I03459,O00855,P0294,1,964.17,15
I03460,O00203,P0206,4,112.12,10
I03461,O01501,P0183,4,768.18,25
I03462,O00677,P0209,4,1323.03,25
I03463,O00672,P0485,3,522.67,20
I03464,O01979,P0181,2,860.15,10
I03465,O00012,P0241,1,766.93,0
I03466,O00692,P0198,5,874.25,15
I03467,O00272,P0414,3,95.96,0
I03468,O00784,P0183,3,548.5,10
I03469,O00359,P0167,3,669.55,10
I03470,O01050,P0134,5,501.23,30
I03471,O00011,P0242,2,385.55,5
I03472,O01869,P0104,5,602.19,15
I03473,O00478,P0009,3,1037.03,20
I03474,O00131,P0445,4,577.2,0
I03475,O00398,P0491,-1,867.14,30
I03476,O00549,P0153,2,63.56,5
I03477,O00125,P0263,2,206.61,0
I03478,O01498,P0409,1,377.55,25
I03479,O00458,P0314,1,844.45,30
I03480,O01530,P0398,1,234.93,5
I03481,O00025,P0138,5,192.8,15
I03482,O01244,P0327,4,226.88,30
I03483,O01883,P0249,5,1018.25,20
I03484,O00690,P0070,2,760.9,25
I03485,O00743,P0138,4,152.44,30
I03486,O00612,P0139,3,1073.39,0
I03487,O01544,P0238,4,594.87,20
I03488,O01995,P0154,1,28.59,30
I03489,O01309,P0165,2,873.11,30
I03490,O01820,P0129,3,1068.99,30
I03491,O01124,P0425,1,1140.52,0
I03492,O00003,P0337,2,1395.03,30
I03493,O01333,P0129,1,906.63,5
I03494,O01867,P0497,5,436.69,175
I03495,O00681,P0500,5,822.98,10
I03496,O00036,P0313,4,753.34,5
I03497,O00084,P0433,2,1102.04,0
I03498,O01362,P0289,4,188.83,20
I03499,O00943,P0147,3,966.04,30
I03500,O00233,P0188,3,1418.15,0
I03501,O01512,P0263,3,226.65,25
I03502,O00008,P0370,5,49.61,25
I03503,O01719,P0387,-5,413.13,10
I03504,O01790,P0403,4,1254.95,25
I03505,O00218,P0413,5,816.42,15
I03506,O01570,P0082,2,401.26,0
I03507,O00064,P0498,3,949.89,25
I03508,O01550,P0193,3,399.95,0
I03509,O00985,P0236,3,1093.87,25
I03510,O00909,P0108,2,41.52,0
I03511,O01728,P0197,5,684.34,5
I03512,O01874,P0337,1,1387.55,10
I03513,O01085,P0048,1,307.8,20
I03514,O00604,P0277,2,219.73,15
I03515,O00697,P0422,5,502.64,10
I03516,O01216,P0213,1,625.44,15
I03517,O00274,P0476,4,736.49,0
I03518,O00244,P0113,4,1251.45,30
I03519,O00056,P0258,2,127.49,0
I03520,O01695,P0117,5,769.49,0
I03521,O01632,P0019,4,882.5,10
I03522,O01638,P0422,5,483.68,20
I03523,O01131,P0029,3,940.26,20
I03524,O01441,P0229,3,711.31,0
I03525,O00862,P0322,4,968.93,10
I03526,O01075,P0161,1,205.24,25
I03527,O00082,P0277,-4,230.6,5
I03528,O00723,P0237,5,834.39,0
I03529,O00119,P0165,5,871.66,30
I03530,O01247,P0155,4,748.85,0
I03531,O00431,P0208,5,1283.02,10
I03532,O00842,P0282,2,813.47,25
I03533,O01966,P0012,1,1045.52,20
I03534,O00488,P0205,5,973.56,15
I03535,O00235,P0349,5,874.78,0
I03536,O01512,P0324,1,208.04,25
I03537,O00205,P0450,2,529.58,30
I03538,O01072,P0332,4,917.88,0
I03539,O01671,P0262,1,921.65,20
I03540,O00795,P0004,5,1350.36,0
I03541,O00932,P0448,5,652.7,0
I03542,O00301,P0113,5,1170.0,25
I03543,O01243,P0074,2,969.51,5
I03544,O01048,P0141,4,317.19,10
I03545,O01887,P0312,1,463.0,5
I03546,O00862,P0366,4,878.14,10
I03547,O00848,P0236,5,1135.03,5
I03548,O00726,P0499,4,292.05,0
I03549,O00484,P0410,1,165.71,0
I03550,O01841,P0431,2,985.4,0
I03551,O01295,P0166,1,611.77,10
I03552,O00068,P0226,3,1258.81,0
I03553,O00980,P0330,5,982.24,30
I03554,O00456,P0346,5,1052.68,10
I03555,O00540,P0364,1,98.41,10
I03556,O01101,P0189,2,1179.38,0
I03557,O00131,P0498,3,682.11,20
I03558,O01884,P0487,1,823.72,0
I03559,O01328,P0480,3,467.21,0
I03560,O00910,P0102,1,939.95,10
I03561,O01678,P0322,5,954.69,30
I03562,O01194,P0039,4,87.87,20
I03563,O00110,P0317,2,1110.15,5
I03564,O01648,P0328,3,544.64,10
I03565,O00540,P0219,4,452.89,20
I03566,O00051,P0295,2,252.16,15
I03567,O01954,P0372,3,713.74,0
I03568,O01921,P0034,2,788.7,30
I03569,O01554,P0164,4,825.14,25
I03570,O00244,P0339,3,422.9,30
I03571,O00928,P0484,2,379.65,30
I03572,O00302,P0466,4,486.81,5
I03573,O01970,P0054,5,434.35,5
I03574,O01157,P0364,1,71.06,10
I03575,O01445,P0287,3,800.75,0
I03576,O00359,P0421,3,110.04,0
I03577,O01509,P0193,3,420.28,0
I03578,O01514,P0282,3,760.11,25
I03579,O01633,P0127,4,1036.21,0
I03580,O00425,P0485,3,537.48,10
I03581,O00965,P0407,3,899.15,15
I03582,O00708,P0091,5,500.75,10
I03583,O00169,P0279,4,1056.89,10
I03584,O01903,P0380,5,779.07,0
I03585,O00007,P0218,3,675.16,0
I03586,O00340,P0486,1,166.81,25
I03587,O01157,P0341,5,557.56,0
I03588,O00588,P0331,1,316.49,5
I03589,O01716,P0404,3,599.24,20
I03590,O00120,P0198,5,934.96,10
I03591,O01422,P0419,4,1019.64,20
I03592,O00264,P0148,5,581.74,0
I03593,O01361,P0275,2,491.63,5
I03594,O01663,P0395,2,80.51,15
I03595,O00713,P0493,1,512.95,30
I03596,O00788,P0372,2,661.16,0
I03597,O00852,P0286,4,144.67,20
I03598,O01529,P0236,4,959.68,15
I03599,O00160,P0212,1,254.95,0
I03600,O01875,P0161,2,255.95,10
I03601,O01888,P0090,1,166.37,0
I03602,O00263,P0407,2,1074.4,5
I03603,O01115,P0138,1,188.88,0
I03604,O01486,P0461,4,170.2,15
I03605,O00863,P0284,4,999.48,10
I03606,O00193,P0317,4,1243.54,20
I03607,O00307,P0315,3,791.48,10
I03608,O00562,P0417,-3,805.79,0
I03609,O00503,P0316,3,509.27,0
I03610,O00810,P0235,3,1058.94,15
I03611,O01779,P0452,4,1024.29,0
I03612,O00505,P0057,4,630.33,0
I03613,O01163,P0195,5,677.62,10
I03614,O00782,P0377,5,1008.06,10
I03615,O00324,P0183,2,683.91,20
I03616,O01743,P0351,3,803.59,0
I03617,O00054,P0153,2,58.99,25
I03618,O00367,P0166,3,525.94,10
I03619,O00427,P0033,3,1261.32,10
I03620,O01793,P0474,5,487.66,15
I03621,O01093,P0247,5,492.61,5
I03622,O00961,P0294,2,669.82,5
I03623,O00740,P0034,3,730.55,15
I03624,O00172,P0375,3,190.5,20
I03625,O00406,P0150,2,439.97,10
I03626,O01427,P0048,5,218.28,20
I03627,O01208,P0270,3,202.58,5
I03628,O01410,P0033,1,986.46,10
I03629,O00585,P0008,2,495.64,20
I03630,O00871,P0254,1,350.6,25
I03631,O01083,P0100,3,78.63,25
I03632,O01481,P0027,5,747.95,20
I03633,O00640,P0495,2,972.15,30
I03634,O01922,P0044,1,40.55,10
I03635,O01096,P0118,4,793.69,0
I03636,O01639,P0324,1,153.59,20
I03637,O01124,P0409,4,357.2,0
I03638,O00831,P0024,5,347.96,10
I03639,O00678,P0217,4,85.05,0
I03640,O01335,P0209,1,1184.6,0
I03641,O01185,P0443,2,1150.13,5
I03642,O00148,P0474,3,510.42,10
I03643,O00402,P0092,1,1048.38,15
I03644,O00400,P0018,1,253.01,0
I03645,O01791,P0491,3,966.42,10
I03646,O01383,P0466,3,485.38,0
I03647,O00196,P0087,1,314.07,10
I03648,O00827,P0404,4,467.0,20
I03649,O00155,P0019,3,685.26,10
I03650,O00291,P0379,1,806.83,0
I03651,O01829,P0441,2,67.0,5
I03652,O00289,P0435,2,284.12,0
I03653,O00077,P0437,1,772.65,10
I03654,O01203,P0119,2,1328.31,0
I03655,O00763,P0341,4,579.41,0
I03656,O01968,P0336,5,736.26,0
I03657,O01553,P0436,2,442.81,10
I03658,O00458,P0274,5,904.77,0
I03659,O00357,P0099,3,931.42,0
I03660,O01993,P0265,1,178.54,5
I03661,O01225,P0082,3,401.0,10
I03662,O01392,P0427,3,967.54,10
I03663,O00381,P0065,5,693.94,15
I03664,O00611,P0153,5,62.71,20
I03665,O00355,P0220,3,270.9,30
I03666,O00396,P0263,3,189.97,0
I03667,O01660,P0382,5,649.48,10
I03668,O00930,P0127,4,977.72,5
I03669,O01127,P0142,-3,431.59,0
I03670,O00476,P0319,3,15.26,15
I03671,O00686,P0428,2,181.05,15
I03672,O01668,P0492,3,959.04,30
I03673,O01000,P0434,4,12.09,0
I03674,O01787,P0190,5,103.88,0
I03675,O00853,P0318,3,1180.17,0
I03676,O00757,P0137,2,341.53,5
I03677,O01430,P0208,3,1293.11,0
I03678,O01593,P0148,3,826.49,15
I03679,O01366,P0223,2,216.23,10
I03680,O01432,P0107,4,435.66,0
I03681,O01569,P0391,5,152.04,25
I03682,O00512,P0455,2,589.22,10
I03683,O01449,P0104,4,685.08,20
I03684,O00610,P0473,1,434.12,10
I03685,O01313,P0244,4,904.87,15
I03686,O01281,P0487,5,881.98,5
I03687,O01926,P0166,3,596.58,15
I03688,O01535,P0281,4,1094.0,5
I03689,O00846,P0343,1,988.39,15
I03690,O00607,P0375,5,176.55,20
I03691,O01262,P0303,5,387.35,25
I03692,O00851,P0404,1,576.27,10
I03693,O01939,P0441,5,62.05,0
I03694,O01601,P0052,5,986.88,5
I03695,O00060,P0356,2,1121.46,0
I03696,O00971,P0255,2,620.92,15
I03697,O00341,P0031,1,631.86,0
I03698,O00868,P0141,4,276.9,25
I03699,O01139,P0463,2,236.93,15
I03700,O00426,P0375,1,158.24,0
I03701,O00816,P0063,2,786.54,30
I03702,O01584,P0394,4,321.52,15
I03703,O00570,P0095,2,715.38,30
I03704,O00796,P0426,3,389.38,10
I03705,O01879,P0385,2,923.99,30
I03706,O01533,P0056,5,623.3,30
I03707,O00024,P0323,2,939.71,15
I03708,O01036,P0421,1,127.13,0
I03709,O01439,P0093,4,58.19,10
I03710,O01271,P0291,4,1164.05,20
I03711,O01397,P0345,5,106.85,5
I03712,O01229,P0112,1,172.19,0
I03713,O00221,P0054,-2,511.71,10
I03714,O00057,P0403,1,1317.65,15
I03715,O01163,P0398,5,222.31,10
I03716,O01560,P0375,1,179.8,5
I03717,O01991,P0116,3,440.24,5
I03718,O00859,P0244,4,1268.18,5
I03719,O01093,P0490,1,1102.38,10
I03720,O01118,P0024,3,375.95,0
I03721,O00146,P0373,4,460.33,20
I03722,O00152,P0308,3,939.71,25
I03723,O00022,P0481,-6,1146.44,30
I03724,O01358,P0336,1,984.22,0
I03725,O01344,P0025,2,1139.54,0
I03726,O01702,P0078,4,854.59,15
I03727,O01876,P0475,5,1000.04,0
I03728,O01795,P0383,5,642.73,30
I03729,O00296,P0021,1,494.8,5
I03730,O01522,P0133,3,1137.67,10
I03731,O00320,P0284,1,1017.67,5
I03732,O00872,P0164,1,731.21,20
I03733,O00197,P0290,4,460.49,30
I03734,O01114,P0052,4,909.27,0
I03735,O00985,P0041,1,112.19,0
I03736,O00417,P0405,2,930.1,0
I03737,O01897,P0299,1,106.23,0
I03738,O01371,P0156,1,190.64,0
I03739,O01138,P0497,-1,612.78,10
I03740,O01722,P0048,5,218.77,20
I03741,O00650,P0436,2,561.53,20
I03742,O01583,P0479,5,1062.44,5
I03743,O01740,P0497,5,509.0,10
I03744,O01762,P0252,4,650.85,5
I03745,O01135,P0310,1,561.03,0
I03746,O00618,P0471,5,1230.34,0
I03747,O00251,P0337,5,1396.56,10
I03748,O00311,P0087,1,308.74,10
I03749,O00156,P0146,2,419.5,0
I03750,O00679,P0472,1,11.32,15
I03751,O01978,P0306,2,414.43,15
I03752,O00519,P0035,3,914.24,10
I03753,O00360,P0086,4,1087.84,10
I03754,O00285,P0458,3,710.56,10
I03755,O00134,P0250,4,1219.96,30
I03756,O01257,P0278,3,561.75,25
I03757,O00736,P0270,4,234.6,15
I03758,O01168,P0310,5,618.05,5
I03759,O00218,P0030,5,407.13,10
I03760,O01924,P0222,4,179.02,5
I03761,O01034,P0188,3,1134.3,0
I03762,O00919,P0437,1,1081.43,20
I03763,O00273,P0080,3,83.82,15
I03764,O00784,P0188,1,972.04,20
I03765,O00170,P0012,3,973.2,10
I03766,O00011,P0057,-4,701.84,25
I03767,O00863,P0332,2,972.71,10
I03768,O01049,P0021,4,613.96,0
I03769,O01984,P0449,4,79.38,15
I03770,O01377,P0278,3,562.24,0
I03771,O00289,P0249,1,758.21,20
I03772,O01028,P0209,1,972.18,0
I03773,O01351,P0180,2,1263.05,0
I03774,O00304,P0118,2,698.99,0
I03775,O00027,P0285,5,435.91,10
I03776,O00319,P0242,5,305.86,5
I03777,O01211,P0184,5,1023.31,10
I03778,O00189,P0017,1,877.19,25
I03779,O01644,P0138,1,177.22,5
I03780,O00209,P0191,1,1218.49,5
I03781,O01692,P0178,3,1169.9,5
I03782,O01933,P0164,4,987.32,0
I03783,O01087,P0085,5,647.39,0
I03784,O01622,P0473,4,473.18,10
I03785,O01917,P0061,3,97.51,20
I03786,O01227,P0285,4,602.9,25
I03787,O01898,P0124,5,21.34,0
I03788,O01833,P0436,3,442.23,0
I03789,O01776,P0319,-3,14.12,5
I03790,O00682,P0155,2,656.45,25
I03791,O01905,P0390,3,939.35,10
I03792,O01639,P0241,4,806.28,10
I03793,O00264,P0376,5,723.82,0
I03794,O01045,P0090,5,123.39,30
I03795,O00455,P0115,3,593.44,20
I03796,O01455,P0468,1,951.27,5
I03797,O01584,P0238,1,690.3,0
I03798,O01354,P0050,5,885.69,20
I03799,O01852,P0129,2,1170.55,15
I03800,O00654,P0306,3,400.78,25
I03801,O01874,P0166,4,776.85,10
I03802,O01430,P0304,1,1188.0,25
I03803,O01180,P0389,1,890.64,15
I03804,O01161,P0309,1,1301.62,10
I03805,O01065,P0184,5,987.13,25
I03806,O00137,P0220,1,195.41,15
I03807,O00493,P0170,2,744.5,20
I03808,O00910,P0388,1,128.27,0
I03809,O00910,P0205,4,1085.5,0
I03810,O01360,P0475,5,1048.93,0
I03811,O01131,P0154,1,24.76,0
I03812,O00042,P0184,5,757.25,10
I03813,O00817,P0100,5,95.0,30
I03814,O01739,P0083,4,1119.98,10
I03815,O01585,P0138,4,166.3,0
I03816,O01663,P0166,1,736.11,25
I03817,O00493,P0145,2,1073.02,10
I03818,O01050,P0090,1,130.94,0
I03819,O01453,P0141,2,227.09,10
I03820,O00701,P0057,-2,672.5,15
I03821,O01095,P0308,3,893.71,10
I03822,O01960,P0235,5,1048.71,0
I03823,O01022,P0197,5,619.19,15
I03824,O00337,P0008,3,414.86,20
I03825,O01563,P0032,2,1039.88,5
I03826,O01628,P0337,3,1002.99,30
I03827,O01907,P0150,2,402.21,0
I03828,O01888,P0165,2,922.66,25
I03829,O00573,P0199,1,90.47,0
I03830,O00377,P0310,5,659.42,30
I03831,O00204,P0047,4,226.11,10
I03832,O00285,P0488,2,259.91,0
I03833,O00951,P0155,5,659.55,0
I03834,O01402,P0464,2,754.41,30
I03835,O00784,P0091,5,532.46,5
I03836,O01709,P0244,1,1242.44,15
I03837,O01679,P0114,3,61.28,0
I03838,O01719,P0498,2,727.8,30
I03839,O00619,P0081,5,261.7,10
I03840,O00093,P0004,4,1012.03,0
I03841,O00218,P0344,5,474.4,5
I03842,O00766,P0330,5,1052.56,5
I03843,O00174,P0251,5,236.71,0
I03844,O00045,P0002,2,846.19,30
I03845,O00204,P0332,4,770.6,0
I03846,O00772,P0095,3,875.0,20
I03847,O00755,P0033,3,1162.17,30
I03848,O00921,P0159,5,45.55,30
I03849,O00465,P0416,1,811.85,10
I03850,O01489,P0407,2,1048.23,0
I03851,O01971,P0381,4,251.75,20
I03852,O01095,P0239,1,948.77,10
I03853,O00904,P0170,3,731.11,5
I03854,O01516,P0228,1,167.75,30
I03855,O00723,P0152,2,1112.8,30
I03856,O01885,P0359,1,1348.64,20
I03857,O01985,P0499,4,333.1,15
I03858,O00363,P0175,4,440.69,15
I03859,O01606,P0035,5,807.3,0
I03860,O01435,P0284,3,939.09,20
I03861,O01357,P0281,1,965.46,30
I03862,O00504,P0031,1,551.16,0
I03863,O01121,P0201,4,651.09,0
I03864,O00979,P0198,4,910.77,5
I03865,O00310,P0172,2,732.36,20
I03866,O01200,P0064,2,362.64,0
I03867,O01677,P0445,5,604.38,10
I03868,O00849,P0332,2,826.89,20
I03869,O01733,P0043,2,656.15,30
I03870,O00083,P0160,1,544.32,5
I03871,O01583,P0233,2,429.72,30
I03872,O01860,P0386,2,559.86,5
I03873,O00425,P0360,2,821.2,10
I03874,O01350,P0224,5,932.88,15
I03875,O00260,P0195,4,798.11,25
I03876,O01006,P0366,5,856.03,5
I03877,O00846,P0411,3,167.63,30
I03878,O00699,P0037,2,1301.24,25
I03879,O00202,P0072,3,308.66,0
I03880,O00724,P0418,2,1109.77,15
I03881,O00883,P0202,4,449.39,5
I03882,O00131,P0447,2,989.2,20
I03883,O00648,P0094,3,1239.46,5
I03884,O00510,P0493,4,504.86,10
I03885,O01906,P0345,4,126.2,30
I03886,O00533,P0241,5,939.34,20
I03887,O00873,P0262,2,763.93,0
I03888,O01184,P0143,3,1239.62,10
I03889,O00629,P0426,4,313.58,0
I03890,O00847,P0162,5,265.67,0
I03891,O00670,P0497,4,536.44,25
I03892,O00225,P0476,2,798.43,0
I03893,O00259,P0444,4,491.75,15
I03894,O01224,P0365,2,365.39,10
I03895,O00903,P0360,-5,615.54,5
I03896,O00552,P0132,2,402.16,0
I03897,O00617,P0068,4,1179.09,10
I03898,O00302,P0462,2,238.01,10
I03899,O01127,P0458,1,853.83,10
I03900,O01010,P0467,5,1104.71,20
I03901,O00766,P0440,1,287.85,25
I03902,O00107,P0150,4,460.07,0
I03903,O01252,P0105,5,925.7,0
I03904,O01138,P0048,2,236.67,5
I03905,O01498,P0099,2,1022.1,0
I03906,O01441,P0475,3,1211.61,10
I03907,O00809,P0033,4,1256.31,15
I03908,O00025,P0393,4,247.41,5
I03909,O01375,P0209,2,1179.14,25
I03910,O00232,P0219,1,396.66,0
I03911,O00311,P0453,1,78.55,0
I03912,O01385,P0457,5,1119.88,10
I03913,O00260,P0258,-4,126.29,10
I03914,O01113,P0396,-2,281.98,5
I03915,O01739,P0386,4,488.09,30
I03916,O01618,P0196,5,598.02,0
I03917,O01107,P0481,-5,1216.85,15
I03918,O01307,P0256,1,444.0,5
I03919,O00688,P0196,3,593.82,30
I03920,O00891,P0470,5,861.72,0
I03921,O00759,P0013,4,371.54,10
I03922,O00107,P0291,1,1284.72,5
I03923,O00757,P0075,1,248.66,30
I03924,O00103,P0477,1,954.47,0
I03925,O00598,P0056,4,734.51,0
I03926,O01843,P0244,-5,1019.26,0
I03927,O00444,P0277,5,252.87,25
I03928,O01492,P0296,1,1086.91,10
I03929,O00126,P0131,3,953.91,0
I03930,O00714,P0140,4,542.25,15
I03931,O00156,P0458,2,859.15,10
I03932,O01341,P0098,1,298.03,10
I03933,O00978,P0264,3,469.77,20
I03934,O00103,P0164,2,782.71,0
I03935,O00212,P0320,4,809.59,25
I03936,O00578,P0477,4,998.69,0
I03937,O00924,P0250,5,1273.82,10
I03938,O01899,P0019,5,681.39,0
I03939,O01619,P0080,1,101.32,15
I03940,O01422,P0460,5,200.76,5
I03941,O00893,P0248,1,839.34,0
I03942,O00798,P0188,4,1207.18,25
I03943,O01165,P0217,5,78.09,20
I03944,O00899,P0424,3,891.46,30
I03945,O00414,P0377,2,941.5,0
I03946,O01782,P0462,-5,270.02,10
I03947,O01986,P0443,5,960.76,5
I03948,O00731,P0192,5,957.52,0
I03949,O00671,P0302,4,817.41,0
I03950,O00747,P0280,2,1129.31,5
I03951,O01578,P0297,5,528.94,0
I03952,O00820,P0145,2,866.03,0
I03953,O01435,P0240,4,408.78,10
I03954,O01396,P0287,3,690.87,25
I03955,O00872,P0417,4,760.23,25
I03956,O00427,P0249,1,924.79,5
I03957,O01056,P0004,3,996.59,5
I03958,O00947,P0081,2,303.66,20
I03959,O01214,P0387,5,361.61,5
I03960,O01307,P0131,3,837.69,0
I03961,O01792,P0085,5,542.96,10
I03962,O00219,P0484,2,349.5,0
I03963,O01676,P0412,2,396.48,0
I03964,O01893,P0275,4,596.09,0
I03965,O00017,P0454,4,183.51,110
I03966,O01730,P0285,2,579.53,20
I03967,O00934,P0407,1,933.4,0
I03968,O00600,P0450,2,520.65,10
I03969,O00985,P0066,5,537.81,15
I03970,O01235,P0102,1,783.53,0
I03971,O00300,P0227,1,374.41,0
I03972,O01757,P0424,3,674.22,0
I03973,O00595,P0100,4,87.96,5
I03974,O00107,P0455,3,674.55,20
I03975,O01357,P0435,4,292.57,20
I03976,O01709,P0049,4,326.12,0
I03977,O01293,P0348,4,441.22,0
I03978,O01250,P0193,4,348.17,10
I03979,O01577,P0396,4,228.15,15
I03980,O01249,P0152,4,771.1,25
I03981,O00589,P0438,3,849.33,0
I03982,O00751,P0462,-6,330.32,0
I03983,O00577,P0480,2,592.52,15
I03984,O00402,P0350,4,1015.61,30
I03985,O00374,P0103,2,284.3,0
I03986,O00530,P0297,2,413.4,30
I03987,O00044,P0361,3,789.71,10
I03988,O00863,P0245,1,532.86,0
I03989,O01312,P0172,5,812.83,0
I03990,O00674,P0043,1,915.93,0
I03991,O01452,P0023,2,296.49,15
I03992,O00067,P0005,2,848.22,15
I03993,O01470,P0179,2,866.67,10
I03994,O00689,P0433,5,1176.65,20
I03995,O01749,P0443,2,1211.0,5
I03996,O01025,P0164,2,761.67,10
I03997,O01230,P0252,2,791.34,0
I03998,O00967,P0146,5,374.8,0
I03999,O00497,P0419,5,896.16,15
I04000,O00581,P0325,2,934.97,0
I04001,O00188,P0012,4,1051.13,0
I04002,O00867,P0419,3,1057.42,0
I04003,O00636,P0399,4,335.55,25
I04004,O01821,P0171,5,443.83,0
I04005,O00264,P0369,3,790.05,0
I04006,O01412,P0021,2,619.12,0
I04007,O00102,P0280,1,1139.56,10
I04008,O01618,P0342,1,774.35,10
I04009,O01146,P0045,3,1181.6,10
I04010,O01015,P0107,1,480.35,15
I04011,O01495,P0489,1,863.48,5
I04012,O00862,P0121,2,738.85,15
I04013,O01706,P0307,2,846.43,0
I04014,O00117,P0046,1,762.13,30
I04015,O01219,P0027,5,917.36,5
I04016,O01068,P0034,1,827.95,0
I04017,O01749,P0415,5,396.53,0
I04018,O01943,P0089,2,1146.76,10
I04019,O00133,P0358,3,457.95,25
I04020,O01549,P0451,2,1032.72,30
I04021,O01515,P0350,2,767.73,0
I04022,O00452,P0473,4,378.88,15
I04023,O01578,P0218,4,683.3,15
I04024,O01317,P0088,1,271.75,25
I04025,O00288,P0404,2,609.56,15
I04026,O01748,P0267,5,866.67,10
I04027,O01429,P0400,3,877.5,20
I04028,O00712,P0434,2,11.72,0
I04029,O00181,P0425,1,1242.61,10
I04030,O00435,P0349,2,1057.18,0
I04031,O01019,P0442,2,305.93,30
I04032,O00595,P0230,2,397.54,0
I04033,O00256,P0286,3,129.35,0
I04034,O00477,P0342,4,682.97,15
I04035,O01327,P0376,1,718.74,0
I04036,O00875,P0208,4,1276.45,0
I04037,O00816,P0261,2,867.06,25
I04038,O00444,P0278,4,607.88,5
I04039,O01856,P0222,3,185.83,0
I04040,O00813,P0045,2,1245.26,20
I04041,O01213,P0474,2,436.44,0
I04042,O00910,P0218,5,795.76,25
I04043,O01409,P0006,2,23.48,20
I04044,O01945,P0330,4,1124.61,10
I04045,O99904,P0087,5,300.2,25
I04046,O00950,P0496,-3,157.57,30
I04047,O00652,P0299,5,88.8,25
I04048,O00700,P0055,5,181.78,20
I04049,O00889,P0246,3,1141.31,30
I04050,O00607,P0429,1,15.58,25
I04051,O01141,P0430,3,142.23,25
I04052,O01893,P0013,1,335.98,10
I04053,O00224,P0064,4,396.06,10
I04054,O00386,P0248,5,792.65,0
I04055,O01209,P0489,3,919.25,15
I04056,O01095,P0180,5,1232.79,20
I04057,O01724,P0042,3,853.88,25
I04058,O01788,P0220,-3,197.8,0
I04059,O00377,P0003,3,619.73,10
I04060,O00371,P0305,5,904.34,20
I04061,O01007,P0288,3,550.51,20
I04062,O01316,P0026,1,279.8,0
I04063,O00253,P0302,1,764.63,0
I04064,O00131,P0175,5,563.84,15
I04065,O01011,P0428,3,171.33,0
I04066,O00048,P0293,4,66.71,30
I04067,O00372,P0177,2,30.5,5
I04068,O99902,P0436,2,467.03,0
I04069,O00788,P0325,2,1002.9,0
I04070,O01021,P0007,2,104.58,0
I04071,O00536,P0482,2,281.64,15
I04072,O00285,P0334,3,191.78,30
I04073,O00962,P0232,3,238.59,0
I04074,O01014,P0358,1,435.79,10
I04075,O01359,P0157,5,204.5,10
I04076,O01592,P0462,4,285.94,10
I04077,O01112,P0026,4,289.8,5
I04078,O00519,P0186,3,38.02,5
I04079,O00135,P0131,3,842.63,15
I04080,O01125,P0336,5,882.1,15
I04081,O01053,P0182,2,1139.92,10
I04082,O00608,P0260,5,251.54,5
I04083,O00724,P0339,5,562.97,15
I04084,O00853,P0323,4,700.11,5
I04085,O01700,P0223,3,236.82,25
I04086,O00061,P0161,4,208.77,20
I04087,O00010,P0187,5,743.3,30
I04088,O01584,P0149,4,774.99,30
I04089,O01699,P0288,3,430.75,10
I04090,O01493,P0125,4,1306.35,30
I04091,O01097,P0354,1,285.51,10
I04092,O01619,P0013,3,400.66,10
I04093,O01477,P0410,1,137.24,30
I04094,O00822,P0090,4,149.84,0
I04095,O00105,P0376,4,708.5,5
I04096,O01553,P0144,5,643.1,5
I04097,O00958,P0291,4,967.93,5
I04098,O01858,P0469,2,603.02,30
I04099,O01615,P0162,3,300.61,0
I04100,O00059,P0124,1,26.95,15
I04101,O00720,P0071,1,979.71,10
I04102,O01412,P0020,1,1268.96,10
I04103,O00379,P0176,5,358.66,0
I04104,O00465,P0160,1,548.58,0
I04105,O00543,P0466,2,443.71,5
I04106,O01759,P0385,3,957.02,5
I04107,O01485,P0041,1,135.05,0
I04108,O00723,P0073,5,169.7,0
I04109,O00342,P0141,4,326.85,10
I04110,O01674,P0095,3,888.31,0
I04111,O01384,P0283,4,292.49,0
I04112,O00228,P0413,1,741.46,25
I04113,O01083,P0187,2,734.88,25
I04114,O00714,P0367,3,750.15,10
I04115,O01295,P0489,4,677.39,0
I04116,O01862,P0409,1,364.92,30
I04117,O00161,P0119,4,1076.04,10
I04118,O00641,P0177,2,40.14,20
I04119,O01567,P0358,4,315.13,0
I04120,O01731,P0243,1,778.59,15
I04121,O00906,P0234,3,578.61,15
I04122,O00288,P0049,1,354.54,10
I04123,O01973,P0426,4,366.13,0
I04124,O01809,P0390,1,783.89,0
I04125,O01053,P0386,3,534.81,25
I04126,O01605,P0061,4,92.77,15
I04127,O01273,P0082,1,360.04,15
I04128,O01236,P0293,4,54.11,5
I04129,O00482,P0011,5,1233.75,30
I04130,O00893,P0173,4,338.21,0
I04131,O01459,P0160,3,579.82,30
I04132,O00293,P0421,2,128.0,15
I04133,O01647,P0226,1,1047.82,0
I04134,O00575,P0488,2,332.65,25
I04135,O01961,P0471,1,1192.51,10
I04136,O01917,P0258,1,101.45,10
I04137,O00298,P0333,3,37.73,30
I04138,O00610,P0418,3,1042.13,0
I04139,O01133,P0440,2,268.07,5
I04140,O00272,P0055,4,191.21,10
I04141,O00776,P0393,4,214.89,0
I04142,O00226,P0311,3,695.19,10
I04143,O00585,P0303,3,297.13,5
I04144,O01743,P0459,2,362.83,10
I04145,O01260,P0128,3,157.04,5
I04146,O01816,P0469,1,615.63,0
I04147,O00991,P0341,4,793.81,0
I04148,O00657,P0348,1,451.98,15
I04149,O00235,P0076,4,870.94,30
I04150,O01603,P0065,-3,748.18,0
I04151,O01756,P0466,2,441.54,25
I04152,O00290,P0058,5,1289.92,0
I04153,O01032,P0381,4,231.38,5
I04154,O00321,P0420,1,713.64,30
I04155,O01162,P0282,1,727.47,10
I04156,O00944,P0227,4,285.61,20
I04157,O00736,P0059,2,858.05,30
I04158,O00999,P0264,1,476.29,20
I04159,O01742,P0330,5,1075.32,30
I04160,O00765,P0431,2,958.57,0
I04161,O00105,P0131,1,822.33,0
I04162,O01324,P0004,4,987.01,25
I04163,O01137,P0125,5,1164.94,0
I04164,O01926,P0455,3,557.48,10
I04165,O01218,P0451,3,721.14,25
I04166,O00813,P0205,1,1148.36,5
I04167,O00558,P0333,1,48.72,30
I04168,O00422,P0400,3,970.28,15
I04169,O01392,P0351,3,886.33,10
I04170,O01457,P0321,2,530.24,5
I04171,O01035,P0404,1,525.67,0
I04172,O01701,P0039,5,92.52,0
I04173,O00100,P0229,3,598.76,0
I04174,O00769,P0125,1,1021.22,0
I04175,O00305,P0280,1,1101.14,0
I04176,O01121,P0121,2,807.36,10
I04177,O00065,P0408,5,573.18,5
I04178,O01806,P0351,4,899.99,25
I04179,O01305,P0063,4,719.11,5
I04180,O00487,P0213,5,677.48,30
I04181,O00177,P0347,4,554.57,5
I04182,O00026,P0378,4,55.14,25
I04183,O01328,P0304,4,1250.01,15
I04184,O00088,P0247,1,502.62,10
I04185,O01432,P0067,1,98.35,0
I04186,O00019,P0495,4,1072.12,0
I04187,O01149,P0223,3,178.21,0
I04188,O01092,P0407,5,1000.93,10
I04189,O00940,P0054,1,377.44,25
I04190,O00226,P0191,5,877.4,0
I04191,O01317,P0319,3,13.98,10
I04192,O00861,P0133,5,1334.47,20
I04193,O00705,P0073,3,198.34,15
I04194,O00382,P0422,4,450.09,15
I04195,O00900,P0256,-4,338.77,0
I04196,O01027,P0353,5,368.55,15
I04197,O00872,P0385,2,822.54,30
I04198,O00276,P0182,4,934.84,15
I04199,O01114,P0473,2,464.93,0
I04200,O00425,P0191,4,996.52,0
I04201,O01746,P0101,5,1106.88,20
I04202,O00096,P0383,2,495.68,0
I04203,O01900,P0112,3,198.72,15
I04204,O00609,P0493,4,372.0,15
I04205,O00420,P0091,2,457.99,0
I04206,O00227,P0152,1,1115.23,20
I04207,O01402,P0214,3,1130.89,0
I04208,O00768,P0321,2,684.57,10
I04209,O01231,P0262,4,741.7,25
I04210,O01817,P0378,4,56.1,10
I04211,O00513,P0246,4,938.66,10
I04212,O01158,P0194,4,424.63,30
I04213,O01899,P0262,-1,966.74,5
I04214,O01597,P0194,2,426.74,0
I04215,O00451,P0015,4,582.8,30
I04216,O00823,P0472,2,12.8,0
I04217,O01998,P0392,2,473.13,0
I04218,O01942,P0400,5,1054.54,0
I04219,O00989,P0339,1,506.3,15
I04220,O00574,P0169,1,907.75,0
I04221,O00773,P0465,2,454.78,30
I04222,O00926,P0049,2,246.24,0
I04223,O00983,P0263,1,168.61,25
I04224,O01099,P0099,1,844.71,20
I04225,O01938,P0357,4,548.49,0
I04226,O00686,P0435,4,293.16,25
I04227,O01714,P0314,5,842.36,10
I04228,O01832,P0427,3,871.67,30
I04229,O01230,P0315,1,935.34,10
I04230,O00277,P0083,1,1242.88,20
I04231,O01119,P0064,4,301.4,10
I04232,O01511,P0214,1,958.68,25
I04233,O00209,P0318,1,1025.74,15
I04234,O01295,P0040,3,171.09,15
I04235,O00836,P0442,2,262.65,0
I04236,O01957,P0087,3,356.35,10
I04237,O01526,P0230,4,427.79,0
I04238,O01247,P0215,4,458.87,5
I04239,O01039,P0250,1,1306.58,0
I04240,O00433,P0294,5,950.49,30
I04241,O01199,P0332,1,849.31,15
I04242,O00342,P0272,1,651.1,0
I04243,O01687,P0391,1,127.41,20
I04244,O01012,P0040,3,166.52,5
I04245,O00352,P0408,1,687.82,15
I04246,O01416,P0114,2,57.51,15
I04247,O01716,P0472,2,10.28,0
I04248,O01080,P0241,3,824.66,10
I04249,O01737,P0297,1,405.57,10
I04250,O00116,P0353,2,348.06,20
I04251,O00732,P0345,3,114.12,10
I04252,O01032,P0265,2,208.39,10
I04253,O01982,P0356,2,1102.87,30
I04254,O01554,P0470,1,974.79,0
I04255,O01501,P0247,2,655.98,30
I04256,O01866,P0324,3,157.26,10
I04257,O00558,P0055,1,207.52,30
I04258,O00661,P0359,5,1268.68,0
I04259,O01850,P0323,3,887.78,20
I04260,O00368,P0445,1,684.36,0
I04261,O01662,P0362,1,212.98,0
I04262,O00478,P0357,5,539.71,30
I04263,O00201,P0134,2,571.33,25
I04264,O00193,P0129,3,925.82,15
I04265,O01236,P0112,2,205.27,0
I04266,O00964,P0459,5,482.33,15
I04267,O00692,P0267,5,1116.05,0
I04268,O01425,P0334,3,183.05,10
I04269,O01103,P0452,4,1237.87,0
I04270,O01494,P0323,1,738.2,25
I04271,O01775,P0384,2,272.92,0
I04272,O01591,P0236,2,1122.56,10
I04273,O01896,P0334,1,208.41,15
I04274,O00137,P0206,2,131.88,5
I04275,O00394,P0494,4,1154.9,20
I04276,O00279,P0015,1,633.94,20
I04277,O00602,P0337,1,1041.32,0
I04278,O00352,P0157,2,182.4,10
I04279,O01076,P0049,2,317.96,0
I04280,O00504,P0211,2,34.44,5
I04281,O01847,P0223,1,183.87,0
I04282,O01329,P0457,3,986.56,10
I04283,O01559,P0138,5,156.68,10
I04284,O01369,P0080,1,93.63,0
I04285,O01656,P0355,3,217.26,0
I04286,O00900,P0358,4,403.51,10
I04287,O00187,P0360,1,881.22,25
I04288,O00689,P0219,4,479.03,10
I04289,O01180,P0005,3,1091.29,0
I04290,O00395,P0159,5,56.75,25
I04291,O01838,P0318,2,1095.41,20
I04292,O01702,P0020,2,1099.86,10
I04293,O00192,P0430,5,151.12,0
I04294,O00367,P0261,4,1010.93,0
I04295,O01598,P0342,1,818.21,0
I04296,O00786,P0330,3,1031.98,30
I04297,O01184,P0137,5,301.27,0
I04298,O00358,P0019,2,858.31,20
I04299,O00887,P0196,5,801.46,15
I04300,O00344,P0308,5,921.38,10
I04301,O00786,P0120,1,712.23,30
I04302,O00134,P0129,5,835.78,5
I04303,O01712,P0312,5,427.06,5
I04304,O00260,P0402,3,1104.11,0
I04305,O00870,P0151,2,936.79,25
I04306,O00840,P0382,2,691.62,5
I04307,O01060,P0413,5,639.2,30
I04308,O00528,P0118,2,963.04,20
I04309,O01961,P0190,5,78.35,15
I04310,O00522,P0439,-6,321.23,25
I04311,O00742,P0223,3,220.71,0
I04312,O01152,P0146,2,327.94,15
I04313,O00274,P0484,5,398.19,10
I04314,O00551,P0176,2,358.24,10
I04315,O01183,P0421,3,139.99,0
I04316,O01146,P0499,5,367.78,30
I04317,O01801,P0192,4,1140.83,0
I04318,O01653,P0128,5,165.64,15
I04319,O00661,P0146,5,339.27,0
I04320,O00830,P0430,3,186.03,0
I04321,O01644,P0133,5,1117.65,25
I04322,O01561,P0104,5,477.25,30
I04323,O01128,P0175,5,486.84,20
I04324,O00584,P0109,5,1218.1,15
I04325,O01972,P0342,4,670.31,15
I04326,O01252,P0231,5,512.74,10
I04327,O01436,P0234,1,530.37,20
I04328,O01316,P0359,1,1321.28,15
I04329,O01734,P0300,3,714.52,30
I04330,O00166,P0226,1,1367.98,5
I04331,O01631,P0409,4,353.71,0
I04332,O01699,P0173,3,274.27,15
I04333,O00001,P0222,3,199.21,0
I04334,O00866,P0278,1,590.03,0
I04335,O00600,P0197,3,709.55,30
I04336,O00371,P0455,-2,685.99,10
I04337,O01978,P0356,3,1005.57,30
I04338,O00891,P0455,5,664.94,25
I04339,O02000,P0168,3,414.97,10
I04340,O01323,P0389,3,1137.34,15
I04341,O01181,P0210,2,1365.8,20
I04342,O00278,P0176,3,409.66,0
I04343,O00148,P0408,4,656.48,25
I04344,O00679,P0301,4,702.27,0
I04345,O01730,P0154,2,28.32,10
I04346,O01398,P0029,2,1049.12,25
I04347,O01005,P0166,4,754.13,0
I04348,O01702,P0387,3,360.42,25
I04349,O00843,P0405,-2,772.01,25
I04350,O00501,P0332,4,752.81,25
I04351,O00790,P0445,2,579.99,10
I04352,O00039,P0263,1,183.77,0
I04353,O01565,P0395,2,57.06,20
I04354,O01232,P0282,3,834.97,0
I04355,O01329,P0496,2,169.49,0
I04356,O01886,P0389,5,896.77,10
I04357,O01851,P0076,4,943.4,20
I04358,O01555,P0180,4,1110.79,0
I04359,O00671,P0457,4,859.36,0
I04360,O01531,P0027,4,1069.52,5
I04361,O00577,P0130,2,405.53,30
I04362,O01600,P0133,5,1092.67,15
I04363,O00501,P0383,2,593.72,0
I04364,O01973,P0276,2,980.79,5
I04365,O01392,P0114,4,48.65,0
I04366,O01522,P0245,1,541.29,20
I04367,O00255,P0452,4,985.52,10
I04368,O00945,P0144,4,848.62,15
I04369,O01824,P0089,2,1214.15,15
I04370,O00911,P0126,5,223.37,10
I04371,O01258,P0357,5,433.37,30
I04372,O00543,P0251,4,255.75,10
I04373,O00588,P0314,2,701.46,10
I04374,O00685,P0430,2,162.67,30
I04375,O00914,P0182,4,1109.15,10
I04376,O00057,P0450,2,533.08,20
I04377,O01142,P0200,4,733.25,10
I04378,O00308,P0013,1,328.45,20
I04379,O00165,P0216,3,64.79,30
I04380,O00611,P0228,1,195.91,0
I04381,O01570,P0163,2,584.15,5
I04382,O00120,P0031,1,670.32,0
I04383,O01513,P0293,1,69.06,15
I04384,O01487,P0191,-5,1011.27,0
I04385,O01480,P0124,3,28.87,10
I04386,O01964,P0126,3,191.66,15
I04387,O01954,P0188,2,1077.65,5
I04388,O01929,P0443,4,1268.1,15
I04389,O01875,P0017,1,1153.33,0
I04390,O01752,P0134,5,597.59,0
I04391,O00503,P0036,3,451.69,30
I04392,O01689,P0386,4,588.05,0
I04393,O01568,P0041,5,125.52,25
I04394,O00818,P0291,3,1226.23,0
I04395,O01399,P0045,3,1162.62,25
I04396,O00918,P0111,3,861.79,15
I04397,O01496,P0219,3,374.32,20
I04398,O00191,P0230,5,368.14,15
I04399,O00001,P0262,3,828.33,20
I04400,O00819,P0376,4,648.47,25
I04401,O01258,P0454,1,144.76,10
I04402,O00828,P0365,3,312.76,30
I04403,O01079,P0301,5,769.36,0
I04404,O01437,P0142,2,440.74,5
I04405,O01177,P0002,2,1122.42,20
I04406,O01752,P0217,1,107.49,10
I04407,O01394,P0143,2,1250.21,30
I04408,O01874,P0274,2,950.1,0
I04409,O00138,P0130,2,361.66,0
I04410,O00067,P0273,3,642.56,20
I04411,O00499,P0158,2,78.37,25
I04412,O00519,P0303,4,416.57,25
I04413,O00933,P0174,3,37.47,10
I04414,O00385,P0424,3,670.01,30
I04415,O00035,P0135,2,155.13,5
I04416,O01322,P0401,2,690.43,10
I04417,O01532,P0043,4,799.19,15
I04418,O01771,P0159,4,66.55,20
I04419,O00185,P0155,2,662.24,10
I04420,O00385,P0040,1,171.98,0
I04421,O00401,P0182,3,978.97,15
I04422,O01669,P0396,1,220.5,10
I04423,O01917,P0108,5,58.37,25
I04424,O01421,P0187,1,776.62,20
I04425,O00704,P0282,5,842.81,30
I04426,O01071,P0030,3,563.16,0
I04427,O01135,P0470,4,818.29,10
I04428,O01720,P0185,1,168.0,15
I04429,O01272,P0236,2,1060.05,5
I04430,O01749,P0276,1,1044.03,30
I04431,O01561,P0113,5,1089.84,0
I04432,O01568,P0281,-1,1358.51,0
I04433,O00134,P0101,3,1287.86,15
I04434,O01441,P0097,5,997.71,0
I04435,O00211,P0160,5,723.6,10
I04436,O01723,P0295,2,221.03,0
I04437,O01892,P0431,1,908.91,0
I04438,O00317,P0033,4,1162.58,5
I04439,O00179,P0152,3,789.99,15
I04440,O00172,P0046,3,575.88,10
I04441,O00111,P0186,1,31.55,10
I04442,O00121,P0115,3,598.25,10
I04443,O01092,P0006,1,22.39,0
I04444,O01819,P0458,4,701.11,10
I04445,O01360,P0315,3,973.63,10
I04446,O01720,P0234,4,633.05,5
I04447,O00667,P0384,3,292.66,0
I04448,O01995,P0401,2,705.26,30
I04449,O00833,P0303,5,307.99,30
I04450,O00113,P0137,4,323.37,10
I04451,O01266,P0351,1,686.07,0
I04452,O01880,P0215,4,525.13,15
I04453,O00036,P0354,1,319.55,25
I04454,O01361,P0326,3,982.05,0
I04455,O00829,P0410,5,182.59,0
I04456,O01895,P0214,2,1149.23,0
I04457,O01661,P0352,4,271.2,10
I04458,O00350,P0476,4,902.51,30
I04459,O01956,P0292,2,86.01,0
I04460,O00555,P0271,4,615.65,30
I04461,O00177,P0410,1,195.4,0
I04462,O00285,P0177,3,36.45,20
I04463,O01129,P0067,4,130.46,0
I04464,O00299,P0361,1,863.44,0
I04465,O00949,P0492,3,1055.21,25
I04466,O01506,P0174,2,45.21,10
I04467,O00949,P0413,1,609.04,0
I04468,O00605,P0313,3,622.93,0
I04469,O00092,P0462,3,322.66,25
I04470,O01316,P0453,1,82.25,0
I04471,O01057,P0468,4,978.22,0
I04472,O00590,P0413,5,661.49,0
I04473,O01704,P0089,2,1266.83,10
I04474,O00735,P0007,3,90.9,20
I04475,O01648,P0135,4,166.63,30
I04476,O01471,P0495,5,1014.56,0
I04477,O01300,P0132,5,429.99,30
I04478,O00804,P0259,3,364.83,5
I04479,O99903,P0019,3,682.23,10
I04480,O00452,P0221,5,57.24,25
I04481,O01898,P0252,5,691.94,20
I04482,O00712,P0373,4,642.94,30
I04483,O00152,P0320,2,868.01,15
I04484,O00854,P0338,2,1192.03,0
I04485,O01812,P0432,1,1096.47,0
I04486,O00397,P0410,5,181.71,15
I04487,O00988,P0005,5,1220.53,10
I04488,O01849,P0341,1,733.08,30
I04489,O01043,P0316,1,474.26,5
I04490,O01477,P0169,3,741.09,25
I04491,O01568,P0301,3,906.3,5
I04492,O01471,P0287,5,733.19,10
I04493,O01457,P0158,1,66.3,10
I04494,O01498,P0236,1,1269.66,10
I04495,O00263,P0120,5,736.46,5
I04496,O00191,P0302,4,821.11,20
I04497,O01680,P0111,5,827.53,10
I04498,O01347,P0374,4,115.05,20
I04499,O00524,P0005,5,1172.8,25
I04500,O01083,P0207,4,610.22,10
I04501,O00306,P0195,5,821.38,0
I04502,O01924,P0189,5,1097.29,0
I04503,O01077,P0447,2,988.66,25
I04504,O01565,P0462,1,237.68,25
I04505,O00765,P0112,2,159.29,0
I04506,O01054,P0224,3,1153.2,15
I04507,O01396,P0275,4,557.54,20
I04508,O01015,P0465,5,483.96,0
I04509,O00571,P0313,3,781.85,25
I04510,O00551,P0113,3,1169.33,30
I04511,O00973,P0167,3,899.82,0
I04512,O01303,P0041,2,107.71,0
I04513,O01838,P0481,3,1012.61,10
I04514,O01892,P0308,5,1114.38,30
I04515,O01452,P0251,4,206.74,10
I04516,O00132,P0045,3,1353.99,25
I04517,O01902,P0198,2,929.72,15
I04518,O00247,P0228,1,193.62,30
I04519,O00527,P0317,3,1131.3,5
I04520,O00729,P0138,3,188.84,0
I04521,O01314,P0393,4,213.72,10
I04522,O00826,P0455,4,531.92,25
I04523,O01916,P0307,1,757.2,0
I04524,O00719,P0290,5,456.03,0
I04525,O00812,P0032,2,1316.62,0
I04526,O00671,P0044,5,48.12,20
I04527,O00354,P0334,3,186.74,0
I04528,O01556,P0065,5,790.29,5
I04529,O01230,P0157,2,237.11,20
I04530,O00100,P0196,5,712.51,25
I04531,O01342,P0393,1,204.28,0
I04532,O01037,P0412,1,410.41,10
I04533,O00403,P0005,3,1166.87,25
I04534,O01750,P0003,-3,472.36,5
I04535,O00768,P0225,5,1076.82,15
I04536,O00996,P0205,1,1398.47,10
I04537,O00854,P0168,1,464.83,10
I04538,O01828,P0126,4,196.24,0
I04539,O00993,P0315,3,1104.07,15
I04540,O01016,P0325,2,1057.62,0
I04541,O00423,P0323,4,756.09,10
I04542,O00220,P0320,5,789.42,0
I04543,O00715,P0364,4,88.25,20
I04544,O01399,P0379,2,818.58,25
I04545,O00350,P0187,1,806.11,10
I04546,O01815,P0497,2,484.94,25
I04547,O01380,P0126,4,217.12,20
I04548,O01125,P0175,2,615.46,0
I04549,O00374,P0469,4,475.39,10
I04550,O00760,P0112,4,217.57,20
I04551,O00591,P0329,4,210.39,0
I04552,O01591,P0229,1,705.87,20
I04553,O01365,P0426,5,346.57,30
I04554,O01034,P0481,1,858.31,20
I04555,O00141,P0248,2,737.73,30
I04556,O00613,P0347,-1,558.82,10
I04557,O00695,P0310,2,753.02,0
I04558,O01270,P0220,5,282.98,0
I04559,O01557,P0267,2,1157.08,25
I04560,O01358,P0400,5,943.61,20
I04561,O00890,P0140,3,590.13,15
I04562,O01839,P0400,1,827.68,20
I04563,O00621,P0010,5,44.79,10
I04564,O00431,P0333,3,48.98,5
I04565,O00965,P0393,4,220.4,0
I04566,O01640,P0173,-5,327.89,0
I04567,O00006,P0487,5,859.64,10
I04568,O01839,P0394,1,365.54,20
I04569,O01422,P0208,2,1337.41,10
I04570,O00432,P0443,3,1000.78,30
I04571,O00105,P0238,1,665.56,0
I04572,O01318,P0064,3,421.28,20
I04573,O01570,P0233,3,434.07,30
I04574,O01359,P0493,1,406.88,10
I04575,O00274,P0356,2,1155.47,10
I04576,O01971,P0483,5,127.51,10
I04577,O00458,P0206,3,118.54,10
I04578,O01299,P0332,4,976.23,10
I04579,O00674,P0049,3,283.08,20
I04580,O00644,P0110,2,486.34,5
I04581,O00752,P0441,3,59.82,10
I04582,O01588,P0283,-5,242.45,10
I04583,O00618,P0249,4,975.23,10
I04584,O01339,P0476,4,855.83,15
I04585,O01839,P0023,5,308.84,10
I04586,O01591,P0322,2,916.58,15
I04587,O01519,P0086,3,812.1,20
I04588,O00953,P0001,1,1083.13,10
I04589,O01999,P0439,-6,303.62,0
I04590,O01010,P0131,5,986.99,20
I04591,O01681,P0369,2,888.5,10
I04592,O01462,P0064,3,365.04,30
I04593,O01062,P0175,2,641.14,20
I04594,O01463,P0439,-6,272.28,0
I04595,O00392,P0063,5,649.89,15
I04596,O00943,P0052,3,832.54,30
I04597,O01734,P0348,1,347.43,0
I04598,O01926,P0225,4,1077.58,20
I04599,O00553,P0294,5,934.22,0
I04600,O01436,P0251,5,231.14,0
I04601,O00643,P0484,1,384.33,15
I04602,O00225,P0463,3,236.24,30
I04603,O01362,P0415,-5,374.96,30
I04604,O01387,P0218,2,799.98,10
I04605,O00997,P0102,2,1092.65,10
I04606,O00730,P0451,5,938.15,30
I04607,O00119,P0209,4,917.03,0
I04608,O00440,P0069,3,117.53,0
I04609,O01641,P0496,3,133.68,0
I04610,O00015,P0386,1,483.97,10
I04611,O00959,P0098,3,241.87,0
I04612,O01998,P0253,5,1251.18,5
I04613,O01378,P0222,2,175.64,10
I04614,O01490,P0246,5,1255.87,15
I04615,O01812,P0227,1,356.54,10
I04616,O00402,P0267,1,1242.6,0
I04617,O01477,P0469,2,540.92,10
I04618,O01728,P0397,3,626.97,25
I04619,O01689,P0417,1,721.9,25
I04620,O00702,P0090,2,176.01,15
I04621,O00965,P0122,5,434.09,10
I04622,O00140,P0363,2,618.32,25
I04623,O00800,P0443,4,1309.19,30
I04624,O00259,P0054,2,361.54,5
I04625,O00155,P0408,3,718.33,0
I04626,O01649,P0166,4,752.93,0
I04627,O01002,P0473,5,353.04,30
I04628,O01727,P0413,3,827.79,30
I04629,O01553,P0443,3,1092.48,20
I04630,O01289,P0494,3,997.37,15
I04631,O00440,P0469,2,522.42,10
I04632,O00574,P0352,3,366.89,0
I04633,O01633,P0057,5,623.21,10
I04634,O01887,P0044,4,38.61,5
I04635,O01408,P0262,3,988.05,0
I04636,O01691,P0030,5,442.31,0
I04637,O00911,P0354,4,316.77,25
I04638,O01100,P0155,3,878.65,20
I04639,O00783,P0481,2,850.22,0
I04640,O00535,P0015,5,753.63,5
I04641,O00547,P0102,1,878.22,0
I04642,O00347,P0057,5,540.09,5
I04643,O00401,P0467,1,1125.57,25
I04644,O00809,P0247,3,662.38,20
I04645,O01500,P0465,5,498.71,0
I04646,O00990,P0216,4,69.89,0
I04647,O01589,P0498,4,835.56,15
I04648,O00765,P0074,1,1112.78,20
I04649,O01412,P0216,1,69.7,15
I04650,O01022,P0095,2,910.95,0
I04651,O01732,P0145,5,1020.99,15
I04652,O00614,P0288,1,397.91,25
I04653,O00456,P0200,-1,836.8,5
I04654,O00332,P0454,4,190.59,10
I04655,O00821,P0336,3,845.56,30
I04656,O00224,P0220,5,239.3,30
I04657,O00662,P0043,2,756.36,30
I04658,O01607,P0350,3,756.45,30
I04659,O01474,P0017,4,1299.71,0
I04660,O00689,P0118,1,749.73,30
I04661,O00253,P0231,5,531.28,0
I04662,O01145,P0378,5,66.33,0
I04663,O01116,P0097,2,1058.65,30
I04664,O00023,P0201,4,647.43,10
I04665,O00681,P0090,2,125.33,0
I04666,O01846,P0307,4,701.72,0
I04667,O01951,P0400,2,1025.88,15
I04668,O00357,P0408,1,513.56,15
I04669,O01550,P0293,1,66.25,25
I04670,O00752,P0363,3,558.6,25
I04671,O01727,P0006,5,19.57,5
I04672,O00754,P0102,5,1085.65,5
I04673,O00611,P0388,2,141.26,30
I04674,O00837,P0328,3,381.47,20
I04675,O00669,P0123,1,974.96,20
I04676,O00520,P0160,4,580.44,30
I04677,O01446,P0112,3,204.93,0
I04678,O01505,P0014,1,408.65,10
I04679,O01568,P0025,1,1163.12,0
I04680,O00388,P0467,1,1198.08,30
I04681,O01949,P0170,5,728.28,20
I04682,O01909,P0290,2,397.82,10
I04683,O01235,P0414,4,104.58,0
I04684,O00167,P0253,4,1390.62,0
I04685,O00842,P0099,5,849.83,20
I04686,O01174,P0465,3,413.16,0
I04687,O01911,P0067,4,106.53,0
I04688,O00804,P0169,3,731.29,25
I04689,O01300,P0415,5,300.97,30
I04690,O00918,P0165,4,771.96,25
I04691,O01142,P0133,4,961.86,15
I04692,O01367,P0235,4,1132.82,0
I04693,O00460,P0005,3,997.35,10
I04694,O01727,P0483,-5,159.26,20
I04695,O01725,P0347,2,547.81,0
I04696,O01558,P0328,2,506.0,0
I04697,O00542,P0117,5,692.98,15
I04698,O01486,P0384,4,295.64,10
I04699,O01024,P0468,3,1024.01,10
I04700,O00619,P0060,5,571.58,10
I04701,O00089,P0460,5,195.14,10
I04702,O00899,P0359,2,1330.49,0
I04703,O00706,P0278,4,452.63,0
I04704,O00593,P0439,2,282.02,20
I04705,O01597,P0027,5,891.46,10
I04706,O01823,P0419,3,1026.51,20
I04707,O00216,P0212,1,296.45,0
I04708,O01180,P0248,4,917.52,15
I04709,O00742,P0158,3,92.12,10
I04710,O00307,P0215,5,413.76,30
I04711,O00341,P0405,4,915.34,30
I04712,O00692,P0108,3,45.42,0
I04713,O00022,P0389,5,861.3,25
I04714,O00779,P0133,5,1344.43,10
I04715,O01727,P0380,4,642.21,15
I04716,O01224,P0371,2,17.73,15
I04717,O00271,P0035,4,842.81,25
I04718,O01572,P0244,4,883.99,20
I04719,O01221,P0456,3,885.08,20
I04720,O00421,P0021,5,607.23,30
I04721,O00296,P0458,4,967.51,5
I04722,O00377,P0255,4,546.14,0
I04723,O00113,P0481,-4,877.64,5
I04724,O01135,P0184,5,724.25,15
I04725,O01625,P0089,1,992.77,15
I04726,O01338,P0277,2,260.7,10
I04727,O00395,P0104,2,515.21,0
I04728,O01264,P0404,5,464.76,5
I04729,O00047,P0130,4,401.29,0
I04730,O01941,P0428,4,185.86,30
I04731,O00465,P0499,1,301.06,15
I04732,O00268,P0314,2,723.43,10
I04733,O00803,P0225,3,994.49,0
I04734,O00280,P0307,5,719.36,10
I04735,O01710,P0125,1,1129.42,0
I04736,O01926,P0403,3,1131.97,10
I04737,O01139,P0272,3,630.93,10
I04738,O01940,P0273,3,666.86,5
I04739,O01186,P0055,5,180.16,0
I04740,O00717,P0132,3,324.55,0
I04741,O00664,P0272,2,612.65,20
I04742,O00620,P0211,2,35.56,10
I04743,O00983,P0171,5,549.08,15
I04744,O01968,P0282,4,819.4,25
I04745,O00370,P0204,1,591.81,5
I04746,O00267,P0370,2,59.52,0
I04747,O01879,P0128,4,186.17,0
I04748,O01273,P0462,3,344.28,25
I04749,O01890,P0206,2,155.87,30
I04750,O00270,P0398,5,210.72,20
I04751,O00992,P0290,2,389.53,25
I04752,O01634,P0255,1,487.41,10
I04753,O00635,P0411,5,134.8,10
I04754,O01181,P0409,1,337.6,20
I04755,O00804,P0469,3,587.22,10
I04756,O00481,P0059,2,751.05,0
I04757,O00014,P0278,4,552.99,0
I04758,O01437,P0010,1,44.08,0
I04759,O00694,P0270,1,200.22,0
I04760,O01395,P0481,2,826.08,0
I04761,O01002,P0043,3,857.75,10
I04762,O00137,P0188,4,1414.05,10
I04763,O00282,P0272,1,546.21,0
I04764,O00832,P0445,4,816.39,0
I04765,O01332,P0448,1,759.93,0
I04766,O01395,P0183,5,574.93,20
I04767,O01691,P0130,1,400.56,5
I04768,O00114,P0445,4,769.25,25
I04769,O00599,P0466,5,498.28,5
I04770,O01982,P0104,3,479.36,25
I04771,O01848,P0488,2,300.45,25
I04772,O01449,P0111,1,751.75,15
I04773,O01771,P0026,3,297.82,10
I04774,O00315,P0229,2,820.7,0
I04775,O00549,P0206,5,130.68,10
I04776,O01272,P0257,4,231.77,0
I04777,O01480,P0049,1,279.71,30
I04778,O01735,P0222,-4,182.3,0
I04779,O00718,P0015,1,669.55,30
I04780,O01738,P0067,5,96.72,0
I04781,O00723,P0282,2,882.16,5
I04782,O01986,P0117,5,842.18,20
I04783,O00551,P0431,5,703.82,5
I04784,O00698,P0387,5,375.62,0
I04785,O00704,P0304,5,1343.8,10
I04786,O00256,P0469,1,511.5,15
I04787,O01238,P0432,4,935.46,0
I04788,O01994,P0145,1,1043.43,20
I04789,O00942,P0172,3,922.92,0
I04790,O01874,P0406,2,981.83,10
I04791,O01694,P0288,2,545.74,30
I04792,O00267,P0211,3,27.81,30
I04793,O01118,P0041,2,121.52,0
I04794,O01178,P0092,4,890.99,20
I04795,O01323,P0121,4,878.78,20
I04796,O01540,P0246,-3,1005.64,10
I04797,O00405,P0098,3,311.37,10
I04798,O01063,P0319,4,17.88,0
I04799,O00771,P0310,3,805.48,20
I04800,O00832,P0057,3,577.91,5
I04801,O01386,P0458,1,862.42,0
I04802,O00097,P0315,2,1113.71,10
I04803,O00039,P0476,3,866.9,0
I04804,O01770,P0151,4,1156.08,0
I04805,O00103,P0321,5,520.44,10
I04806,O00859,P0005,3,1086.58,20
I04807,O00262,P0117,3,771.46,0
I04808,O01596,P0208,2,1081.12,0
I04809,O00315,P0188,1,1085.18,5
I04810,O00473,P0212,1,291.21,30
I04811,O01961,P0390,3,673.72,0
I04812,O00681,P0468,2,780.67,20
I04813,O01456,P0124,-1,22.18,20
I04814,O00812,P0095,3,868.19,0
I04815,O01775,P0133,3,1132.85,15
I04816,O00027,P0293,1,71.93,0
I04817,O01881,P0268,5,766.64,5
I04818,O01251,P0112,5,220.27,10
I04819,O00336,P0230,2,425.23,30
I04820,O01709,P0276,3,1248.45,30
I04821,O01867,P0214,4,1092.33,20
I04822,O00723,P0409,2,411.26,30
I04823,O00341,P0011,4,1233.55,0
I04824,O01493,P0380,2,611.48,15
I04825,O01474,P0167,2,639.07,0
I04826,O01177,P0310,1,693.99,0
I04827,O00929,P0222,4,168.0,0
I04828,O00639,P0443,3,1345.73,0
I04829,O00511,P0232,3,252.7,10
I04830,O00108,P0134,3,644.17,0
I04831,O00821,P0329,5,188.33,20
I04832,O01445,P0307,1,668.84,15
I04833,O01662,P0227,3,379.94,30
I04834,O00627,P0116,2,517.25,30
I04835,O00568,P0205,3,1211.52,5
I04836,O01209,P0379,2,865.75,10
I04837,O01143,P0090,2,148.74,10
I04838,O01695,P0234,5,578.17,0
I04839,O00041,P0457,4,861.33,5
I04840,O01289,P0142,2,379.47,0
I04841,O00867,P0093,3,65.76,0
I04842,O00601,P0433,4,1038.42,10
I04843,O01104,P0012,3,962.31,5
I04844,O00323,P0366,1,1068.75,5
I04845,O00664,P0118,1,765.54,15
I04846,O01683,P0025,2,850.34,10
I04847,O00999,P0050,1,1123.64,10
I04848,O01095,P0485,4,513.5,0
I04849,O01980,P0412,3,403.24,0
I04850,O01834,P0140,3,520.46,10
I04851,O00162,P0202,5,451.88,30
I04852,O00763,P0081,1,248.22,0
I04853,O01641,P0165,1,780.26,20
I04854,O01201,P0395,1,69.06,5
I04855,O01995,P0422,-3,633.62,0
I04856,O00458,P0179,3,919.12,30
I04857,O01561,P0493,1,405.27,30
I04858,O00226,P0366,3,1089.82,20
I04859,O00734,P0440,4,275.77,0
I04860,O00886,P0458,2,1003.95,0
I04861,O01331,P0491,2,971.33,10
I04862,O01721,P0210,4,1073.77,0
I04863,O01732,P0382,1,762.02,25
I04864,O01943,P0337,4,1106.02,5
I04865,O01790,P0162,1,282.31,20
I04866,O00641,P0224,1,1169.62,10
I04867,O01244,P0079,5,181.94,15
I04868,O01368,P0257,4,240.77,30
I04869,O00159,P0229,3,678.15,5
I04870,O01975,P0352,4,288.39,0
I04871,O00087,P0468,5,1090.3,0
I04872,O01877,P0056,3,517.93,15
I04873,O99908,P0376,2,526.1,30
I04874,O01052,P0077,5,990.38,25
I04875,O01217,P0286,2,105.0,0
I04876,O01835,P0144,4,828.74,0
I04877,O01137,P0198,5,1017.83,0
I04878,O00969,P0209,5,1330.11,10
I04879,O01403,P0046,3,662.6,15
I04880,O00718,P0477,1,1118.53,30
I04881,O00820,P0196,5,690.0,25
I04882,O00981,P0389,2,844.53,25
I04883,O01945,P0018,-2,247.99,20
I04884,O01483,P0081,5,295.62,0
I04885,O01772,P0345,3,140.78,20
I04886,O00939,P0080,2,92.33,10
I04887,O00955,P0216,5,59.95,5
I04888,O01600,P0373,1,608.19,25
I04889,O00820,P0114,5,42.06,20
I04890,O01557,P0488,5,347.55,30
I04891,O00761,P0322,1,1037.52,10
I04892,O01245,P0178,5,1305.85,5
I04893,O00163,P0211,3,31.71,15
I04894,O00073,P0247,4,520.86,15
I04895,O00856,P0270,4,202.43,10
I04896,O00692,P0036,4,628.97,0
I04897,O00726,P0044,4,42.3,0
I04898,O01630,P0180,3,1174.44,15
I04899,O00510,P0107,1,509.77,25
I04900,O01344,P0025,4,1166.62,5
I04901,O00034,P0302,1,1020.81,0
I04902,O01969,P0179,3,856.08,15
I04903,O00439,P0170,2,848.48,20
I04904,O01628,P0361,2,971.53,0
I04905,O00776,P0347,4,457.38,25
I04906,O01604,P0247,2,485.15,15
I04907,O01122,P0056,4,600.79,0
I04908,O00295,P0007,3,107.19,0
I04909,O01957,P0071,3,1239.36,10
I04910,O00119,P0481,-5,947.08,10
I04911,O01039,P0303,1,439.26,30
I04912,O01727,P0301,2,945.42,30
I04913,O01293,P0434,4,14.6,5
I04914,O00277,P0267,3,1052.53,15
I04915,O00028,P0050,2,953.38,10
I04916,O01582,P0128,1,162.86,0
I04917,O00597,P0016,2,756.68,10
I04918,O01267,P0081,2,273.74,0
I04919,O01463,P0252,3,735.9,0
I04920,O01160,P0225,4,1172.37,10
I04921,O00794,P0139,2,1025.25,25
I04922,O00399,P0318,3,1010.36,0
I04923,O00774,P0268,2,881.59,0
I04924,O01594,P0173,3,247.1,15
I04925,O00261,P0029,2,705.5,0
I04926,O01954,P0067,3,105.15,0
I04927,O00959,P0191,4,1004.44,0
I04928,O01351,P0095,3,726.5,25
I04929,O01692,P0289,3,188.31,0
I04930,O01289,P0473,2,421.43,25
I04931,O00690,P0452,1,1291.13,15
I04932,O01454,P0207,5,527.11,0
I04933,O01187,P0436,2,465.03,20
I04934,O01580,P0270,3,205.5,20
I04935,O01196,P0326,5,1203.94,15
I04936,O00170,P0410,3,146.18,0
I04937,O00662,P0243,5,851.39,10
I04938,O00031,P0156,2,151.07,0
I04939,O01422,P0410,5,198.38,0
I04940,O01713,P0129,4,1013.02,5
I04941,O01779,P0371,4,14.17,5
I04942,O00752,P0237,1,689.23,5
I04943,O01712,P0483,1,111.79,25
I04944,O00779,P0017,4,1181.45,30
I04945,O00540,P0416,1,594.29,30
I04946,O01176,P0391,4,129.8,0
I04947,O00541,P0197,4,593.89,0
I04948,O01707,P0448,1,770.68,0
I04949,O01638,P0418,5,1199.16,0
I04950,O01942,P0376,4,581.14,30
I04951,O01488,P0074,-4,1172.85,15
I04952,O01592,P0287,2,862.93,10
I04953,O00452,P0033,3,1372.36,0
I04954,O01548,P0144,1,619.72,25
I04955,O01757,P0054,5,365.42,0
I04956,O00701,P0160,1,498.92,5
I04957,O00238,P0081,4,242.31,30
I04958,O00639,P0343,4,767.71,0
I04959,O00003,P0258,5,102.19,10
I04960,O01849,P0406,4,678.52,20
I04961,O01675,P0052,5,946.58,20
I04962,O00045,P0270,2,178.09,0
I04963,O00725,P0135,4,190.98,10
I04964,O01939,P0162,2,327.65,20
I04965,O00968,P0168,5,547.09,10
I04966,O01487,P0405,3,765.79,0
I04967,O01920,P0114,4,45.45,10
I04968,O01190,P0133,5,1190.55,25
I04969,O01931,P0231,2,396.82,5
I04970,O00469,P0312,4,336.08,30
I04971,O01671,P0148,4,599.87,10
I04972,O00790,P0037,1,904.84,5
I04973,O01657,P0086,4,880.41,10
I04974,O01440,P0120,5,938.37,0
I04975,O01942,P0179,4,842.43,5
I04976,O00075,P0045,1,1225.51,0
I04977,O01319,P0274,-3,1020.79,10
I04978,O00340,P0209,3,1249.38,5
I04979,O01907,P0203,3,431.98,0
I04980,O00596,P0032,5,1059.26,15
I04981,O01796,P0238,5,701.4,15
I04982,O01196,P0397,5,628.57,30
I04983,O01059,P0140,1,606.77,20
I04984,O00505,P0007,4,108.93,0
I04985,O01887,P0013,4,433.3,20
I04986,O00911,P0003,4,627.73,5
I04987,O01176,P0335,3,673.4,30
I04988,O01671,P0102,1,1099.84,20
I04989,O01908,P0271,-1,590.31,20
I04990,O01555,P0055,4,219.08,0
I04991,O00049,P0019,2,742.26,0
I04992,O00177,P0138,3,165.24,10
I04993,O00917,P0435,3,268.75,5
I04994,O01356,P0119,5,1033.97,10
I04995,O00834,P0340,3,965.57,10
I04996,O01163,P0482,1,285.03,20
I04997,O01677,P0398,2,219.15,5
I04998,O00003,P0185,1,134.26,10
I04999,O01200,P0317,5,1222.83,0
I05000,O00713,P0197,2,748.03,15
